PONumber,POLine,SupplierID,SKU,NodeID,OrderDate,PromisedDate,ReceivedDate,QtyOrdered,QtyReceived,QtyRejected,UnitCost,Status
PO-480028,31,SUP-103,B000000,YYZ4,2025-03-05,2025-03-17,2025-03-15,102,102,0,5.35,Received
PO-480028,32,SUP-103,B000024,YYC1,2025-03-05,2025-03-17,2025-03-15,348,348,3,24.8,Received
PO-480028,40,SUP-103,B000079,YYZ4,2025-03-05,2025-03-17,2025-03-15,64,64,0,12.85,Received
PO-480028,35,SUP-103,B000119,YYC1,2025-03-05,2025-03-17,2025-03-15,12,12,0,15.29,Received
PO-480028,38,SUP-103,B000273,YUL5,2025-03-05,2025-03-17,2025-03-15,32,32,0,23.72,Received
PO-480028,39,SUP-103,B000278,YYZ4,2025-03-05,2025-03-17,2025-03-15,48,48,0,38.05,Received
PO-480028,37,SUP-103,B000291,YUL5,2025-03-05,2025-03-17,2025-03-15,72,72,0,17.87,Received
PO-480028,33,SUP-103,B000295,YVR2,2025-03-05,2025-03-17,2025-03-15,16,16,0,18.76,Received
PO-480028,30,SUP-103,B000353,YYC1,2025-03-05,2025-03-17,2025-03-15,9,9,0,13.18,Received
PO-480028,34,SUP-103,B000374,YYC1,2025-03-05,2025-03-17,2025-03-15,39,39,0,10.68,Received
PO-480028,36,SUP-103,B000399,YVR2,2025-03-05,2025-03-17,2025-03-15,16,16,0,19.26,Received
PO-480235,75,SUP-111,B000015,YEG3,2025-03-05,2025-03-12,2025-03-11,80,65,0,3.74,Received
PO-480235,82,SUP-111,B000019,YYC1,2025-03-05,2025-03-12,2025-03-11,617,617,3,12.51,Received
PO-480235,76,SUP-111,B000062,YUL5,2025-03-05,2025-03-12,2025-03-11,144,144,0,13.09,Received
PO-480235,81,SUP-111,B000065,YHZ1,2025-03-05,2025-03-12,2025-03-11,128,128,1,8.16,Received
PO-480235,78,SUP-111,B000100,YUL5,2025-03-05,2025-03-12,2025-03-11,84,84,0,2.0,Received
PO-480235,80,SUP-111,B000111,YEG3,2025-03-05,2025-03-12,2025-03-11,48,48,0,11.26,Received
PO-480235,79,SUP-111,B000123,YUL5,2025-03-05,2025-03-12,2025-03-11,72,72,0,11.77,Received
PO-480235,70,SUP-111,B000147,YEG3,2025-03-05,2025-03-12,2025-03-11,175,175,0,34.39,Received
PO-480235,71,SUP-111,B000187,YYZ4,2025-03-05,2025-03-12,2025-03-11,384,384,1,18.92,Received
PO-480235,74,SUP-111,B000191,YVR2,2025-03-05,2025-03-12,2025-03-11,4,4,0,12.14,Received
PO-480235,73,SUP-111,B000203,YYZ4,2025-03-05,2025-03-12,2025-03-11,220,199,1,5.75,Received
PO-480235,69,SUP-111,B000351,YVR2,2025-03-05,2025-03-12,2025-03-11,400,400,1,7.71,Received
PO-480235,77,SUP-111,B000404,YHZ1,2025-03-05,2025-03-12,2025-03-11,176,176,0,6.26,Received
PO-480235,72,SUP-111,B000418,YYZ4,2025-03-05,2025-03-12,2025-03-11,720,720,0,20.14,Received
PO-480463,34,SUP-120,B000012,YEG3,2025-03-05,2025-03-11,2025-03-10,40,40,0,9.46,Received
PO-480463,29,SUP-120,B000052,YEG3,2025-03-05,2025-03-11,2025-03-10,509,509,1,3.12,Received
PO-480463,28,SUP-120,B000195,YYZ4,2025-03-05,2025-03-11,2025-03-10,16,16,0,6.65,Received
PO-480463,35,SUP-120,B000196,YYZ4,2025-03-05,2025-03-11,2025-03-10,3,3,0,7.3,Received
PO-480463,32,SUP-120,B000197,YUL5,2025-03-05,2025-03-11,2025-03-10,138,138,1,7.26,Received
PO-480463,27,SUP-120,B000199,YWG2,2025-03-05,2025-03-11,2025-03-10,56,56,0,17.21,Received
PO-480463,31,SUP-120,B000269,YYZ4,2025-03-05,2025-03-11,2025-03-10,24,24,0,2.24,Received
PO-480463,33,SUP-120,B000310,YYZ4,2025-03-05,2025-03-11,2025-03-10,40,40,0,2.96,Received
PO-480463,30,SUP-120,B000338,YUL5,2025-03-05,2025-03-11,2025-03-10,592,592,1,3.88,Received
PO-480463,36,SUP-120,B000365,YUL5,2025-03-05,2025-03-11,2025-03-10,66,66,0,4.97,Received
PO-480029,46,SUP-103,B000000,YHZ1,2025-03-06,2025-03-18,2025-03-18,166,166,2,5.35,Received
PO-480029,47,SUP-103,B000006,YUL5,2025-03-06,2025-03-18,2025-03-18,36,36,0,10.47,Received
PO-480029,51,SUP-103,B000024,YWG2,2025-03-06,2025-03-18,2025-03-18,324,324,4,24.8,Received
PO-480029,48,SUP-103,B000119,YYC1,2025-03-06,2025-03-18,2025-03-18,24,21,0,15.29,Received
PO-480029,41,SUP-103,B000133,YVR2,2025-03-06,2025-03-18,2025-03-18,8,8,0,15.18,Received
PO-480029,54,SUP-103,B000178,YWG2,2025-03-06,2025-03-18,2025-03-18,912,756,4,27.42,Received
PO-480029,56,SUP-103,B000194,YEG3,2025-03-06,2025-03-18,2025-03-18,80,80,0,12.16,Received
PO-480029,53,SUP-103,B000246,YVR2,2025-03-06,2025-03-18,2025-03-18,12,12,0,48.07,Received
PO-480029,43,SUP-103,B000273,YHZ1,2025-03-06,2025-03-18,2025-03-18,32,28,0,23.72,Received
PO-480029,50,SUP-103,B000312,YWG2,2025-03-06,2025-03-18,2025-03-18,303,303,1,11.5,Received
PO-480029,44,SUP-103,B000348,YYZ4,2025-03-06,2025-03-18,2025-03-18,1144,1144,0,9.96,Received
PO-480029,42,SUP-103,B000353,YVR2,2025-03-06,2025-03-18,2025-03-18,7,7,0,13.18,Received
PO-480029,49,SUP-103,B000382,YWG2,2025-03-06,2025-03-18,2025-03-18,1427,1427,18,9.75,Received
PO-480029,55,SUP-103,B000387,YEG3,2025-03-06,2025-03-18,2025-03-18,312,312,2,40.99,Received
PO-480029,52,SUP-103,B000399,YYZ4,2025-03-06,2025-03-18,2025-03-18,40,40,0,19.26,Received
PO-480029,45,SUP-103,B000413,YWG2,2025-03-06,2025-03-18,2025-03-18,168,168,0,27.73,Received
PO-480145,19,SUP-106,B000029,YEG3,2025-03-06,2025-03-30,2025-04-17,216,192,3,12.43,Received
PO-480145,20,SUP-106,B000098,YYZ4,2025-03-06,2025-03-30,2025-04-17,24,24,0,13.55,Received
PO-480145,13,SUP-106,B000127,YYZ4,2025-03-06,2025-03-30,2025-04-17,36,36,0,15.81,Received
PO-480145,21,SUP-106,B000142,YUL5,2025-03-06,2025-03-30,2025-04-17,246,246,4,12.57,Received
PO-480145,15,SUP-106,B000202,YUL5,2025-03-06,2025-03-30,2025-04-17,1868,1868,12,26.75,Received
PO-480145,16,SUP-106,B000255,YYZ4,2025-03-06,2025-03-30,2025-04-17,24,24,0,18.41,Received
PO-480145,17,SUP-106,B000294,YHZ1,2025-03-06,2025-03-30,2025-04-17,1152,1152,33,42.52,Received
PO-480145,22,SUP-106,B000301,YYC1,2025-03-06,2025-03-30,2025-04-17,72,58,2,37.32,Received
PO-480145,18,SUP-106,B000378,YHZ1,2025-03-06,2025-03-30,2025-04-17,13176,13176,72,9.25,Received
PO-480145,14,SUP-106,B000383,YUL5,2025-03-06,2025-03-30,2025-04-17,272,222,4,12.08,Received
PO-480313,31,SUP-113,B000009,YYC1,2025-03-06,2025-03-22,2025-03-25,94,94,1,15.41,Received
PO-480313,29,SUP-113,B000028,YYZ4,2025-03-06,2025-03-22,2025-03-25,18,18,0,33.32,Received
PO-480313,40,SUP-113,B000030,YUL5,2025-03-06,2025-03-22,2025-03-25,72,72,0,26.33,Received
PO-480313,27,SUP-113,B000059,YEG3,2025-03-06,2025-03-22,2025-03-25,156,156,0,55.06,Received
PO-480313,41,SUP-113,B000063,YYZ4,2025-03-06,2025-03-22,2025-03-25,95,95,1,20.49,Received
PO-480313,28,SUP-113,B000070,YYC1,2025-03-06,2025-03-22,2025-03-25,724,724,5,8.73,Received
PO-480313,26,SUP-113,B000106,YYZ4,2025-03-06,2025-03-22,2025-03-25,264,264,1,11.64,Received
PO-480313,37,SUP-113,B000135,YYC1,2025-03-06,2025-03-22,2025-03-25,48,48,0,13.09,Received
PO-480313,38,SUP-113,B000136,YYZ4,2025-03-06,2025-03-22,2025-03-25,16,16,0,38.25,Received
PO-480313,35,SUP-113,B000154,YYZ4,2025-03-06,2025-03-22,2025-03-25,120,120,1,6.27,Received
PO-480313,34,SUP-113,B000182,YYZ4,2025-03-06,2025-03-22,2025-03-25,752,752,5,8.68,Received
PO-480313,30,SUP-113,B000186,YEG3,2025-03-06,2025-03-22,2025-03-25,24,24,0,7.27,Received
PO-480313,39,SUP-113,B000198,YYC1,2025-03-06,2025-03-22,2025-03-25,132,132,1,27.58,Received
PO-480313,32,SUP-113,B000231,YHZ1,2025-03-06,2025-03-22,2025-03-25,42,42,0,17.01,Received
PO-480313,36,SUP-113,B000334,YVR2,2025-03-06,2025-03-22,2025-03-25,17,17,0,8.22,Received
PO-480313,42,SUP-113,B000395,YHZ1,2025-03-06,2025-03-22,2025-03-25,16,16,0,9.53,Received
PO-480313,33,SUP-113,B000406,YYC1,2025-03-06,2025-03-22,2025-03-25,90,90,1,12.22,Received
PO-480421,47,SUP-118,B000083,YYC1,2025-03-07,2025-04-08,2025-04-12,110,110,1,25.64,Received
PO-480421,49,SUP-118,B000156,YHZ1,2025-03-07,2025-04-08,2025-04-12,2316,2316,2,14.32,Received
PO-480421,48,SUP-118,B000170,YHZ1,2025-03-07,2025-04-08,2025-04-12,8,8,0,6.35,Received
PO-480421,51,SUP-118,B000221,YYC1,2025-03-07,2025-04-08,2025-04-12,70,70,1,45.14,Received
PO-480421,53,SUP-118,B000243,YWG2,2025-03-07,2025-04-08,2025-04-12,400,400,5,45.01,Received
PO-480421,52,SUP-118,B000311,YYC1,2025-03-07,2025-04-08,2025-04-12,91,91,1,23.78,Received
PO-480421,54,SUP-118,B000327,YYZ4,2025-03-07,2025-04-08,2025-04-12,42,42,1,45.86,Received
PO-480421,50,SUP-118,B000414,YVR2,2025-03-07,2025-04-08,2025-04-12,816,646,4,32.56,Received
PO-480406,84,SUP-117,B000036,YUL5,2025-03-08,2025-04-17,2025-06-08,93,93,3,29.55,Received
PO-480406,81,SUP-117,B000058,YUL5,2025-03-08,2025-04-17,2025-06-08,468,468,9,12.88,Received
PO-480406,80,SUP-117,B000128,YYZ4,2025-03-08,2025-04-17,2025-06-08,4248,4248,38,12.39,Received
PO-480406,72,SUP-117,B000149,YYZ4,2025-03-08,2025-04-17,2025-06-08,65,65,2,23.03,Received
PO-480406,79,SUP-117,B000162,YYZ4,2025-03-08,2025-04-17,2025-06-08,792,792,6,11.86,Received
PO-480406,86,SUP-117,B000169,YHZ1,2025-03-08,2025-04-17,2025-06-08,8334,8334,247,31.28,Received
PO-480406,83,SUP-117,B000188,YYZ4,2025-03-08,2025-04-17,2025-06-08,60,60,0,8.95,Received
PO-480406,74,SUP-117,B000205,YYZ4,2025-03-08,2025-04-17,2025-06-08,28,28,1,6.57,Received
PO-480406,82,SUP-117,B000217,YHZ1,2025-03-08,2025-04-17,2025-06-08,64,64,0,37.59,Received
PO-480406,76,SUP-117,B000245,YVR2,2025-03-08,2025-04-17,2025-06-08,1232,1232,37,2.38,Received
PO-480406,75,SUP-117,B000253,YUL5,2025-03-08,2025-04-17,2025-06-08,376,376,9,5.33,Received
PO-480406,87,SUP-117,B000265,YUL5,2025-03-08,2025-04-17,2025-06-08,300,262,4,5.9,Received
PO-480406,85,SUP-117,B000274,YYC1,2025-03-08,2025-04-17,2025-06-08,96,89,2,20.72,Received
PO-480406,78,SUP-117,B000293,YHZ1,2025-03-08,2025-04-17,2025-06-08,607,607,2,14.75,Received
PO-480406,73,SUP-117,B000342,YYZ4,2025-03-08,2025-04-17,2025-06-08,60,60,1,3.2,Received
PO-480406,77,SUP-117,B000402,YYZ4,2025-03-08,2025-04-17,2025-06-08,73,73,2,12.23,Received
PO-480464,47,SUP-120,B000008,YUL5,2025-03-08,2025-03-14,2025-03-14,128,128,1,3.7,Received
PO-480464,38,SUP-120,B000012,YYZ4,2025-03-08,2025-03-14,2025-03-14,96,96,0,9.46,Received
PO-480464,44,SUP-120,B000195,YYZ4,2025-03-08,2025-03-14,2025-03-14,32,32,0,6.65,Received
PO-480464,40,SUP-120,B000199,YYC1,2025-03-08,2025-03-14,2025-03-14,96,96,0,17.21,Received
PO-480464,37,SUP-120,B000210,YEG3,2025-03-08,2025-03-14,2025-03-14,84,84,0,2.12,Received
PO-480464,39,SUP-120,B000250,YYZ4,2025-03-08,2025-03-14,2025-03-14,48,48,0,3.15,Received
PO-480464,46,SUP-120,B000269,YYZ4,2025-03-08,2025-03-14,2025-03-14,24,24,0,2.24,Received
PO-480464,45,SUP-120,B000310,YYZ4,2025-03-08,2025-03-14,2025-03-14,52,52,0,2.96,Received
PO-480464,41,SUP-120,B000321,YYC1,2025-03-08,2025-03-14,2025-03-14,28,28,0,8.49,Received
PO-480464,43,SUP-120,B000338,YUL5,2025-03-08,2025-03-14,2025-03-14,696,570,2,3.88,Received
PO-480464,42,SUP-120,B000365,YUL5,2025-03-08,2025-03-14,2025-03-14,66,66,0,4.97,Received
PO-480067,39,SUP-104,B000054,YVR2,2025-03-10,2025-03-20,2025-03-18,32,32,0,12.38,Received
PO-480067,43,SUP-104,B000060,YWG2,2025-03-10,2025-03-20,2025-03-18,1164,1164,8,14.56,Received
PO-480067,35,SUP-104,B000077,YYZ4,2025-03-10,2025-03-20,2025-03-18,192,192,0,55.44,Received
PO-480067,42,SUP-104,B000093,YYC1,2025-03-10,2025-03-20,2025-03-18,24,24,0,3.57,Received
PO-480067,34,SUP-104,B000140,YYZ4,2025-03-10,2025-03-20,2025-03-18,132,132,1,5.15,Received
PO-480067,33,SUP-104,B000214,YUL5,2025-03-10,2025-03-20,2025-03-18,96,96,1,9.98,Received
PO-480067,44,SUP-104,B000233,YEG3,2025-03-10,2025-03-20,2025-03-18,36,34,0,30.93,Received
PO-480067,38,SUP-104,B000257,YYZ4,2025-03-10,2025-03-20,2025-03-18,1116,1116,8,12.7,Received
PO-480067,41,SUP-104,B000290,YWG2,2025-03-10,2025-03-20,2025-03-18,240,227,2,2.29,Received
PO-480067,37,SUP-104,B000371,YYZ4,2025-03-10,2025-03-20,2025-03-18,24,24,0,9.71,Received
PO-480067,40,SUP-104,B000388,YUL5,2025-03-10,2025-03-20,2025-03-18,48,48,0,19.55,Received
PO-480067,36,SUP-104,B000417,YYZ4,2025-03-10,2025-03-20,2025-03-18,6,6,0,17.43,Received
PO-480030,65,SUP-103,B000000,YYZ4,2025-03-11,2025-03-23,2025-03-23,30,30,0,5.35,Received
PO-480030,63,SUP-103,B000024,YHZ1,2025-03-11,2025-03-23,2025-03-23,240,226,3,24.8,Received
PO-480030,61,SUP-103,B000079,YWG2,2025-03-11,2025-03-23,2025-03-23,64,64,0,12.85,Received
PO-480030,57,SUP-103,B000133,YYZ4,2025-03-11,2025-03-23,2025-03-23,8,8,0,15.18,Received
PO-480030,60,SUP-103,B000273,YHZ1,2025-03-11,2025-03-23,2025-03-23,32,32,0,23.72,Received
PO-480030,64,SUP-103,B000312,YYC1,2025-03-11,2025-03-23,2025-03-23,173,173,2,11.5,Received
PO-480030,62,SUP-103,B000348,YYZ4,2025-03-11,2025-03-23,2025-03-23,720,720,5,9.96,Received
PO-480030,58,SUP-103,B000382,YWG2,2025-03-11,2025-03-23,2025-03-23,1652,1504,5,9.75,Received
PO-480030,59,SUP-103,B000413,YVR2,2025-03-11,2025-03-23,2025-03-23,48,48,0,27.73,Received
PO-480068,55,SUP-104,B000054,YVR2,2025-03-11,2025-03-21,2025-03-20,32,29,0,12.38,Received
PO-480068,47,SUP-104,B000060,YVR2,2025-03-11,2025-03-21,2025-03-20,108,108,1,14.56,Received
PO-480068,45,SUP-104,B000077,YYZ4,2025-03-11,2025-03-21,2025-03-20,192,192,1,55.44,Received
PO-480068,57,SUP-104,B000088,YYZ4,2025-03-11,2025-03-21,2025-03-20,80,80,0,22.27,Received
PO-480068,48,SUP-104,B000093,YYZ4,2025-03-11,2025-03-21,2025-03-20,24,24,0,3.57,Received
PO-480068,59,SUP-104,B000140,YYC1,2025-03-11,2025-03-21,2025-03-20,60,60,0,5.15,Received
PO-480068,52,SUP-104,B000150,YUL5,2025-03-11,2025-03-21,2025-03-20,8,8,0,2.47,Received
PO-480068,49,SUP-104,B000168,YVR2,2025-03-11,2025-03-21,2025-03-20,120,120,0,8.87,Received
PO-480068,46,SUP-104,B000214,YYZ4,2025-03-11,2025-03-21,2025-03-20,96,96,0,9.98,Received
PO-480068,58,SUP-104,B000256,YHZ1,2025-03-11,2025-03-21,2025-03-20,96,96,1,17.41,Received
PO-480068,56,SUP-104,B000257,YVR2,2025-03-11,2025-03-21,2025-03-20,2060,2060,11,12.7,Received
PO-480068,50,SUP-104,B000388,YWG2,2025-03-11,2025-03-21,2025-03-20,12,12,0,19.55,Received
PO-480068,51,SUP-104,B000390,YYZ4,2025-03-11,2025-03-21,2025-03-20,138,110,0,10.78,Received
PO-480068,54,SUP-104,B000412,YEG3,2025-03-11,2025-03-21,2025-03-20,708,571,4,5.35,Received
PO-480068,53,SUP-104,B000417,YYC1,2025-03-11,2025-03-21,2025-03-20,6,6,0,17.43,Received
PO-480363,58,SUP-115,B000034,YEG3,2025-03-11,2025-04-13,2025-04-28,496,496,3,72.97,Received
PO-480363,68,SUP-115,B000035,YUL5,2025-03-11,2025-04-13,2025-04-28,48,48,1,30.33,Received
PO-480363,66,SUP-115,B000040,YYZ4,2025-03-11,2025-04-13,2025-04-28,397,397,5,78.85,Received
PO-480363,64,SUP-115,B000047,YUL5,2025-03-11,2025-04-13,2025-04-28,318,318,4,63.07,Received
PO-480363,54,SUP-115,B000051,YVR2,2025-03-11,2025-04-13,2025-04-28,215,215,1,17.69,Received
PO-480363,52,SUP-115,B000053,YYZ4,2025-03-11,2025-04-13,2025-04-28,30,30,0,15.69,Received
PO-480363,63,SUP-115,B000057,YYZ4,2025-03-11,2025-04-13,2025-04-28,88,69,1,20.35,Received
PO-480363,67,SUP-115,B000099,YVR2,2025-03-11,2025-04-13,2025-04-28,125,125,1,120.32,Received
PO-480363,59,SUP-115,B000126,YYZ4,2025-03-11,2025-04-13,2025-04-28,180,180,2,5.33,Received
PO-480363,53,SUP-115,B000157,YYZ4,2025-03-11,2025-04-13,2025-04-28,60,60,0,58.52,Received
PO-480363,65,SUP-115,B000241,YEG3,2025-03-11,2025-04-13,2025-04-28,580,499,5,43.91,Received
PO-480363,57,SUP-115,B000244,YYZ4,2025-03-11,2025-04-13,2025-04-28,360,360,2,31.25,Received
PO-480363,62,SUP-115,B000287,YVR2,2025-03-11,2025-04-13,2025-04-28,76,71,0,94.57,Received
PO-480363,60,SUP-115,B000315,YYC1,2025-03-11,2025-04-13,2025-04-28,244,244,3,68.19,Received
PO-480363,61,SUP-115,B000328,YWG2,2025-03-11,2025-04-13,2025-04-28,47,47,1,28.33,Received
PO-480363,55,SUP-115,B000359,YYC1,2025-03-11,2025-04-13,2025-04-28,408,408,2,69.57,Received
PO-480363,56,SUP-115,B000377,YUL5,2025-03-11,2025-04-13,2025-04-28,44,44,0,61.98,Received
PO-480016,71,SUP-102,B000046,YEG3,2025-03-12,2025-04-27,2025-04-27,1476,1476,42,14.59,Received
PO-480016,73,SUP-102,B000048,YYC1,2025-03-12,2025-04-27,2025-04-27,204,204,7,31.84,Received
PO-480016,82,SUP-102,B000074,YYZ4,2025-03-12,2025-04-27,2025-04-27,688,688,19,11.14,Received
PO-480016,70,SUP-102,B000075,YWG2,2025-03-12,2025-04-27,2025-04-27,1426,1426,42,56.39,Received
PO-480016,81,SUP-102,B000080,YUL5,2025-03-12,2025-04-27,2025-04-27,125,125,5,21.75,Received
PO-480016,78,SUP-102,B000089,YEG3,2025-03-12,2025-04-27,2025-04-27,1608,1608,86,29.26,Received
PO-480016,80,SUP-102,B000090,YUL5,2025-03-12,2025-04-27,2025-04-27,2220,2220,64,30.31,Received
PO-480016,83,SUP-102,B000190,YHZ1,2025-03-12,2025-04-27,2025-04-27,3756,3756,102,24.81,Received
PO-480016,75,SUP-102,B000212,YHZ1,2025-03-12,2025-04-27,2025-04-27,1352,1180,66,38.08,Received
PO-480016,74,SUP-102,B000225,YUL5,2025-03-12,2025-04-27,2025-04-27,408,408,16,72.79,Received
PO-480016,77,SUP-102,B000236,YYZ4,2025-03-12,2025-04-27,2025-04-27,600,600,27,6.13,Received
PO-480016,79,SUP-102,B000280,YVR2,2025-03-12,2025-04-27,2025-04-27,1800,1617,91,18.32,Received
PO-480016,69,SUP-102,B000306,YUL5,2025-03-12,2025-04-27,2025-04-27,768,768,30,64.71,Received
PO-480016,76,SUP-102,B000317,YVR2,2025-03-12,2025-04-27,2025-04-27,88,88,0,16.4,Received
PO-480016,72,SUP-102,B000322,YYZ4,2025-03-12,2025-04-27,2025-04-27,1920,1920,13,12.01,Received
PO-480016,68,SUP-102,B000373,YYZ4,2025-03-12,2025-04-27,2025-04-27,1348,1348,30,146.03,Received
PO-480171,41,SUP-107,B000014,YEG3,2025-03-12,2025-04-15,2025-04-11,528,528,1,22.31,Received
PO-480171,52,SUP-107,B000044,YWG2,2025-03-12,2025-04-15,2025-04-11,504,504,5,49.42,Received
PO-480171,46,SUP-107,B000064,YYZ4,2025-03-12,2025-04-15,2025-04-11,382,382,3,40.08,Received
PO-480171,55,SUP-107,B000085,YVR2,2025-03-12,2025-04-15,2025-04-11,84,84,1,85.16,Received
PO-480171,51,SUP-107,B000104,YYZ4,2025-03-12,2025-04-15,2025-04-11,84,82,1,16.04,Received
PO-480171,48,SUP-107,B000114,YVR2,2025-03-12,2025-04-15,2025-04-11,60,54,1,74.15,Received
PO-480171,50,SUP-107,B000117,YEG3,2025-03-12,2025-04-15,2025-04-11,108,99,1,10.32,Received
PO-480171,47,SUP-107,B000121,YYZ4,2025-03-12,2025-04-15,2025-04-11,23,23,0,27.65,Received
PO-480171,44,SUP-107,B000148,YUL5,2025-03-12,2025-04-15,2025-04-11,204,204,0,21.53,Received
PO-480171,54,SUP-107,B000173,YVR2,2025-03-12,2025-04-15,2025-04-11,288,288,1,20.12,Received
PO-480171,49,SUP-107,B000200,YHZ1,2025-03-12,2025-04-15,2025-04-11,36,36,0,42.44,Received
PO-480171,53,SUP-107,B000336,YYZ4,2025-03-12,2025-04-15,2025-04-11,18,18,0,61.89,Received
PO-480171,42,SUP-107,B000350,YYC1,2025-03-12,2025-04-15,2025-04-11,192,192,2,48.35,Received
PO-480171,43,SUP-107,B000356,YEG3,2025-03-12,2025-04-15,2025-04-11,120,120,1,30.35,Received
PO-480171,45,SUP-107,B000394,YYC1,2025-03-12,2025-04-15,2025-04-11,1332,1332,9,19.24,Received
PO-480349,45,SUP-114,B000139,YYZ4,2025-03-12,2025-04-25,2025-05-10,16,16,1,53.47,Received
PO-480349,49,SUP-114,B000193,YYC1,2025-03-12,2025-04-25,2025-05-10,132,132,8,39.69,Received
PO-480349,44,SUP-114,B000227,YYZ4,2025-03-12,2025-04-25,2025-05-10,24,19,0,55.69,Received
PO-480349,46,SUP-114,B000270,YHZ1,2025-03-12,2025-04-25,2025-05-10,78,78,3,42.84,Received
PO-480349,48,SUP-114,B000302,YYZ4,2025-03-12,2025-04-25,2025-05-10,16,16,0,37.95,Received
PO-480349,47,SUP-114,B000345,YHZ1,2025-03-12,2025-04-25,2025-05-10,384,301,12,58.25,Received
PO-480236,88,SUP-111,B000005,YYC1,2025-03-13,2025-03-20,2025-03-19,24,24,0,11.5,Received
PO-480236,94,SUP-111,B000015,YWG2,2025-03-13,2025-03-20,2025-03-19,144,134,0,3.74,Received
PO-480236,95,SUP-111,B000019,YYZ4,2025-03-13,2025-03-20,2025-03-19,769,745,0,12.51,Received
PO-480236,91,SUP-111,B000062,YYC1,2025-03-13,2025-03-20,2025-03-19,576,576,1,13.09,Received
PO-480236,92,SUP-111,B000072,YYZ4,2025-03-13,2025-03-20,2025-03-19,160,160,0,16.47,Received
PO-480236,90,SUP-111,B000102,YYZ4,2025-03-13,2025-03-20,2025-03-19,600,600,3,4.23,Received
PO-480236,84,SUP-111,B000109,YYZ4,2025-03-13,2025-03-20,2025-03-19,72,63,0,27.2,Received
PO-480236,96,SUP-111,B000123,YYZ4,2025-03-13,2025-03-20,2025-03-19,120,120,0,11.77,Received
PO-480236,85,SUP-111,B000145,YYC1,2025-03-13,2025-03-20,2025-03-19,48,48,0,13.18,Received
PO-480236,93,SUP-111,B000187,YYC1,2025-03-13,2025-03-20,2025-03-19,96,96,0,18.92,Received
PO-480236,89,SUP-111,B000191,YYZ4,2025-03-13,2025-03-20,2025-03-19,12,11,0,12.14,Received
PO-480236,86,SUP-111,B000203,YUL5,2025-03-13,2025-03-20,2025-03-19,308,308,1,5.75,Received
PO-480236,83,SUP-111,B000215,YUL5,2025-03-13,2025-03-20,2025-03-19,904,904,3,17.08,Received
PO-480236,97,SUP-111,B000218,YYC1,2025-03-13,2025-03-20,2025-03-19,56,56,0,3.34,Received
PO-480236,87,SUP-111,B000418,YYC1,2025-03-13,2025-03-20,2025-03-19,192,192,0,20.14,Received
PO-480364,72,SUP-115,B000010,YVR2,2025-03-14,2025-04-16,2025-04-19,1932,1932,0,22.5,Received
PO-480364,70,SUP-115,B000034,YUL5,2025-03-14,2025-04-16,2025-04-19,1372,1372,4,72.97,Received
PO-480364,76,SUP-115,B000099,YVR2,2025-03-14,2025-04-16,2025-04-19,399,399,2,120.32,Received
PO-480364,71,SUP-115,B000116,YEG3,2025-03-14,2025-04-16,2025-04-19,1111,877,4,59.9,Received
PO-480364,80,SUP-115,B000138,YVR2,2025-03-14,2025-04-16,2025-04-19,110,110,1,25.11,Received
PO-480364,79,SUP-115,B000241,YEG3,2025-03-14,2025-04-16,2025-04-19,5596,5253,33,43.91,Received
PO-480364,75,SUP-115,B000244,YWG2,2025-03-14,2025-04-16,2025-04-19,516,516,2,31.25,Received
PO-480364,74,SUP-115,B000287,YUL5,2025-03-14,2025-04-16,2025-04-19,40,40,0,94.57,Received
PO-480364,78,SUP-115,B000300,YYZ4,2025-03-14,2025-04-16,2025-04-19,258,258,0,30.93,Received
PO-480364,77,SUP-115,B000315,YUL5,2025-03-14,2025-04-16,2025-04-19,228,228,1,68.19,Received
PO-480364,73,SUP-115,B000376,YYZ4,2025-03-14,2025-04-16,2025-04-19,480,480,3,94.61,Received
PO-480364,69,SUP-115,B000377,YUL5,2025-03-14,2025-04-16,2025-04-19,24,24,0,61.98,Received
PO-480422,59,SUP-118,B000108,YYC1,2025-03-15,2025-04-16,2025-04-11,728,728,10,27.52,Received
PO-480422,68,SUP-118,B000110,YYZ4,2025-03-15,2025-04-16,2025-04-11,192,192,2,27.06,Received
PO-480422,66,SUP-118,B000155,YYZ4,2025-03-15,2025-04-16,2025-04-11,60,60,1,16.62,Received
PO-480422,67,SUP-118,B000156,YVR2,2025-03-15,2025-04-16,2025-04-11,1074,1074,13,14.32,Received
PO-480422,55,SUP-118,B000166,YWG2,2025-03-15,2025-04-16,2025-04-11,348,348,2,22.72,Received
PO-480422,65,SUP-118,B000170,YYZ4,2025-03-15,2025-04-16,2025-04-11,17,17,0,6.35,Received
PO-480422,57,SUP-118,B000222,YYZ4,2025-03-15,2025-04-16,2025-04-11,432,432,4,12.18,Received
PO-480422,58,SUP-118,B000230,YVR2,2025-03-15,2025-04-16,2025-04-11,456,456,5,10.67,Received
PO-480422,64,SUP-118,B000237,YYZ4,2025-03-15,2025-04-16,2025-04-11,272,272,2,34.69,Received
PO-480422,63,SUP-118,B000238,YHZ1,2025-03-15,2025-04-16,2025-04-11,291,291,1,33.37,Received
PO-480422,56,SUP-118,B000311,YYC1,2025-03-15,2025-04-16,2025-04-11,142,142,1,23.78,Received
PO-480422,61,SUP-118,B000340,YYC1,2025-03-15,2025-04-16,2025-04-11,112,112,1,41.74,Received
PO-480422,62,SUP-118,B000398,YYZ4,2025-03-15,2025-04-16,2025-04-11,172,172,0,25.87,Received
PO-480422,60,SUP-118,B000414,YEG3,2025-03-15,2025-04-16,2025-04-11,432,432,3,32.56,Received
PO-480385,27,SUP-116,B000164,YEG3,2025-03-16,2025-04-20,2025-04-19,248,248,1,52.28,Received
PO-480385,35,SUP-116,B000179,YHZ1,2025-03-16,2025-04-20,2025-04-19,218,218,1,62.15,Received
PO-480385,29,SUP-116,B000185,YHZ1,2025-03-16,2025-04-20,2025-04-19,912,792,0,23.78,Received
PO-480385,30,SUP-116,B000223,YYC1,2025-03-16,2025-04-20,2025-04-19,288,288,1,48.99,Received
PO-480385,34,SUP-116,B000228,YVR2,2025-03-16,2025-04-20,2025-04-19,420,420,1,51.13,Received
PO-480385,32,SUP-116,B000234,YYZ4,2025-03-16,2025-04-20,2025-04-19,41,41,0,68.84,Received
PO-480385,37,SUP-116,B000240,YEG3,2025-03-16,2025-04-20,2025-04-19,1148,1148,6,9.44,Received
PO-480385,39,SUP-116,B000318,YWG2,2025-03-16,2025-04-20,2025-04-19,208,208,0,27.75,Received
PO-480385,36,SUP-116,B000335,YYZ4,2025-03-16,2025-04-20,2025-04-19,196,196,1,57.26,Received
PO-480385,33,SUP-116,B000358,YYZ4,2025-03-16,2025-04-20,2025-04-19,51,51,0,85.05,Received
PO-480385,26,SUP-116,B000360,YEG3,2025-03-16,2025-04-20,2025-04-19,20,20,0,13.52,Received
PO-480385,31,SUP-116,B000375,YVR2,2025-03-16,2025-04-20,2025-04-19,164,164,1,81.72,Received
PO-480385,28,SUP-116,B000384,YVR2,2025-03-16,2025-04-20,2025-04-19,76,76,0,152.21,Received
PO-480385,38,SUP-116,B000401,YYC1,2025-03-16,2025-04-20,2025-04-19,40,40,0,26.64,Received
PO-480069,61,SUP-104,B000060,YYZ4,2025-03-20,2025-03-30,2025-03-30,308,308,2,14.56,Received
PO-480069,63,SUP-104,B000088,YYZ4,2025-03-20,2025-03-30,2025-03-30,192,192,1,22.27,Received
PO-480069,67,SUP-104,B000168,YVR2,2025-03-20,2025-03-30,2025-03-30,306,297,1,8.87,Received
PO-480069,64,SUP-104,B000233,YWG2,2025-03-20,2025-03-30,2025-03-30,24,24,0,30.93,Received
PO-480069,60,SUP-104,B000257,YEG3,2025-03-20,2025-03-30,2025-03-30,1064,1064,1,12.7,Received
PO-480069,65,SUP-104,B000371,YYZ4,2025-03-20,2025-03-30,2025-03-30,42,42,0,9.71,Received
PO-480069,66,SUP-104,B000388,YWG2,2025-03-20,2025-03-30,2025-03-30,42,42,0,19.55,Received
PO-480069,62,SUP-104,B000412,YVR2,2025-03-20,2025-03-30,2025-03-30,1128,1128,7,5.35,Received
PO-480146,37,SUP-106,B000021,YUL5,2025-03-20,2025-04-13,2025-04-16,24,24,0,16.28,Received
PO-480146,28,SUP-106,B000029,YYZ4,2025-03-20,2025-04-13,2025-04-16,416,416,6,12.43,Received
PO-480146,33,SUP-106,B000033,YEG3,2025-03-20,2025-04-13,2025-04-16,24,24,1,25.32,Received
PO-480146,39,SUP-106,B000037,YYC1,2025-03-20,2025-04-13,2025-04-16,174,174,4,22.46,Received
PO-480146,26,SUP-106,B000098,YHZ1,2025-03-20,2025-04-13,2025-04-16,48,48,0,13.55,Received
PO-480146,29,SUP-106,B000101,YYC1,2025-03-20,2025-04-13,2025-04-16,491,491,7,32.63,Received
PO-480146,32,SUP-106,B000127,YEG3,2025-03-20,2025-04-13,2025-04-16,138,138,0,15.81,Received
PO-480146,38,SUP-106,B000239,YYZ4,2025-03-20,2025-04-13,2025-04-16,96,96,2,12.84,Received
PO-480146,30,SUP-106,B000255,YYZ4,2025-03-20,2025-04-13,2025-04-16,24,21,0,18.41,Received
PO-480146,27,SUP-106,B000288,YVR2,2025-03-20,2025-04-13,2025-04-16,336,336,4,9.3,Received
PO-480146,24,SUP-106,B000294,YUL5,2025-03-20,2025-04-13,2025-04-16,564,564,16,42.52,Received
PO-480146,31,SUP-106,B000307,YUL5,2025-03-20,2025-04-13,2025-04-16,84,84,1,10.55,Received
PO-480146,35,SUP-106,B000316,YUL5,2025-03-20,2025-04-13,2025-04-16,240,222,0,11.05,Received
PO-480146,23,SUP-106,B000319,YYZ4,2025-03-20,2025-04-13,2025-04-16,84,84,0,45.53,Received
PO-480146,34,SUP-106,B000362,YVR2,2025-03-20,2025-04-13,2025-04-16,396,396,2,52.53,Received
PO-480146,25,SUP-106,B000378,YYZ4,2025-03-20,2025-04-13,2025-04-16,7332,7332,184,9.25,Received
PO-480146,36,SUP-106,B000383,YYC1,2025-03-20,2025-04-13,2025-04-16,272,272,4,12.08,Received
PO-480365,81,SUP-115,B000010,YYC1,2025-03-20,2025-04-22,2025-05-04,13164,13164,184,22.5,Received
PO-480365,90,SUP-115,B000040,YVR2,2025-03-20,2025-04-22,2025-05-04,1772,1772,1,78.85,Received
PO-480365,86,SUP-115,B000047,YYZ4,2025-03-20,2025-04-22,2025-05-04,240,240,3,63.07,Received
PO-480365,93,SUP-115,B000051,YUL5,2025-03-20,2025-04-22,2025-05-04,181,181,0,17.69,Received
PO-480365,89,SUP-115,B000057,YUL5,2025-03-20,2025-04-22,2025-05-04,176,176,2,20.35,Received
PO-480365,91,SUP-115,B000138,YUL5,2025-03-20,2025-04-22,2025-05-04,121,121,2,25.11,Received
PO-480365,83,SUP-115,B000157,YYZ4,2025-03-20,2025-04-22,2025-05-04,24,24,0,58.52,Received
PO-480365,95,SUP-115,B000241,YHZ1,2025-03-20,2025-04-22,2025-05-04,1680,1680,11,43.91,Received
PO-480365,87,SUP-115,B000244,YYZ4,2025-03-20,2025-04-22,2025-05-04,300,300,1,31.25,Received
PO-480365,84,SUP-115,B000258,YEG3,2025-03-20,2025-04-22,2025-05-04,298,298,1,7.11,Received
PO-480365,96,SUP-115,B000287,YYZ4,2025-03-20,2025-04-22,2025-05-04,116,116,1,94.57,Received
PO-480365,85,SUP-115,B000315,YYZ4,2025-03-20,2025-04-22,2025-05-04,512,512,5,68.19,Received
PO-480365,92,SUP-115,B000328,YUL5,2025-03-20,2025-04-22,2025-05-04,27,27,0,28.33,Received
PO-480365,88,SUP-115,B000333,YUL5,2025-03-20,2025-04-22,2025-05-04,923,923,4,53.66,Received
PO-480365,94,SUP-115,B000359,YYZ4,2025-03-20,2025-04-22,2025-05-04,912,912,5,69.57,Received
PO-480365,82,SUP-115,B000376,YVR2,2025-03-20,2025-04-22,2025-05-04,672,672,8,94.61,Received
PO-480350,54,SUP-114,B000139,YYZ4,2025-03-21,2025-05-04,2025-05-12,32,32,1,53.47,Received
PO-480350,53,SUP-114,B000193,YVR2,2025-03-21,2025-05-04,2025-05-12,108,108,1,39.69,Received
PO-480350,52,SUP-114,B000209,YYC1,2025-03-21,2025-05-04,2025-05-12,155,155,7,40.77,Received
PO-480350,56,SUP-114,B000227,YYZ4,2025-03-21,2025-05-04,2025-05-12,48,48,2,55.69,Received
PO-480350,50,SUP-114,B000247,YYZ4,2025-03-21,2025-05-04,2025-05-12,12,12,0,29.87,Received
PO-480350,57,SUP-114,B000270,YUL5,2025-03-21,2025-05-04,2025-05-12,756,756,23,42.84,Received
PO-480350,55,SUP-114,B000302,YYZ4,2025-03-21,2025-05-04,2025-05-12,16,16,1,37.95,Received
PO-480350,51,SUP-114,B000345,YYC1,2025-03-21,2025-05-04,2025-05-12,48,48,1,58.25,Received
PO-480070,71,SUP-104,B000060,YYC1,2025-03-22,2025-04-01,2025-04-01,400,400,2,14.56,Received
PO-480070,68,SUP-104,B000093,YYZ4,2025-03-22,2025-04-01,2025-04-01,24,20,0,3.57,Received
PO-480070,70,SUP-104,B000367,YUL5,2025-03-22,2025-04-01,2025-04-01,143,143,1,4.19,Received
PO-480070,69,SUP-104,B000388,YWG2,2025-03-22,2025-04-01,2025-04-01,36,36,0,19.55,Received
PO-480070,73,SUP-104,B000390,YYC1,2025-03-22,2025-04-01,2025-04-01,535,535,0,10.78,Received
PO-480070,72,SUP-104,B000412,YUL5,2025-03-22,2025-04-01,2025-04-01,930,738,2,5.35,Received
PO-480465,55,SUP-120,B000008,YHZ1,2025-03-22,2025-03-28,2025-03-28,96,96,0,3.7,Received
PO-480465,51,SUP-120,B000012,YUL5,2025-03-22,2025-03-28,2025-03-28,124,100,0,9.46,Received
PO-480465,48,SUP-120,B000130,YUL5,2025-03-22,2025-03-28,2025-03-28,72,72,0,4.08,Received
PO-480465,57,SUP-120,B000195,YYZ4,2025-03-22,2025-03-28,2025-03-28,16,16,0,6.65,Received
PO-480465,52,SUP-120,B000197,YYZ4,2025-03-22,2025-03-28,2025-03-28,36,36,0,7.26,Received
PO-480465,56,SUP-120,B000210,YUL5,2025-03-22,2025-03-28,2025-03-28,648,648,2,2.12,Received
PO-480465,54,SUP-120,B000250,YYZ4,2025-03-22,2025-03-28,2025-03-28,76,76,0,3.15,Received
PO-480465,50,SUP-120,B000269,YYC1,2025-03-22,2025-03-28,2025-03-28,24,24,0,2.24,Received
PO-480465,49,SUP-120,B000310,YHZ1,2025-03-22,2025-03-28,2025-03-28,72,63,0,2.96,Received
PO-480465,53,SUP-120,B000365,YUL5,2025-03-22,2025-03-28,2025-03-28,144,144,0,4.97,Received
PO-480031,66,SUP-103,B000000,YHZ1,2025-03-23,2025-04-04,2025-04-04,34,27,0,5.35,Received
PO-480031,72,SUP-103,B000006,YUL5,2025-03-23,2025-04-04,2025-04-04,36,36,0,10.47,Received
PO-480031,71,SUP-103,B000024,YYZ4,2025-03-23,2025-04-04,2025-04-04,264,264,2,24.8,Received
PO-480031,74,SUP-103,B000194,YEG3,2025-03-23,2025-04-04,2025-04-04,32,32,0,12.16,Received
PO-480031,70,SUP-103,B000295,YVR2,2025-03-23,2025-04-04,2025-04-04,59,59,1,18.76,Received
PO-480031,69,SUP-103,B000348,YVR2,2025-03-23,2025-04-04,2025-04-04,136,136,1,9.96,Received
PO-480031,67,SUP-103,B000353,YVR2,2025-03-23,2025-04-04,2025-04-04,66,59,0,13.18,Received
PO-480031,68,SUP-103,B000374,YYZ4,2025-03-23,2025-04-04,2025-04-04,29,29,0,10.68,Received
PO-480031,73,SUP-103,B000387,YWG2,2025-03-23,2025-04-04,2025-04-04,582,565,5,40.99,Received
PO-480031,75,SUP-103,B000399,YYZ4,2025-03-23,2025-04-04,2025-04-04,56,56,0,19.26,Received
PO-480071,82,SUP-104,B000077,YYZ4,2025-03-24,2025-04-03,2025-04-05,192,192,0,55.44,Received
PO-480071,83,SUP-104,B000088,YYZ4,2025-03-24,2025-04-03,2025-04-05,30,30,0,22.27,Received
PO-480071,80,SUP-104,B000095,YVR2,2025-03-24,2025-04-03,2025-04-05,288,288,2,4.5,Received
PO-480071,77,SUP-104,B000140,YYZ4,2025-03-24,2025-04-03,2025-04-05,192,192,1,5.15,Received
PO-480071,79,SUP-104,B000150,YUL5,2025-03-24,2025-04-03,2025-04-05,8,8,0,2.47,Received
PO-480071,81,SUP-104,B000168,YVR2,2025-03-24,2025-04-03,2025-04-05,114,114,1,8.87,Received
PO-480071,84,SUP-104,B000214,YYZ4,2025-03-24,2025-04-03,2025-04-05,96,96,1,9.98,Received
PO-480071,78,SUP-104,B000257,YWG2,2025-03-24,2025-04-03,2025-04-05,1456,1415,8,12.7,Received
PO-480071,75,SUP-104,B000388,YWG2,2025-03-24,2025-04-03,2025-04-05,12,12,0,19.55,Received
PO-480071,76,SUP-104,B000412,YYC1,2025-03-24,2025-04-03,2025-04-05,204,204,1,5.35,Received
PO-480071,74,SUP-104,B000417,YYZ4,2025-03-24,2025-04-03,2025-04-05,6,5,0,17.43,Received
PO-480147,49,SUP-106,B000021,YUL5,2025-03-24,2025-04-17,2025-04-29,168,168,3,16.28,Received
PO-480147,42,SUP-106,B000029,YYZ4,2025-03-24,2025-04-17,2025-04-29,240,240,7,12.43,Received
PO-480147,44,SUP-106,B000037,YEG3,2025-03-24,2025-04-17,2025-04-29,60,60,1,22.46,Received
PO-480147,46,SUP-106,B000039,YVR2,2025-03-24,2025-04-17,2025-04-29,36,36,0,19.83,Received
PO-480147,47,SUP-106,B000101,YYZ4,2025-03-24,2025-04-17,2025-04-29,792,662,0,32.63,Received
PO-480147,50,SUP-106,B000288,YYZ4,2025-03-24,2025-04-17,2025-04-29,48,48,0,9.3,Received
PO-480147,40,SUP-106,B000294,YVR2,2025-03-24,2025-04-17,2025-04-29,108,108,0,42.52,Received
PO-480147,48,SUP-106,B000301,YYZ4,2025-03-24,2025-04-17,2025-04-29,368,368,1,37.32,Received
PO-480147,43,SUP-106,B000362,YUL5,2025-03-24,2025-04-17,2025-04-29,2880,2880,6,52.53,Received
PO-480147,45,SUP-106,B000383,YWG2,2025-03-24,2025-04-17,2025-04-29,264,264,2,12.08,Received
PO-480147,41,SUP-106,B000389,YYC1,2025-03-24,2025-04-17,2025-04-29,48,48,1,28.39,Received
PO-480148,61,SUP-106,B000021,YUL5,2025-03-26,2025-04-19,2025-04-13,56,56,1,16.28,Received
PO-480148,62,SUP-106,B000029,YYC1,2025-03-26,2025-04-19,2025-04-13,104,104,2,12.43,Received
PO-480148,56,SUP-106,B000033,YEG3,2025-03-26,2025-04-19,2025-04-13,54,54,0,25.32,Received
PO-480148,53,SUP-106,B000066,YVR2,2025-03-26,2025-04-19,2025-04-13,1380,1278,29,24.86,Received
PO-480148,60,SUP-106,B000098,YYZ4,2025-03-26,2025-04-19,2025-04-13,24,24,0,13.55,Received
PO-480148,66,SUP-106,B000101,YUL5,2025-03-26,2025-04-19,2025-04-13,685,685,8,32.63,Received
PO-480148,51,SUP-106,B000127,YEG3,2025-03-26,2025-04-19,2025-04-13,60,60,1,15.81,Received
PO-480148,67,SUP-106,B000142,YVR2,2025-03-26,2025-04-19,2025-04-13,144,144,0,12.57,Received
PO-480148,58,SUP-106,B000202,YWG2,2025-03-26,2025-04-19,2025-04-13,788,788,8,26.75,Received
PO-480148,59,SUP-106,B000255,YYZ4,2025-03-26,2025-04-19,2025-04-13,24,24,0,18.41,Received
PO-480148,55,SUP-106,B000288,YYZ4,2025-03-26,2025-04-19,2025-04-13,396,396,10,9.3,Received
PO-480148,63,SUP-106,B000294,YHZ1,2025-03-26,2025-04-19,2025-04-13,432,432,3,42.52,Received
PO-480148,68,SUP-106,B000307,YUL5,2025-03-26,2025-04-19,2025-04-13,48,48,0,10.55,Received
PO-480148,65,SUP-106,B000319,YHZ1,2025-03-26,2025-04-19,2025-04-13,12,12,0,45.53,Received
PO-480148,54,SUP-106,B000362,YUL5,2025-03-26,2025-04-19,2025-04-13,1380,1380,38,52.53,Received
PO-480148,64,SUP-106,B000378,YWG2,2025-03-26,2025-04-19,2025-04-13,9666,9666,70,9.25,Received
PO-480148,52,SUP-106,B000383,YHZ1,2025-03-26,2025-04-19,2025-04-13,536,536,10,12.08,Received
PO-480148,57,SUP-106,B000389,YYC1,2025-03-26,2025-04-19,2025-04-13,96,96,0,28.39,Received
PO-480443,26,SUP-119,B000013,YVR2,2025-03-26,2025-04-25,2025-05-04,192,192,4,7.12,Received
PO-480443,27,SUP-119,B000018,YHZ1,2025-03-26,2025-04-25,2025-05-04,24,24,0,15.1,Received
PO-480443,25,SUP-119,B000032,YYZ4,2025-03-26,2025-04-25,2025-05-04,36,33,0,10.45,Received
PO-480443,29,SUP-119,B000049,YYZ4,2025-03-26,2025-04-25,2025-05-04,72,72,0,9.82,Received
PO-480443,31,SUP-119,B000073,YHZ1,2025-03-26,2025-04-25,2025-05-04,48,48,0,4.65,Received
PO-480443,22,SUP-119,B000112,YVR2,2025-03-26,2025-04-25,2025-05-04,96,96,2,43.81,Received
PO-480443,24,SUP-119,B000125,YYZ4,2025-03-26,2025-04-25,2025-05-04,320,320,4,8.87,Received
PO-480443,21,SUP-119,B000159,YHZ1,2025-03-26,2025-04-25,2025-05-04,468,468,7,5.08,Received
PO-480443,23,SUP-119,B000175,YYZ4,2025-03-26,2025-04-25,2025-05-04,648,648,4,13.44,Received
PO-480443,32,SUP-119,B000206,YYZ4,2025-03-26,2025-04-25,2025-05-04,32,32,1,15.92,Received
PO-480443,30,SUP-119,B000331,YYZ4,2025-03-26,2025-04-25,2025-05-04,12,12,0,5.86,Received
PO-480443,28,SUP-119,B000386,YYZ4,2025-03-26,2025-04-25,2025-05-04,24,22,0,3.34,Received
PO-480466,62,SUP-120,B000012,YEG3,2025-03-26,2025-04-01,2025-04-01,28,23,0,9.46,Received
PO-480466,60,SUP-120,B000196,YYC1,2025-03-26,2025-04-01,2025-04-01,6,6,0,7.3,Received
PO-480466,59,SUP-120,B000210,YUL5,2025-03-26,2025-04-01,2025-04-01,48,48,0,2.12,Received
PO-480466,63,SUP-120,B000250,YYC1,2025-03-26,2025-04-01,2025-04-01,28,25,0,3.15,Received
PO-480466,61,SUP-120,B000310,YYZ4,2025-03-26,2025-04-01,2025-04-01,28,28,0,2.96,Received
PO-480466,58,SUP-120,B000338,YUL5,2025-03-26,2025-04-01,2025-04-01,160,160,0,3.88,Received
PO-480502,69,SUP-121,B000045,YYZ4,2025-03-26,2025-05-15,2025-06-21,84,84,1,57.92,Received
PO-480502,74,SUP-121,B000161,YYZ4,2025-03-26,2025-05-15,2025-06-21,1125,1125,21,20.9,Received
PO-480502,70,SUP-121,B000174,YUL5,2025-03-26,2025-05-15,2025-06-21,1256,1118,59,29.82,Received
PO-480502,72,SUP-121,B000276,YYZ4,2025-03-26,2025-05-15,2025-06-21,48,48,0,23.17,Received
PO-480502,71,SUP-121,B000323,YEG3,2025-03-26,2025-05-15,2025-06-21,123,123,7,11.42,Received
PO-480502,75,SUP-121,B000408,YYC1,2025-03-26,2025-05-15,2025-06-21,60,60,3,43.76,Received
PO-480502,73,SUP-121,B000409,YHZ1,2025-03-26,2025-05-15,2025-06-21,528,528,17,15.72,Received
PO-480512,76,SUP-122,B000003,YYZ4,2025-03-27,2025-04-27,2025-04-21,120,120,0,116.68,Received
PO-480512,78,SUP-122,B000067,YHZ1,2025-03-27,2025-04-27,2025-04-21,384,384,3,26.62,Received
PO-480512,72,SUP-122,B000068,YHZ1,2025-03-27,2025-04-27,2025-04-21,24,22,0,53.46,Received
PO-480512,77,SUP-122,B000141,YYZ4,2025-03-27,2025-04-27,2025-04-21,132,132,0,44.89,Received
PO-480512,69,SUP-122,B000235,YVR2,2025-03-27,2025-04-27,2025-04-21,80,80,0,59.11,Received
PO-480512,73,SUP-122,B000264,YVR2,2025-03-27,2025-04-27,2025-04-21,72,65,1,32.04,Received
PO-480512,71,SUP-122,B000271,YYZ4,2025-03-27,2025-04-27,2025-04-21,96,96,1,23.34,Received
PO-480512,75,SUP-122,B000285,YEG3,2025-03-27,2025-04-27,2025-04-21,41,36,0,99.56,Received
PO-480512,70,SUP-122,B000341,YUL5,2025-03-27,2025-04-27,2025-04-21,477,477,1,57.14,Received
PO-480512,74,SUP-122,B000352,YHZ1,2025-03-27,2025-04-27,2025-04-21,12,12,0,42.99,Received
PO-480237,13,SUP-111,B000005,YVR2,2025-03-30,2025-04-06,2025-04-09,216,216,0,11.5,Received
PO-480237,16,SUP-111,B000007,YUL5,2025-03-30,2025-04-06,2025-04-09,4017,4017,7,5.45,Received
PO-480237,5,SUP-111,B000015,YWG2,2025-03-30,2025-04-06,2025-04-09,128,128,0,3.74,Received
PO-480237,14,SUP-111,B000019,YEG3,2025-03-30,2025-04-06,2025-04-09,814,814,2,12.51,Received
PO-480237,98,SUP-111,B000062,YYZ4,2025-03-30,2025-04-06,2025-04-09,96,96,0,13.09,Received
PO-480237,10,SUP-111,B000065,YYC1,2025-03-30,2025-04-06,2025-04-09,72,72,0,8.16,Received
PO-480237,12,SUP-111,B000072,YUL5,2025-03-30,2025-04-06,2025-04-09,40,40,0,16.47,Received
PO-480237,8,SUP-111,B000100,YUL5,2025-03-30,2025-04-06,2025-04-09,84,84,0,2.0,Received
PO-480237,11,SUP-111,B000109,YWG2,2025-03-30,2025-04-06,2025-04-09,168,168,0,27.2,Received
PO-480237,7,SUP-111,B000111,YYZ4,2025-03-30,2025-04-06,2025-04-09,54,54,0,11.26,Received
PO-480237,1,SUP-111,B000122,YUL5,2025-03-30,2025-04-06,2025-04-09,125,125,0,13.42,Received
PO-480237,6,SUP-111,B000145,YHZ1,2025-03-30,2025-04-06,2025-04-09,48,41,0,13.18,Received
PO-480237,99,SUP-111,B000187,YYC1,2025-03-30,2025-04-06,2025-04-09,96,96,0,18.92,Received
PO-480237,2,SUP-111,B000191,YVR2,2025-03-30,2025-04-06,2025-04-09,12,12,0,12.14,Received
PO-480237,15,SUP-111,B000232,YYZ4,2025-03-30,2025-04-06,2025-04-09,70,70,0,7.58,Received
PO-480237,3,SUP-111,B000283,YWG2,2025-03-30,2025-04-06,2025-04-09,342,342,0,5.71,Received
PO-480237,4,SUP-111,B000351,YYZ4,2025-03-30,2025-04-06,2025-04-09,472,472,1,7.71,Received
PO-480237,9,SUP-111,B000404,YYC1,2025-03-30,2025-04-06,2025-04-09,88,88,0,6.26,Received
PO-480503,79,SUP-121,B000022,YHZ1,2025-03-31,2025-05-20,2025-05-31,480,480,24,23.15,Received
PO-480503,77,SUP-121,B000045,YYZ4,2025-03-31,2025-05-20,2025-05-31,42,42,2,57.92,Received
PO-480503,76,SUP-121,B000152,YUL5,2025-03-31,2025-05-20,2025-05-31,473,473,8,28.18,Received
PO-480503,85,SUP-121,B000161,YEG3,2025-03-31,2025-05-20,2025-05-31,148,148,6,20.9,Received
PO-480503,78,SUP-121,B000174,YVR2,2025-03-31,2025-05-20,2025-05-31,117,117,5,29.82,Received
PO-480503,82,SUP-121,B000220,YYC1,2025-03-31,2025-05-20,2025-05-31,48,48,3,19.35,Received
PO-480503,83,SUP-121,B000276,YYZ4,2025-03-31,2025-05-20,2025-05-31,336,336,18,23.17,Received
PO-480503,81,SUP-121,B000323,YYZ4,2025-03-31,2025-05-20,2025-05-31,46,46,3,11.42,Received
PO-480503,80,SUP-121,B000392,YHZ1,2025-03-31,2025-05-20,2025-05-31,364,364,16,42.02,Received
PO-480503,84,SUP-121,B000408,YYC1,2025-03-31,2025-05-20,2025-05-31,120,120,7,43.76,Received
PO-480503,86,SUP-121,B000409,YYZ4,2025-03-31,2025-05-20,2025-05-31,132,132,6,15.72,Received
PO-480072,88,SUP-104,B000060,YYZ4,2025-04-04,2025-04-14,2025-04-16,292,271,1,14.56,Received
PO-480072,90,SUP-104,B000077,YWG2,2025-04-04,2025-04-14,2025-04-16,192,192,1,55.44,Received
PO-480072,89,SUP-104,B000093,YYC1,2025-04-04,2025-04-14,2025-04-16,48,48,0,3.57,Received
PO-480072,86,SUP-104,B000095,YHZ1,2025-04-04,2025-04-14,2025-04-16,1080,1080,8,4.5,Received
PO-480072,93,SUP-104,B000140,YYZ4,2025-04-04,2025-04-14,2025-04-16,432,432,3,5.15,Received
PO-480072,95,SUP-104,B000168,YYZ4,2025-04-04,2025-04-14,2025-04-16,84,84,0,8.87,Received
PO-480072,87,SUP-104,B000214,YYZ4,2025-04-04,2025-04-14,2025-04-16,96,96,0,9.98,Received
PO-480072,97,SUP-104,B000256,YHZ1,2025-04-04,2025-04-14,2025-04-16,96,79,0,17.41,Received
PO-480072,94,SUP-104,B000257,YUL5,2025-04-04,2025-04-14,2025-04-16,740,740,2,12.7,Received
PO-480072,91,SUP-104,B000290,YWG2,2025-04-04,2025-04-14,2025-04-16,160,160,0,2.29,Received
PO-480072,99,SUP-104,B000367,YEG3,2025-04-04,2025-04-14,2025-04-16,52,52,0,4.19,Received
PO-480072,92,SUP-104,B000371,YYZ4,2025-04-04,2025-04-14,2025-04-16,24,22,0,9.71,Received
PO-480072,85,SUP-104,B000388,YUL5,2025-04-04,2025-04-14,2025-04-16,30,30,0,19.55,Received
PO-480072,98,SUP-104,B000390,YYZ4,2025-04-04,2025-04-14,2025-04-16,132,132,0,10.78,Received
PO-480072,96,SUP-104,B000412,YUL5,2025-04-04,2025-04-14,2025-04-16,1020,1020,4,5.35,Received
PO-480172,57,SUP-107,B000014,YVR2,2025-04-07,2025-05-11,2025-05-15,480,480,3,22.31,Received
PO-480172,61,SUP-107,B000044,YVR2,2025-04-07,2025-05-11,2025-05-15,372,372,0,49.42,Received
PO-480172,64,SUP-107,B000064,YVR2,2025-04-07,2025-05-11,2025-05-15,59,59,1,40.08,Received
PO-480172,68,SUP-107,B000085,YYC1,2025-04-07,2025-05-11,2025-05-15,312,312,3,85.16,Received
PO-480172,69,SUP-107,B000104,YVR2,2025-04-07,2025-05-11,2025-05-15,30,30,0,16.04,Received
PO-480172,62,SUP-107,B000114,YVR2,2025-04-07,2025-05-11,2025-05-15,104,104,1,74.15,Received
PO-480172,65,SUP-107,B000117,YYZ4,2025-04-07,2025-05-11,2025-05-15,144,144,1,10.32,Received
PO-480172,67,SUP-107,B000121,YUL5,2025-04-07,2025-05-11,2025-05-15,3,3,0,27.65,Received
PO-480172,70,SUP-107,B000148,YHZ1,2025-04-07,2025-05-11,2025-05-15,708,708,3,21.53,Received
PO-480172,66,SUP-107,B000173,YYZ4,2025-04-07,2025-05-11,2025-05-15,60,60,0,20.12,Received
PO-480172,56,SUP-107,B000200,YUL5,2025-04-07,2025-05-11,2025-05-15,24,24,0,42.44,Received
PO-480172,60,SUP-107,B000336,YVR2,2025-04-07,2025-05-11,2025-05-15,54,51,0,61.89,Received
PO-480172,63,SUP-107,B000350,YYZ4,2025-04-07,2025-05-11,2025-05-15,192,165,1,48.35,Received
PO-480172,58,SUP-107,B000356,YEG3,2025-04-07,2025-05-11,2025-05-15,102,91,1,30.35,Received
PO-480172,59,SUP-107,B000394,YVR2,2025-04-07,2025-05-11,2025-05-15,300,300,1,19.24,Received
PO-480467,74,SUP-120,B000008,YYZ4,2025-04-07,2025-04-13,2025-04-11,60,60,0,3.7,Received
PO-480467,68,SUP-120,B000012,YUL5,2025-04-07,2025-04-13,2025-04-11,52,52,0,9.46,Received
PO-480467,66,SUP-120,B000052,YUL5,2025-04-07,2025-04-13,2025-04-11,89,89,0,3.12,Received
PO-480467,70,SUP-120,B000195,YYZ4,2025-04-07,2025-04-13,2025-04-11,16,16,0,6.65,Received
PO-480467,69,SUP-120,B000196,YYC1,2025-04-07,2025-04-13,2025-04-11,5,5,0,7.3,Received
PO-480467,67,SUP-120,B000199,YYC1,2025-04-07,2025-04-13,2025-04-11,376,376,1,17.21,Received
PO-480467,75,SUP-120,B000210,YYZ4,2025-04-07,2025-04-13,2025-04-11,144,144,0,2.12,Received
PO-480467,71,SUP-120,B000250,YYC1,2025-04-07,2025-04-13,2025-04-11,116,116,0,3.15,Received
PO-480467,73,SUP-120,B000269,YYC1,2025-04-07,2025-04-13,2025-04-11,24,24,0,2.24,Received
PO-480467,72,SUP-120,B000310,YEG3,2025-04-07,2025-04-13,2025-04-11,140,123,0,2.96,Received
PO-480467,64,SUP-120,B000321,YWG2,2025-04-07,2025-04-13,2025-04-11,84,72,0,8.49,Received
PO-480467,65,SUP-120,B000365,YYZ4,2025-04-07,2025-04-13,2025-04-11,54,54,0,4.97,Received
PO-480073,6,SUP-104,B000054,YVR2,2025-04-08,2025-04-18,2025-04-16,32,32,0,12.38,Received
PO-480073,11,SUP-104,B000060,YYC1,2025-04-08,2025-04-18,2025-04-16,76,76,1,14.56,Received
PO-480073,14,SUP-104,B000077,YWG2,2025-04-08,2025-04-18,2025-04-16,192,192,0,55.44,Received
PO-480073,5,SUP-104,B000088,YYZ4,2025-04-08,2025-04-18,2025-04-16,51,51,0,22.27,Received
PO-480073,3,SUP-104,B000093,YUL5,2025-04-08,2025-04-18,2025-04-16,24,24,0,3.57,Received
PO-480073,7,SUP-104,B000140,YVR2,2025-04-08,2025-04-18,2025-04-16,96,96,1,5.15,Received
PO-480073,13,SUP-104,B000150,YYZ4,2025-04-08,2025-04-18,2025-04-16,16,16,0,2.47,Received
PO-480073,4,SUP-104,B000168,YYC1,2025-04-08,2025-04-18,2025-04-16,234,234,1,8.87,Received
PO-480073,10,SUP-104,B000256,YYZ4,2025-04-08,2025-04-18,2025-04-16,96,96,1,17.41,Received
PO-480073,12,SUP-104,B000257,YUL5,2025-04-08,2025-04-18,2025-04-16,2428,2428,14,12.7,Received
PO-480073,1,SUP-104,B000290,YYZ4,2025-04-08,2025-04-18,2025-04-16,1000,1000,9,2.29,Received
PO-480073,9,SUP-104,B000367,YYZ4,2025-04-08,2025-04-18,2025-04-16,169,132,1,4.19,Received
PO-480073,8,SUP-104,B000371,YYZ4,2025-04-08,2025-04-18,2025-04-16,30,30,0,9.71,Received
PO-480073,2,SUP-104,B000390,YYZ4,2025-04-08,2025-04-18,2025-04-16,139,139,1,10.78,Received
PO-480073,16,SUP-104,B000412,YYZ4,2025-04-08,2025-04-18,2025-04-16,828,828,4,5.35,Received
PO-480073,15,SUP-104,B000417,YYZ4,2025-04-08,2025-04-18,2025-04-16,6,6,0,17.43,Received
PO-480106,57,SUP-105,B000016,YYZ4,2025-04-08,2025-04-17,2025-04-14,144,144,0,22.7,Received
PO-480106,43,SUP-105,B000023,YYC1,2025-04-08,2025-04-17,2025-04-14,16,16,0,55.53,Received
PO-480106,42,SUP-105,B000025,YYZ4,2025-04-08,2025-04-17,2025-04-14,64,53,0,34.44,Received
PO-480106,51,SUP-105,B000071,YUL5,2025-04-08,2025-04-17,2025-04-14,48,48,0,52.68,Received
PO-480106,44,SUP-105,B000092,YWG2,2025-04-08,2025-04-17,2025-04-14,48,48,0,37.96,Received
PO-480106,45,SUP-105,B000097,YVR2,2025-04-08,2025-04-17,2025-04-14,36,36,0,48.69,Received
PO-480106,49,SUP-105,B000153,YYZ4,2025-04-08,2025-04-17,2025-04-14,1524,1263,2,9.61,Received
PO-480106,55,SUP-105,B000213,YUL5,2025-04-08,2025-04-17,2025-04-14,252,252,1,46.02,Received
PO-480106,52,SUP-105,B000216,YUL5,2025-04-08,2025-04-17,2025-04-14,120,120,1,49.89,Received
PO-480106,50,SUP-105,B000259,YYC1,2025-04-08,2025-04-17,2025-04-14,61,61,0,17.17,Received
PO-480106,46,SUP-105,B000263,YHZ1,2025-04-08,2025-04-17,2025-04-14,108,108,0,50.34,Received
PO-480106,48,SUP-105,B000284,YWG2,2025-04-08,2025-04-17,2025-04-14,60,60,0,19.61,Received
PO-480106,54,SUP-105,B000320,YVR2,2025-04-08,2025-04-17,2025-04-14,60,60,0,15.12,Received
PO-480106,53,SUP-105,B000361,YYC1,2025-04-08,2025-04-17,2025-04-14,192,192,1,25.9,Received
PO-480106,47,SUP-105,B000369,YYZ4,2025-04-08,2025-04-17,2025-04-14,384,384,1,12.66,Received
PO-480106,56,SUP-105,B000380,YEG3,2025-04-08,2025-04-17,2025-04-14,60,60,0,31.53,Received
PO-480074,24,SUP-104,B000054,YYZ4,2025-04-09,2025-04-19,2025-04-18,32,32,0,12.38,Received
PO-480074,23,SUP-104,B000060,YWG2,2025-04-09,2025-04-19,2025-04-18,592,592,1,14.56,Received
PO-480074,18,SUP-104,B000077,YYZ4,2025-04-09,2025-04-19,2025-04-18,192,192,1,55.44,Received
PO-480074,31,SUP-104,B000088,YWG2,2025-04-09,2025-04-19,2025-04-18,90,90,0,22.27,Received
PO-480074,32,SUP-104,B000093,YUL5,2025-04-09,2025-04-19,2025-04-18,24,24,0,3.57,Received
PO-480074,25,SUP-104,B000095,YYC1,2025-04-09,2025-04-19,2025-04-18,552,552,4,4.5,Received
PO-480074,22,SUP-104,B000140,YYZ4,2025-04-09,2025-04-19,2025-04-18,132,132,1,5.15,Received
PO-480074,19,SUP-104,B000150,YUL5,2025-04-09,2025-04-19,2025-04-18,72,60,0,2.47,Received
PO-480074,27,SUP-104,B000168,YVR2,2025-04-09,2025-04-19,2025-04-18,108,95,1,8.87,Received
PO-480074,26,SUP-104,B000214,YYZ4,2025-04-09,2025-04-19,2025-04-18,96,96,0,9.98,Received
PO-480074,28,SUP-104,B000233,YYZ4,2025-04-09,2025-04-19,2025-04-18,24,23,0,30.93,Received
PO-480074,34,SUP-104,B000257,YEG3,2025-04-09,2025-04-19,2025-04-18,2100,2100,10,12.7,Received
PO-480074,21,SUP-104,B000290,YYZ4,2025-04-09,2025-04-19,2025-04-18,368,368,2,2.29,Received
PO-480074,20,SUP-104,B000371,YYZ4,2025-04-09,2025-04-19,2025-04-18,30,30,0,9.71,Received
PO-480074,33,SUP-104,B000388,YYZ4,2025-04-09,2025-04-19,2025-04-18,12,12,0,19.55,Received
PO-480074,30,SUP-104,B000390,YYC1,2025-04-09,2025-04-19,2025-04-18,232,232,0,10.78,Received
PO-480074,17,SUP-104,B000412,YEG3,2025-04-09,2025-04-19,2025-04-18,1764,1764,1,5.35,Received
PO-480074,29,SUP-104,B000417,YYZ4,2025-04-09,2025-04-19,2025-04-18,6,6,0,17.43,Received
PO-480423,82,SUP-118,B000027,YWG2,2025-04-09,2025-05-11,2025-05-15,24,24,0,12.44,Received
PO-480423,80,SUP-118,B000108,YYC1,2025-04-09,2025-05-11,2025-05-15,1704,1704,0,27.52,Received
PO-480423,69,SUP-118,B000110,YUL5,2025-04-09,2025-05-11,2025-05-15,624,624,6,27.06,Received
PO-480423,73,SUP-118,B000124,YHZ1,2025-04-09,2025-05-11,2025-05-15,224,224,3,19.28,Received
PO-480423,75,SUP-118,B000155,YVR2,2025-04-09,2025-05-11,2025-05-15,74,74,1,16.62,Received
PO-480423,77,SUP-118,B000166,YYZ4,2025-04-09,2025-05-11,2025-05-15,552,552,4,22.72,Received
PO-480423,81,SUP-118,B000170,YHZ1,2025-04-09,2025-05-11,2025-05-15,24,24,0,6.35,Received
PO-480423,70,SUP-118,B000230,YWG2,2025-04-09,2025-05-11,2025-05-15,216,216,4,10.67,Received
PO-480423,78,SUP-118,B000237,YYZ4,2025-04-09,2025-05-11,2025-05-15,68,66,1,34.69,Received
PO-480423,79,SUP-118,B000243,YWG2,2025-04-09,2025-05-11,2025-05-15,136,116,2,45.01,Received
PO-480423,72,SUP-118,B000311,YWG2,2025-04-09,2025-05-11,2025-05-15,186,186,0,23.78,Received
PO-480423,74,SUP-118,B000327,YYZ4,2025-04-09,2025-05-11,2025-05-15,18,16,0,45.86,Received
PO-480423,71,SUP-118,B000340,YVR2,2025-04-09,2025-05-11,2025-05-15,104,104,1,41.74,Received
PO-480423,76,SUP-118,B000398,YEG3,2025-04-09,2025-05-11,2025-05-15,265,259,3,25.87,Received
PO-480207,43,SUP-109,B000137,YVR2,2025-04-10,2025-05-28,2025-05-15,400,400,18,104.11,Received
PO-480207,45,SUP-109,B000171,YUL5,2025-04-10,2025-05-28,2025-05-15,1488,1488,81,99.79,Received
PO-480207,39,SUP-109,B000211,YYZ4,2025-04-10,2025-05-28,2025-05-15,380,380,1,42.79,Received
PO-480207,42,SUP-109,B000219,YYZ4,2025-04-10,2025-05-28,2025-05-15,12,12,1,32.21,Received
PO-480207,46,SUP-109,B000260,YYZ4,2025-04-10,2025-05-28,2025-05-15,56,56,0,27.53,Received
PO-480207,41,SUP-109,B000277,YEG3,2025-04-10,2025-05-28,2025-05-15,32,32,1,37.83,Received
PO-480207,47,SUP-109,B000314,YWG2,2025-04-10,2025-05-28,2025-05-15,80,67,4,39.46,Received
PO-480207,40,SUP-109,B000329,YYZ4,2025-04-10,2025-05-28,2025-05-15,32,32,0,64.01,Received
PO-480207,44,SUP-109,B000368,YUL5,2025-04-10,2025-05-28,2025-05-15,96,96,1,45.85,Received
PO-480207,38,SUP-109,B000405,YHZ1,2025-04-10,2025-05-28,2025-05-15,450,450,18,81.28,Received
PO-480351,61,SUP-114,B000139,YYZ4,2025-04-11,2025-05-25,2025-05-29,36,36,2,53.47,Received
PO-480351,58,SUP-114,B000193,YHZ1,2025-04-11,2025-05-25,2025-05-29,168,168,9,39.69,Received
PO-480351,59,SUP-114,B000209,YYZ4,2025-04-11,2025-05-25,2025-05-29,42,38,2,40.77,Received
PO-480351,64,SUP-114,B000227,YYC1,2025-04-11,2025-05-25,2025-05-29,60,60,3,55.69,Received
PO-480351,63,SUP-114,B000247,YHZ1,2025-04-11,2025-05-25,2025-05-29,12,12,1,29.87,Received
PO-480351,62,SUP-114,B000270,YVR2,2025-04-11,2025-05-25,2025-05-29,192,192,0,42.84,Received
PO-480351,60,SUP-114,B000302,YWG2,2025-04-11,2025-05-25,2025-05-29,16,16,0,37.95,Received
PO-480351,65,SUP-114,B000345,YHZ1,2025-04-11,2025-05-25,2025-05-29,144,144,7,58.25,Received
PO-480107,67,SUP-105,B000016,YYC1,2025-04-12,2025-04-21,2025-04-22,336,336,1,22.7,Received
PO-480107,62,SUP-105,B000043,YVR2,2025-04-12,2025-04-21,2025-04-22,24,24,0,81.24,Received
PO-480107,68,SUP-105,B000071,YVR2,2025-04-12,2025-04-21,2025-04-22,48,48,0,52.68,Received
PO-480107,60,SUP-105,B000092,YUL5,2025-04-12,2025-04-21,2025-04-22,48,48,0,37.96,Received
PO-480107,65,SUP-105,B000153,YYC1,2025-04-12,2025-04-21,2025-04-22,240,240,0,9.61,Received
PO-480107,64,SUP-105,B000216,YYC1,2025-04-12,2025-04-21,2025-04-22,120,120,1,49.89,Received
PO-480107,63,SUP-105,B000259,YWG2,2025-04-12,2025-04-21,2025-04-22,136,136,0,17.17,Received
PO-480107,70,SUP-105,B000263,YUL5,2025-04-12,2025-04-21,2025-04-22,536,536,2,50.34,Received
PO-480107,66,SUP-105,B000284,YYZ4,2025-04-12,2025-04-21,2025-04-22,356,356,2,19.61,Received
PO-480107,59,SUP-105,B000308,YYZ4,2025-04-12,2025-04-21,2025-04-22,120,120,1,10.93,Received
PO-480107,71,SUP-105,B000361,YYZ4,2025-04-12,2025-04-21,2025-04-22,192,192,1,25.9,Received
PO-480107,58,SUP-105,B000369,YEG3,2025-04-12,2025-04-21,2025-04-22,96,96,0,12.66,Received
PO-480107,61,SUP-105,B000380,YYZ4,2025-04-12,2025-04-21,2025-04-22,100,100,1,31.53,Received
PO-480107,69,SUP-105,B000410,YYZ4,2025-04-12,2025-04-21,2025-04-22,96,96,1,31.02,Received
PO-480075,43,SUP-104,B000088,YWG2,2025-04-13,2025-04-23,2025-04-23,130,130,1,22.27,Received
PO-480075,35,SUP-104,B000093,YUL5,2025-04-13,2025-04-23,2025-04-23,48,40,0,3.57,Received
PO-480075,37,SUP-104,B000095,YHZ1,2025-04-13,2025-04-23,2025-04-23,600,600,1,4.5,Received
PO-480075,39,SUP-104,B000140,YVR2,2025-04-13,2025-04-23,2025-04-23,96,96,0,5.15,Received
PO-480075,41,SUP-104,B000168,YVR2,2025-04-13,2025-04-23,2025-04-23,84,84,1,8.87,Received
PO-480075,36,SUP-104,B000256,YWG2,2025-04-13,2025-04-23,2025-04-23,96,96,1,17.41,Received
PO-480075,40,SUP-104,B000290,YWG2,2025-04-13,2025-04-23,2025-04-23,616,616,3,2.29,Received
PO-480075,42,SUP-104,B000367,YYZ4,2025-04-13,2025-04-23,2025-04-23,299,299,3,4.19,Received
PO-480075,38,SUP-104,B000388,YWG2,2025-04-13,2025-04-23,2025-04-23,108,108,0,19.55,Received
PO-480173,83,SUP-107,B000014,YEG3,2025-04-14,2025-05-18,2025-05-17,624,624,6,22.31,Received
PO-480173,76,SUP-107,B000044,YYC1,2025-04-14,2025-05-18,2025-05-17,168,168,2,49.42,Received
PO-480173,78,SUP-107,B000064,YYZ4,2025-04-14,2025-05-18,2025-05-17,101,101,1,40.08,Received
PO-480173,72,SUP-107,B000085,YVR2,2025-04-14,2025-05-18,2025-05-17,72,72,0,85.16,Received
PO-480173,73,SUP-107,B000114,YYC1,2025-04-14,2025-05-18,2025-05-17,100,100,1,74.15,Received
PO-480173,77,SUP-107,B000117,YYZ4,2025-04-14,2025-05-18,2025-05-17,72,72,1,10.32,Received
PO-480173,81,SUP-107,B000121,YYZ4,2025-04-14,2025-05-18,2025-05-17,23,23,0,27.65,Received
PO-480173,74,SUP-107,B000148,YVR2,2025-04-14,2025-05-18,2025-05-17,372,372,4,21.53,Received
PO-480173,71,SUP-107,B000200,YHZ1,2025-04-14,2025-05-18,2025-05-17,36,36,0,42.44,Received
PO-480173,80,SUP-107,B000336,YUL5,2025-04-14,2025-05-18,2025-05-17,72,72,1,61.89,Received
PO-480173,82,SUP-107,B000350,YYC1,2025-04-14,2025-05-18,2025-05-17,192,192,0,48.35,Received
PO-480173,75,SUP-107,B000356,YVR2,2025-04-14,2025-05-18,2025-05-17,54,54,0,30.35,Received
PO-480173,79,SUP-107,B000394,YVR2,2025-04-14,2025-05-18,2025-05-17,1608,1443,4,19.24,Received
PO-480108,78,SUP-105,B000023,YYZ4,2025-04-16,2025-04-25,2025-04-22,40,38,0,55.53,Received
PO-480108,72,SUP-105,B000071,YVR2,2025-04-16,2025-04-25,2025-04-22,48,48,0,52.68,Received
PO-480108,75,SUP-105,B000213,YYC1,2025-04-16,2025-04-25,2025-04-22,204,204,1,46.02,Received
PO-480108,76,SUP-105,B000216,YVR2,2025-04-16,2025-04-25,2025-04-22,66,66,0,49.89,Received
PO-480108,80,SUP-105,B000282,YYZ4,2025-04-16,2025-04-25,2025-04-22,453,453,3,55.18,Received
PO-480108,74,SUP-105,B000284,YWG2,2025-04-16,2025-04-25,2025-04-22,386,386,3,19.61,Received
PO-480108,79,SUP-105,B000361,YYZ4,2025-04-16,2025-04-25,2025-04-22,192,192,0,25.9,Received
PO-480108,77,SUP-105,B000380,YEG3,2025-04-16,2025-04-25,2025-04-22,44,44,0,31.53,Received
PO-480108,73,SUP-105,B000410,YYZ4,2025-04-16,2025-04-25,2025-04-22,96,96,0,31.02,Received
PO-480274,67,SUP-112,B000087,YYZ4,2025-04-16,2025-04-30,2025-05-05,152,152,0,35.54,Received
PO-480274,65,SUP-112,B000146,YWG2,2025-04-16,2025-04-30,2025-05-05,120,120,2,22.0,Received
PO-480274,70,SUP-112,B000151,YYC1,2025-04-16,2025-04-30,2025-05-05,546,546,8,10.75,Received
PO-480274,69,SUP-112,B000189,YYC1,2025-04-16,2025-04-30,2025-05-05,72,72,1,11.62,Received
PO-480274,66,SUP-112,B000304,YYZ4,2025-04-16,2025-04-30,2025-05-05,169,169,2,13.26,Received
PO-480274,68,SUP-112,B000354,YYZ4,2025-04-16,2025-04-30,2025-05-05,192,153,0,3.98,Received
PO-480274,64,SUP-112,B000416,YYZ4,2025-04-16,2025-04-30,2025-05-05,696,696,5,26.43,Received
PO-480468,81,SUP-120,B000012,YVR2,2025-04-16,2025-04-22,2025-04-20,188,188,0,9.46,Received
PO-480468,85,SUP-120,B000052,YWG2,2025-04-16,2025-04-22,2025-04-20,111,98,0,3.12,Received
PO-480468,80,SUP-120,B000130,YYZ4,2025-04-16,2025-04-22,2025-04-20,48,48,0,4.08,Received
PO-480468,77,SUP-120,B000195,YYZ4,2025-04-16,2025-04-22,2025-04-20,16,16,0,6.65,Received
PO-480468,79,SUP-120,B000196,YYC1,2025-04-16,2025-04-22,2025-04-20,1,1,0,7.3,Received
PO-480468,84,SUP-120,B000197,YUL5,2025-04-16,2025-04-22,2025-04-20,48,48,0,7.26,Received
PO-480468,82,SUP-120,B000199,YWG2,2025-04-16,2025-04-22,2025-04-20,48,48,0,17.21,Received
PO-480468,76,SUP-120,B000310,YYZ4,2025-04-16,2025-04-22,2025-04-20,132,132,0,2.96,Received
PO-480468,83,SUP-120,B000321,YWG2,2025-04-16,2025-04-22,2025-04-20,28,28,0,8.49,Received
PO-480468,78,SUP-120,B000338,YVR2,2025-04-16,2025-04-22,2025-04-20,1752,1752,5,3.88,Received
PO-480174,92,SUP-107,B000014,YVR2,2025-04-19,2025-05-23,2025-05-18,96,96,0,22.31,Received
PO-480174,96,SUP-107,B000044,YWG2,2025-04-19,2025-05-23,2025-05-18,876,876,8,49.42,Received
PO-480174,89,SUP-107,B000064,YEG3,2025-04-19,2025-05-23,2025-05-18,181,181,1,40.08,Received
PO-480174,90,SUP-107,B000085,YYC1,2025-04-19,2025-05-23,2025-05-18,120,120,1,85.16,Received
PO-480174,95,SUP-107,B000104,YYZ4,2025-04-19,2025-05-23,2025-05-18,120,120,0,16.04,Received
PO-480174,93,SUP-107,B000114,YVR2,2025-04-19,2025-05-23,2025-05-18,192,192,2,74.15,Received
PO-480174,85,SUP-107,B000117,YYZ4,2025-04-19,2025-05-23,2025-05-18,168,168,0,10.32,Received
PO-480174,88,SUP-107,B000121,YUL5,2025-04-19,2025-05-23,2025-05-18,3,3,0,27.65,Received
PO-480174,97,SUP-107,B000148,YUL5,2025-04-19,2025-05-23,2025-05-18,912,912,8,21.53,Received
PO-480174,91,SUP-107,B000173,YVR2,2025-04-19,2025-05-23,2025-05-18,108,108,0,20.12,Received
PO-480174,87,SUP-107,B000200,YUL5,2025-04-19,2025-05-23,2025-05-18,136,136,0,42.44,Received
PO-480174,86,SUP-107,B000336,YYZ4,2025-04-19,2025-05-23,2025-05-18,30,30,0,61.89,Received
PO-480174,94,SUP-107,B000350,YYZ4,2025-04-19,2025-05-23,2025-05-18,192,192,2,48.35,Received
PO-480174,84,SUP-107,B000356,YEG3,2025-04-19,2025-05-23,2025-05-18,96,87,0,30.35,Received
PO-480208,59,SUP-109,B000056,YYZ4,2025-04-20,2025-06-07,2025-07-02,10596,10596,771,224.05,Received
PO-480208,62,SUP-109,B000137,YYZ4,2025-04-20,2025-06-07,2025-07-02,160,131,3,104.11,Received
PO-480208,54,SUP-109,B000171,YWG2,2025-04-20,2025-06-07,2025-07-02,216,206,1,99.79,Received
PO-480208,58,SUP-109,B000181,YUL5,2025-04-20,2025-06-07,2025-07-02,1188,1188,71,54.45,Received
PO-480208,60,SUP-109,B000211,YYC1,2025-04-20,2025-06-07,2025-07-02,600,600,35,42.79,Received
PO-480208,49,SUP-109,B000219,YYZ4,2025-04-20,2025-06-07,2025-07-02,12,12,1,32.21,Received
PO-480208,55,SUP-109,B000260,YVR2,2025-04-20,2025-06-07,2025-07-02,24,24,0,27.53,Received
PO-480208,53,SUP-109,B000262,YWG2,2025-04-20,2025-06-07,2025-07-02,3716,3716,52,79.31,Received
PO-480208,51,SUP-109,B000277,YEG3,2025-04-20,2025-06-07,2025-07-02,184,184,0,37.83,Received
PO-480208,48,SUP-109,B000289,YEG3,2025-04-20,2025-06-07,2025-07-02,272,272,12,33.98,Received
PO-480208,61,SUP-109,B000314,YWG2,2025-04-20,2025-06-07,2025-07-02,80,80,1,39.46,Received
PO-480208,52,SUP-109,B000329,YYZ4,2025-04-20,2025-06-07,2025-07-02,120,100,6,64.01,Received
PO-480208,57,SUP-109,B000343,YVR2,2025-04-20,2025-06-07,2025-07-02,312,312,12,128.75,Received
PO-480208,56,SUP-109,B000368,YYZ4,2025-04-20,2025-06-07,2025-07-02,96,96,1,45.85,Received
PO-480208,50,SUP-109,B000405,YHZ1,2025-04-20,2025-06-07,2025-07-02,366,366,1,81.28,Received
PO-480238,19,SUP-111,B000005,YVR2,2025-04-20,2025-04-27,2025-04-28,84,84,0,11.5,Received
PO-480238,26,SUP-111,B000015,YWG2,2025-04-20,2025-04-27,2025-04-28,248,248,0,3.74,Received
PO-480238,27,SUP-111,B000072,YYZ4,2025-04-20,2025-04-27,2025-04-28,40,35,0,16.47,Received
PO-480238,20,SUP-111,B000102,YEG3,2025-04-20,2025-04-27,2025-04-28,1556,1379,6,4.23,Received
PO-480238,21,SUP-111,B000122,YYZ4,2025-04-20,2025-04-27,2025-04-28,532,532,1,13.42,Received
PO-480238,18,SUP-111,B000123,YUL5,2025-04-20,2025-04-27,2025-04-28,120,120,0,11.77,Received
PO-480238,22,SUP-111,B000145,YYC1,2025-04-20,2025-04-27,2025-04-28,48,48,0,13.18,Received
PO-480238,25,SUP-111,B000187,YUL5,2025-04-20,2025-04-27,2025-04-28,144,140,0,18.92,Received
PO-480238,23,SUP-111,B000203,YVR2,2025-04-20,2025-04-27,2025-04-28,36,36,0,5.75,Received
PO-480238,29,SUP-111,B000215,YUL5,2025-04-20,2025-04-27,2025-04-28,332,332,0,17.08,Received
PO-480238,28,SUP-111,B000232,YUL5,2025-04-20,2025-04-27,2025-04-28,195,195,0,7.58,Received
PO-480238,17,SUP-111,B000351,YYZ4,2025-04-20,2025-04-27,2025-04-28,872,872,1,7.71,Received
PO-480238,24,SUP-111,B000404,YVR2,2025-04-20,2025-04-27,2025-04-28,200,200,1,6.26,Received
PO-480366,6,SUP-115,B000010,YUL5,2025-04-20,2025-05-23,2025-05-18,2148,2148,24,22.5,Received
PO-480366,1,SUP-115,B000040,YUL5,2025-04-20,2025-05-23,2025-05-18,1385,1385,18,78.85,Received
PO-480366,5,SUP-115,B000057,YWG2,2025-04-20,2025-05-23,2025-05-18,60,60,0,20.35,Received
PO-480366,97,SUP-115,B000138,YYZ4,2025-04-20,2025-05-23,2025-05-18,32,32,0,25.11,Received
PO-480366,99,SUP-115,B000157,YYZ4,2025-04-20,2025-05-23,2025-05-18,24,24,0,58.52,Received
PO-480366,7,SUP-115,B000241,YWG2,2025-04-20,2025-05-23,2025-05-18,388,388,1,43.91,Received
PO-480366,2,SUP-115,B000244,YEG3,2025-04-20,2025-05-23,2025-05-18,192,192,1,31.25,Received
PO-480366,4,SUP-115,B000287,YUL5,2025-04-20,2025-05-23,2025-05-18,28,28,0,94.57,Received
PO-480366,3,SUP-115,B000300,YUL5,2025-04-20,2025-05-23,2025-05-18,180,180,2,30.93,Received
PO-480366,98,SUP-115,B000328,YWG2,2025-04-20,2025-05-23,2025-05-18,19,19,0,28.33,Received
PO-480032,85,SUP-103,B000024,YYZ4,2025-04-22,2025-05-04,2025-05-07,168,168,0,24.8,Received
PO-480032,86,SUP-103,B000133,YVR2,2025-04-22,2025-05-04,2025-05-07,20,20,0,15.18,Received
PO-480032,78,SUP-103,B000178,YUL5,2025-04-22,2025-05-04,2025-05-07,600,600,5,27.42,Received
PO-480032,80,SUP-103,B000194,YEG3,2025-04-22,2025-05-04,2025-05-07,32,32,0,12.16,Received
PO-480032,77,SUP-103,B000246,YVR2,2025-04-22,2025-05-04,2025-05-07,72,68,1,48.07,Received
PO-480032,84,SUP-103,B000273,YUL5,2025-04-22,2025-05-04,2025-05-07,32,32,0,23.72,Received
PO-480032,79,SUP-103,B000278,YVR2,2025-04-22,2025-05-04,2025-05-07,36,35,0,38.05,Received
PO-480032,82,SUP-103,B000348,YYZ4,2025-04-22,2025-05-04,2025-05-07,264,264,3,9.96,Received
PO-480032,76,SUP-103,B000353,YYZ4,2025-04-22,2025-05-04,2025-05-07,15,15,0,13.18,Received
PO-480032,83,SUP-103,B000374,YYZ4,2025-04-22,2025-05-04,2025-05-07,73,73,0,10.68,Received
PO-480032,81,SUP-103,B000387,YVR2,2025-04-22,2025-05-04,2025-05-07,339,339,1,40.99,Received
PO-480076,44,SUP-104,B000054,YVR2,2025-04-22,2025-05-02,2025-05-03,32,32,0,12.38,Received
PO-480076,50,SUP-104,B000140,YVR2,2025-04-22,2025-05-02,2025-05-03,216,216,2,5.15,Received
PO-480076,51,SUP-104,B000168,YYC1,2025-04-22,2025-05-02,2025-05-03,60,50,0,8.87,Received
PO-480076,45,SUP-104,B000233,YYZ4,2025-04-22,2025-05-02,2025-05-03,132,132,1,30.93,Received
PO-480076,47,SUP-104,B000257,YHZ1,2025-04-22,2025-05-02,2025-05-03,1812,1812,2,12.7,Received
PO-480076,49,SUP-104,B000371,YYZ4,2025-04-22,2025-05-02,2025-05-03,54,54,1,9.71,Received
PO-480076,48,SUP-104,B000412,YYC1,2025-04-22,2025-05-02,2025-05-03,924,924,5,5.35,Received
PO-480076,46,SUP-104,B000417,YYZ4,2025-04-22,2025-05-02,2025-05-03,6,6,0,17.43,Received
PO-480109,81,SUP-105,B000016,YYC1,2025-04-22,2025-05-01,2025-05-05,240,240,0,22.7,Received
PO-480109,95,SUP-105,B000023,YYC1,2025-04-22,2025-05-01,2025-05-05,40,40,0,55.53,Received
PO-480109,97,SUP-105,B000043,YHZ1,2025-04-22,2025-05-01,2025-05-05,20,20,0,81.24,Received
PO-480109,96,SUP-105,B000071,YVR2,2025-04-22,2025-05-01,2025-05-05,120,120,0,52.68,Received
PO-480109,87,SUP-105,B000092,YUL5,2025-04-22,2025-05-01,2025-05-05,48,48,0,37.96,Received
PO-480109,98,SUP-105,B000097,YYC1,2025-04-22,2025-05-01,2025-05-05,72,70,0,48.69,Received
PO-480109,91,SUP-105,B000153,YUL5,2025-04-22,2025-05-01,2025-05-05,288,288,1,9.61,Received
PO-480109,94,SUP-105,B000213,YUL5,2025-04-22,2025-05-01,2025-05-05,240,240,0,46.02,Received
PO-480109,92,SUP-105,B000216,YYC1,2025-04-22,2025-05-01,2025-05-05,126,115,1,49.89,Received
PO-480109,82,SUP-105,B000259,YVR2,2025-04-22,2025-05-01,2025-05-05,48,48,0,17.17,Received
PO-480109,86,SUP-105,B000263,YYZ4,2025-04-22,2025-05-01,2025-05-05,200,200,1,50.34,Received
PO-480109,85,SUP-105,B000282,YUL5,2025-04-22,2025-05-01,2025-05-05,189,175,1,55.18,Received
PO-480109,84,SUP-105,B000284,YWG2,2025-04-22,2025-05-01,2025-05-05,958,958,4,19.61,Received
PO-480109,89,SUP-105,B000308,YHZ1,2025-04-22,2025-05-01,2025-05-05,144,114,1,10.93,Received
PO-480109,90,SUP-105,B000320,YYZ4,2025-04-22,2025-05-01,2025-05-05,24,24,0,15.12,Received
PO-480109,88,SUP-105,B000361,YYZ4,2025-04-22,2025-05-01,2025-05-05,192,192,1,25.9,Received
PO-480109,93,SUP-105,B000380,YYC1,2025-04-22,2025-05-01,2025-05-05,24,24,0,31.53,Received
PO-480109,83,SUP-105,B000410,YYZ4,2025-04-22,2025-05-01,2025-05-05,96,96,0,31.02,Received
PO-480149,77,SUP-106,B000021,YYZ4,2025-04-22,2025-05-16,2025-05-20,72,72,1,16.28,Received
PO-480149,72,SUP-106,B000066,YYC1,2025-04-22,2025-05-16,2025-05-20,756,756,21,24.86,Received
PO-480149,71,SUP-106,B000239,YYZ4,2025-04-22,2025-05-16,2025-05-20,96,96,1,12.84,Received
PO-480149,78,SUP-106,B000255,YYZ4,2025-04-22,2025-05-16,2025-05-20,24,24,1,18.41,Received
PO-480149,74,SUP-106,B000294,YUL5,2025-04-22,2025-05-16,2025-05-20,192,192,3,42.52,Received
PO-480149,70,SUP-106,B000301,YYZ4,2025-04-22,2025-05-16,2025-05-20,40,40,0,37.32,Received
PO-480149,73,SUP-106,B000309,YUL5,2025-04-22,2025-05-16,2025-05-20,88,88,0,6.6,Received
PO-480149,76,SUP-106,B000316,YYZ4,2025-04-22,2025-05-16,2025-05-20,80,80,2,11.05,Received
PO-480149,75,SUP-106,B000362,YYZ4,2025-04-22,2025-05-16,2025-05-20,2112,2112,6,52.53,Received
PO-480149,69,SUP-106,B000383,YYC1,2025-04-22,2025-05-16,2025-05-20,904,756,1,12.08,Received
PO-480239,37,SUP-111,B000015,YEG3,2025-04-22,2025-04-29,2025-04-28,352,352,1,3.74,Received
PO-480239,41,SUP-111,B000019,YHZ1,2025-04-22,2025-04-29,2025-04-28,1503,1503,6,12.51,Received
PO-480239,31,SUP-111,B000062,YUL5,2025-04-22,2025-04-29,2025-04-28,96,96,0,13.09,Received
PO-480239,30,SUP-111,B000065,YYC1,2025-04-22,2025-04-29,2025-04-28,392,392,1,8.16,Received
PO-480239,39,SUP-111,B000072,YEG3,2025-04-22,2025-04-29,2025-04-28,52,52,0,16.47,Received
PO-480239,36,SUP-111,B000111,YYZ4,2025-04-22,2025-04-29,2025-04-28,96,96,0,11.26,Received
PO-480239,38,SUP-111,B000145,YYC1,2025-04-22,2025-04-29,2025-04-28,48,48,0,13.18,Received
PO-480239,35,SUP-111,B000147,YYZ4,2025-04-22,2025-04-29,2025-04-28,612,533,1,34.39,Received
PO-480239,34,SUP-111,B000187,YYZ4,2025-04-22,2025-04-29,2025-04-28,96,96,0,18.92,Received
PO-480239,32,SUP-111,B000191,YVR2,2025-04-22,2025-04-29,2025-04-28,7,6,0,12.14,Received
PO-480239,43,SUP-111,B000218,YYC1,2025-04-22,2025-04-29,2025-04-28,168,168,1,3.34,Received
PO-480239,42,SUP-111,B000337,YYZ4,2025-04-22,2025-04-29,2025-04-28,84,84,0,10.03,Received
PO-480239,40,SUP-111,B000404,YYZ4,2025-04-22,2025-04-29,2025-04-28,80,80,0,6.26,Received
PO-480239,33,SUP-111,B000418,YYZ4,2025-04-22,2025-04-29,2025-04-28,192,192,1,20.14,Received
PO-480352,68,SUP-114,B000139,YUL5,2025-04-24,2025-06-07,2025-06-02,16,16,0,53.47,Received
PO-480352,71,SUP-114,B000193,YYC1,2025-04-24,2025-06-07,2025-06-02,552,552,13,39.69,Received
PO-480352,67,SUP-114,B000209,YYC1,2025-04-24,2025-06-07,2025-06-02,28,27,1,40.77,Received
PO-480352,69,SUP-114,B000227,YYC1,2025-04-24,2025-06-07,2025-06-02,48,48,3,55.69,Received
PO-480352,72,SUP-114,B000247,YYZ4,2025-04-24,2025-06-07,2025-06-02,24,24,1,29.87,Received
PO-480352,70,SUP-114,B000270,YHZ1,2025-04-24,2025-06-07,2025-06-02,84,84,5,42.84,Received
PO-480352,66,SUP-114,B000302,YWG2,2025-04-24,2025-06-07,2025-06-02,16,16,0,37.95,Received
PO-480352,73,SUP-114,B000345,YHZ1,2025-04-24,2025-06-07,2025-06-02,144,138,2,58.25,Received
PO-480469,86,SUP-120,B000008,YHZ1,2025-04-24,2025-04-30,2025-05-03,228,228,1,3.7,Received
PO-480469,99,SUP-120,B000012,YVR2,2025-04-24,2025-04-30,2025-05-03,64,50,0,9.46,Received
PO-480469,94,SUP-120,B000052,YUL5,2025-04-24,2025-04-30,2025-05-03,70,70,0,3.12,Received
PO-480469,92,SUP-120,B000130,YVR2,2025-04-24,2025-04-30,2025-05-03,84,84,0,4.08,Received
PO-480469,91,SUP-120,B000196,YYZ4,2025-04-24,2025-04-30,2025-05-03,6,6,0,7.3,Received
PO-480469,97,SUP-120,B000197,YWG2,2025-04-24,2025-04-30,2025-05-03,24,24,0,7.26,Received
PO-480469,95,SUP-120,B000199,YYC1,2025-04-24,2025-04-30,2025-05-03,364,364,1,17.21,Received
PO-480469,90,SUP-120,B000210,YEG3,2025-04-24,2025-04-30,2025-05-03,96,96,0,2.12,Received
PO-480469,87,SUP-120,B000250,YHZ1,2025-04-24,2025-04-30,2025-05-03,108,108,0,3.15,Received
PO-480469,89,SUP-120,B000269,YYC1,2025-04-24,2025-04-30,2025-05-03,24,24,0,2.24,Received
PO-480469,98,SUP-120,B000310,YYZ4,2025-04-24,2025-04-30,2025-05-03,104,104,0,2.96,Received
PO-480469,93,SUP-120,B000321,YYZ4,2025-04-24,2025-04-30,2025-05-03,60,60,0,8.49,Received
PO-480469,96,SUP-120,B000338,YYZ4,2025-04-24,2025-04-30,2025-05-03,1304,1114,3,3.88,Received
PO-480469,88,SUP-120,B000365,YYZ4,2025-04-24,2025-04-30,2025-05-03,18,18,0,4.97,Received
PO-480110,15,SUP-105,B000023,YYC1,2025-04-25,2025-05-04,2025-05-04,16,16,0,55.53,Received
PO-480110,12,SUP-105,B000025,YVR2,2025-04-25,2025-05-04,2025-05-04,32,32,0,34.44,Received
PO-480110,4,SUP-105,B000043,YVR2,2025-04-25,2025-05-04,2025-05-04,28,28,0,81.24,Received
PO-480110,10,SUP-105,B000071,YVR2,2025-04-25,2025-05-04,2025-05-04,144,144,0,52.68,Received
PO-480110,99,SUP-105,B000097,YYC1,2025-04-25,2025-05-04,2025-05-04,252,235,1,48.69,Received
PO-480110,8,SUP-105,B000153,YVR2,2025-04-25,2025-05-04,2025-05-04,702,702,2,9.61,Received
PO-480110,13,SUP-105,B000213,YYZ4,2025-04-25,2025-05-04,2025-05-04,68,68,0,46.02,Received
PO-480110,1,SUP-105,B000216,YUL5,2025-04-25,2025-05-04,2025-05-04,102,102,0,49.89,Received
PO-480110,7,SUP-105,B000263,YYZ4,2025-04-25,2025-05-04,2025-05-04,256,256,1,50.34,Received
PO-480110,5,SUP-105,B000282,YYZ4,2025-04-25,2025-05-04,2025-05-04,95,95,1,55.18,Received
PO-480110,6,SUP-105,B000284,YWG2,2025-04-25,2025-05-04,2025-05-04,62,62,0,19.61,Received
PO-480110,14,SUP-105,B000308,YUL5,2025-04-25,2025-05-04,2025-05-04,72,63,0,10.93,Received
PO-480110,2,SUP-105,B000320,YYZ4,2025-04-25,2025-05-04,2025-05-04,96,96,0,15.12,Received
PO-480110,9,SUP-105,B000369,YYZ4,2025-04-25,2025-05-04,2025-05-04,48,48,0,12.66,Received
PO-480110,3,SUP-105,B000380,YEG3,2025-04-25,2025-05-04,2025-05-04,28,26,0,31.53,Received
PO-480110,11,SUP-105,B000410,YYZ4,2025-04-25,2025-05-04,2025-05-04,96,96,0,31.02,Received
PO-480219,73,SUP-110,B000017,YEG3,2025-04-26,2025-06-01,2025-06-14,3840,3840,139,37.04,Received
PO-480219,66,SUP-110,B000020,YVR2,2025-04-26,2025-06-01,2025-06-14,60,60,2,26.71,Received
PO-480219,75,SUP-110,B000055,YUL5,2025-04-26,2025-06-01,2025-06-14,208,208,4,23.61,Received
PO-480219,67,SUP-110,B000082,YHZ1,2025-04-26,2025-06-01,2025-06-14,5736,5736,175,43.59,Received
PO-480219,76,SUP-110,B000094,YHZ1,2025-04-26,2025-06-01,2025-06-14,936,870,39,14.88,Received
PO-480219,70,SUP-110,B000103,YEG3,2025-04-26,2025-06-01,2025-06-14,108,108,3,12.96,Received
PO-480219,68,SUP-110,B000129,YYZ4,2025-04-26,2025-06-01,2025-06-14,7758,7758,278,47.77,Received
PO-480219,65,SUP-110,B000158,YVR2,2025-04-26,2025-06-01,2025-06-14,144,144,3,23.4,Received
PO-480219,64,SUP-110,B000184,YUL5,2025-04-26,2025-06-01,2025-06-14,372,372,15,18.21,Received
PO-480219,72,SUP-110,B000303,YYZ4,2025-04-26,2025-06-01,2025-06-14,168,168,5,9.43,Received
PO-480219,69,SUP-110,B000325,YYZ4,2025-04-26,2025-06-01,2025-06-14,1260,1260,56,11.69,Received
PO-480219,78,SUP-110,B000344,YUL5,2025-04-26,2025-06-01,2025-06-14,172,172,3,25.74,Received
PO-480219,77,SUP-110,B000347,YHZ1,2025-04-26,2025-06-01,2025-06-14,24,24,0,8.39,Received
PO-480219,74,SUP-110,B000407,YUL5,2025-04-26,2025-06-01,2025-06-14,344,344,15,13.84,Received
PO-480219,71,SUP-110,B000411,YYZ4,2025-04-26,2025-06-01,2025-06-14,32,28,1,16.13,Received
PO-480513,79,SUP-122,B000003,YVR2,2025-04-27,2025-05-28,2025-05-27,816,816,3,116.68,Received
PO-480513,83,SUP-122,B000067,YYZ4,2025-04-27,2025-05-28,2025-05-27,384,329,2,26.62,Received
PO-480513,80,SUP-122,B000068,YUL5,2025-04-27,2025-05-28,2025-05-27,72,72,0,53.46,Received
PO-480513,85,SUP-122,B000141,YYC1,2025-04-27,2025-05-28,2025-05-27,808,808,3,44.89,Received
PO-480513,84,SUP-122,B000235,YYZ4,2025-04-27,2025-05-28,2025-05-27,144,144,1,59.11,Received
PO-480513,88,SUP-122,B000264,YEG3,2025-04-27,2025-05-28,2025-05-27,30,29,0,32.04,Received
PO-480513,82,SUP-122,B000271,YEG3,2025-04-27,2025-05-28,2025-05-27,64,59,1,23.34,Received
PO-480513,87,SUP-122,B000285,YEG3,2025-04-27,2025-05-28,2025-05-27,28,28,0,99.56,Received
PO-480513,81,SUP-122,B000341,YYC1,2025-04-27,2025-05-28,2025-05-27,3044,3044,25,57.14,Received
PO-480513,86,SUP-122,B000352,YVR2,2025-04-27,2025-05-28,2025-05-27,36,33,0,42.99,Received
PO-480033,93,SUP-103,B000000,YHZ1,2025-04-29,2025-05-11,2025-05-04,25,25,0,5.35,Received
PO-480033,95,SUP-103,B000006,YYC1,2025-04-29,2025-05-11,2025-05-04,204,204,2,10.47,Received
PO-480033,88,SUP-103,B000024,YEG3,2025-04-29,2025-05-11,2025-05-04,408,408,0,24.8,Received
PO-480033,87,SUP-103,B000119,YYC1,2025-04-29,2025-05-11,2025-05-04,54,54,1,15.29,Received
PO-480033,97,SUP-103,B000133,YYZ4,2025-04-29,2025-05-11,2025-05-04,12,12,0,15.18,Received
PO-480033,90,SUP-103,B000291,YYZ4,2025-04-29,2025-05-11,2025-05-04,52,52,0,17.87,Received
PO-480033,94,SUP-103,B000295,YYZ4,2025-04-29,2025-05-11,2025-05-04,6,6,0,18.76,Received
PO-480033,89,SUP-103,B000348,YVR2,2025-04-29,2025-05-11,2025-05-04,1088,1088,13,9.96,Received
PO-480033,91,SUP-103,B000353,YYZ4,2025-04-29,2025-05-11,2025-05-04,8,8,0,13.18,Received
PO-480033,92,SUP-103,B000382,YYZ4,2025-04-29,2025-05-11,2025-05-04,1702,1702,11,9.75,Received
PO-480033,96,SUP-103,B000387,YWG2,2025-04-29,2025-05-11,2025-05-04,118,118,1,40.99,Received
PO-480077,61,SUP-104,B000054,YVR2,2025-04-29,2025-05-09,2025-05-10,32,27,0,12.38,Received
PO-480077,60,SUP-104,B000060,YWG2,2025-04-29,2025-05-09,2025-05-10,1152,1152,6,14.56,Received
PO-480077,62,SUP-104,B000077,YYZ4,2025-04-29,2025-05-09,2025-05-10,192,192,1,55.44,Received
PO-480077,53,SUP-104,B000088,YYZ4,2025-04-29,2025-05-09,2025-05-10,40,40,0,22.27,Received
PO-480077,58,SUP-104,B000095,YWG2,2025-04-29,2025-05-09,2025-05-10,336,336,3,4.5,Received
PO-480077,65,SUP-104,B000150,YUL5,2025-04-29,2025-05-09,2025-05-10,24,24,0,2.47,Received
PO-480077,63,SUP-104,B000214,YYZ4,2025-04-29,2025-05-09,2025-05-10,96,96,0,9.98,Received
PO-480077,59,SUP-104,B000256,YWG2,2025-04-29,2025-05-09,2025-05-10,96,77,0,17.41,Received
PO-480077,54,SUP-104,B000257,YWG2,2025-04-29,2025-05-09,2025-05-10,2120,2120,16,12.7,Received
PO-480077,52,SUP-104,B000290,YYZ4,2025-04-29,2025-05-09,2025-05-10,184,184,1,2.29,Received
PO-480077,64,SUP-104,B000367,YYZ4,2025-04-29,2025-05-09,2025-05-10,85,85,1,4.19,Received
PO-480077,57,SUP-104,B000388,YYZ4,2025-04-29,2025-05-09,2025-05-10,90,90,0,19.55,Received
PO-480077,56,SUP-104,B000412,YYC1,2025-04-29,2025-05-09,2025-05-10,336,336,2,5.35,Received
PO-480077,55,SUP-104,B000417,YYZ4,2025-04-29,2025-05-09,2025-05-10,6,6,0,17.43,Received
PO-480220,87,SUP-110,B000038,YYZ4,2025-04-29,2025-06-04,2025-06-08,72,72,1,29.94,Received
PO-480220,83,SUP-110,B000082,YHZ1,2025-04-29,2025-06-04,2025-06-08,2088,2031,31,43.59,Received
PO-480220,88,SUP-110,B000103,YEG3,2025-04-29,2025-06-04,2025-06-08,276,276,2,12.96,Received
PO-480220,84,SUP-110,B000113,YUL5,2025-04-29,2025-06-04,2025-06-08,144,144,5,5.59,Received
PO-480220,79,SUP-110,B000129,YVR2,2025-04-29,2025-06-04,2025-06-08,13308,13308,481,47.77,Received
PO-480220,85,SUP-110,B000158,YYZ4,2025-04-29,2025-06-04,2025-06-08,88,88,1,23.4,Received
PO-480220,80,SUP-110,B000184,YEG3,2025-04-29,2025-06-04,2025-06-08,1396,1396,55,18.21,Received
PO-480220,89,SUP-110,B000325,YYC1,2025-04-29,2025-06-04,2025-06-08,1540,1249,11,11.69,Received
PO-480220,82,SUP-110,B000347,YYC1,2025-04-29,2025-06-04,2025-06-08,24,24,0,8.39,Received
PO-480220,86,SUP-110,B000363,YHZ1,2025-04-29,2025-06-04,2025-06-08,12,12,0,18.43,Received
PO-480220,81,SUP-110,B000379,YYC1,2025-04-29,2025-06-04,2025-06-08,436,436,5,6.69,Received
PO-480150,86,SUP-106,B000021,YYZ4,2025-05-01,2025-05-25,2025-05-30,96,96,2,16.28,Received
PO-480150,87,SUP-106,B000033,YYZ4,2025-05-01,2025-05-25,2025-05-30,144,132,2,25.32,Received
PO-480150,90,SUP-106,B000066,YYC1,2025-05-01,2025-05-25,2025-05-30,492,393,10,24.86,Received
PO-480150,88,SUP-106,B000098,YYZ4,2025-05-01,2025-05-25,2025-05-30,48,48,1,13.55,Received
PO-480150,85,SUP-106,B000127,YYZ4,2025-05-01,2025-05-25,2025-05-30,144,144,2,15.81,Received
PO-480150,82,SUP-106,B000142,YUL5,2025-05-01,2025-05-25,2025-05-30,48,48,0,12.57,Received
PO-480150,83,SUP-106,B000239,YYZ4,2025-05-01,2025-05-25,2025-05-30,96,96,1,12.84,Received
PO-480150,81,SUP-106,B000251,YYZ4,2025-05-01,2025-05-25,2025-05-30,92,92,2,12.22,Received
PO-480150,91,SUP-106,B000255,YHZ1,2025-05-01,2025-05-25,2025-05-30,30,30,1,18.41,Received
PO-480150,89,SUP-106,B000288,YVR2,2025-05-01,2025-05-25,2025-05-30,96,96,2,9.3,Received
PO-480150,84,SUP-106,B000294,YYZ4,2025-05-01,2025-05-25,2025-05-30,552,445,7,42.52,Received
PO-480150,94,SUP-106,B000301,YYC1,2025-05-01,2025-05-25,2025-05-30,152,152,0,37.32,Received
PO-480150,93,SUP-106,B000316,YYC1,2025-05-01,2025-05-25,2025-05-30,80,80,1,11.05,Received
PO-480150,80,SUP-106,B000362,YUL5,2025-05-01,2025-05-25,2025-05-30,492,492,6,52.53,Received
PO-480150,92,SUP-106,B000378,YUL5,2025-05-01,2025-05-25,2025-05-30,15048,15048,9,9.25,Received
PO-480150,79,SUP-106,B000389,YUL5,2025-05-01,2025-05-25,2025-05-30,48,48,1,28.39,Received
PO-480034,2,SUP-103,B000000,YHZ1,2025-05-02,2025-05-14,2025-05-11,18,18,0,5.35,Received
PO-480034,6,SUP-103,B000133,YVR2,2025-05-02,2025-05-14,2025-05-11,8,8,0,15.18,Received
PO-480034,99,SUP-103,B000178,YVR2,2025-05-02,2025-05-14,2025-05-11,624,624,5,27.42,Received
PO-480034,3,SUP-103,B000194,YYZ4,2025-05-02,2025-05-14,2025-05-11,76,76,0,12.16,Received
PO-480034,8,SUP-103,B000273,YYZ4,2025-05-02,2025-05-14,2025-05-11,32,32,0,23.72,Received
PO-480034,4,SUP-103,B000278,YVR2,2025-05-02,2025-05-14,2025-05-11,60,60,0,38.05,Received
PO-480034,10,SUP-103,B000295,YYZ4,2025-05-02,2025-05-14,2025-05-11,78,78,0,18.76,Received
PO-480034,7,SUP-103,B000312,YYC1,2025-05-02,2025-05-14,2025-05-11,438,438,4,11.5,Received
PO-480034,9,SUP-103,B000348,YVR2,2025-05-02,2025-05-14,2025-05-11,160,160,0,9.96,Received
PO-480034,5,SUP-103,B000353,YYZ4,2025-05-02,2025-05-14,2025-05-11,14,14,0,13.18,Received
PO-480034,98,SUP-103,B000387,YYZ4,2025-05-02,2025-05-14,2025-05-11,143,143,0,40.99,Received
PO-480034,1,SUP-103,B000413,YVR2,2025-05-02,2025-05-14,2025-05-11,48,48,0,27.73,Received
PO-480386,53,SUP-116,B000164,YWG2,2025-05-02,2025-06-06,2025-05-31,416,416,1,52.28,Received
PO-480386,51,SUP-116,B000179,YYZ4,2025-05-02,2025-06-06,2025-05-31,195,195,1,62.15,Received
PO-480386,40,SUP-116,B000185,YYZ4,2025-05-02,2025-06-06,2025-05-31,336,336,1,23.78,Received
PO-480386,49,SUP-116,B000223,YUL5,2025-05-02,2025-06-06,2025-05-31,348,348,2,48.99,Received
PO-480386,41,SUP-116,B000228,YYC1,2025-05-02,2025-06-06,2025-05-31,384,384,2,51.13,Received
PO-480386,44,SUP-116,B000234,YHZ1,2025-05-02,2025-06-06,2025-05-31,109,109,0,68.84,Received
PO-480386,48,SUP-116,B000240,YYZ4,2025-05-02,2025-06-06,2025-05-31,464,464,2,9.44,Received
PO-480386,46,SUP-116,B000318,YUL5,2025-05-02,2025-06-06,2025-05-31,224,224,1,27.75,Received
PO-480386,45,SUP-116,B000335,YUL5,2025-05-02,2025-06-06,2025-05-31,1200,1200,5,57.26,Received
PO-480386,47,SUP-116,B000358,YYZ4,2025-05-02,2025-06-06,2025-05-31,115,115,0,85.05,Received
PO-480386,43,SUP-116,B000360,YYZ4,2025-05-02,2025-06-06,2025-05-31,16,16,0,13.52,Received
PO-480386,50,SUP-116,B000375,YYZ4,2025-05-02,2025-06-06,2025-05-31,292,292,1,81.72,Received
PO-480386,52,SUP-116,B000384,YYZ4,2025-05-02,2025-06-06,2025-05-31,108,93,0,152.21,Received
PO-480386,42,SUP-116,B000401,YHZ1,2025-05-02,2025-06-06,2025-05-31,117,117,0,26.64,Received
PO-480367,13,SUP-115,B000034,YVR2,2025-05-04,2025-06-06,2025-05-29,908,908,1,72.97,Received
PO-480367,11,SUP-115,B000047,YYC1,2025-05-04,2025-06-06,2025-05-29,204,204,2,63.07,Received
PO-480367,19,SUP-115,B000051,YYZ4,2025-05-04,2025-06-06,2025-05-29,46,46,0,17.69,Received
PO-480367,20,SUP-115,B000053,YUL5,2025-05-04,2025-06-06,2025-05-29,72,72,1,15.69,Received
PO-480367,8,SUP-115,B000116,YHZ1,2025-05-04,2025-06-06,2025-05-29,2714,2714,3,59.9,Received
PO-480367,16,SUP-115,B000138,YVR2,2025-05-04,2025-06-06,2025-05-29,58,58,1,25.11,Received
PO-480367,15,SUP-115,B000157,YEG3,2025-05-04,2025-06-06,2025-05-29,96,96,1,58.52,Received
PO-480367,18,SUP-115,B000241,YVR2,2025-05-04,2025-06-06,2025-05-29,508,415,6,43.91,Received
PO-480367,10,SUP-115,B000244,YWG2,2025-05-04,2025-06-06,2025-05-29,228,228,2,31.25,Received
PO-480367,17,SUP-115,B000287,YYZ4,2025-05-04,2025-06-06,2025-05-29,44,44,0,94.57,Received
PO-480367,9,SUP-115,B000328,YWG2,2025-05-04,2025-06-06,2025-05-29,38,38,1,28.33,Received
PO-480367,12,SUP-115,B000359,YUL5,2025-05-04,2025-06-06,2025-05-29,72,72,0,69.57,Received
PO-480367,14,SUP-115,B000377,YUL5,2025-05-04,2025-06-06,2025-05-29,48,48,1,61.98,Received
PO-480514,92,SUP-122,B000003,YYZ4,2025-05-04,2025-06-04,2025-06-12,732,732,0,116.68,Received
PO-480514,96,SUP-122,B000067,YUL5,2025-05-04,2025-06-04,2025-06-12,336,336,2,26.62,Received
PO-480514,98,SUP-122,B000068,YHZ1,2025-05-04,2025-06-04,2025-06-12,12,12,0,53.46,Received
PO-480514,97,SUP-122,B000141,YYZ4,2025-05-04,2025-06-04,2025-06-12,60,60,1,44.89,Received
PO-480514,91,SUP-122,B000235,YHZ1,2025-05-04,2025-06-04,2025-06-12,24,24,0,59.11,Received
PO-480514,89,SUP-122,B000264,YVR2,2025-05-04,2025-06-04,2025-06-12,24,24,0,32.04,Received
PO-480514,95,SUP-122,B000271,YYZ4,2025-05-04,2025-06-04,2025-06-12,80,80,1,23.34,Received
PO-480514,90,SUP-122,B000285,YYZ4,2025-05-04,2025-06-04,2025-06-12,15,15,0,99.56,Received
PO-480514,93,SUP-122,B000341,YYC1,2025-05-04,2025-06-04,2025-06-12,1442,1442,3,57.14,Received
PO-480514,94,SUP-122,B000352,YYZ4,2025-05-04,2025-06-04,2025-06-12,12,12,0,42.99,Received
PO-480035,11,SUP-103,B000000,YHZ1,2025-05-05,2025-05-17,2025-05-19,17,17,0,5.35,Received
PO-480035,20,SUP-103,B000024,YUL5,2025-05-05,2025-05-17,2025-05-19,636,545,3,24.8,Received
PO-480035,26,SUP-103,B000079,YYZ4,2025-05-05,2025-05-17,2025-05-19,64,64,1,12.85,Received
PO-480035,16,SUP-103,B000119,YYZ4,2025-05-05,2025-05-17,2025-05-19,36,36,0,15.29,Received
PO-480035,21,SUP-103,B000133,YVR2,2025-05-05,2025-05-17,2025-05-19,8,8,0,15.18,Received
PO-480035,19,SUP-103,B000178,YUL5,2025-05-05,2025-05-17,2025-05-19,1320,1320,1,27.42,Received
PO-480035,17,SUP-103,B000194,YYZ4,2025-05-05,2025-05-17,2025-05-19,32,32,0,12.16,Received
PO-480035,13,SUP-103,B000246,YYZ4,2025-05-05,2025-05-17,2025-05-19,12,12,0,48.07,Received
PO-480035,14,SUP-103,B000273,YYZ4,2025-05-05,2025-05-17,2025-05-19,32,32,0,23.72,Received
PO-480035,22,SUP-103,B000278,YHZ1,2025-05-05,2025-05-17,2025-05-19,66,66,0,38.05,Received
PO-480035,25,SUP-103,B000291,YUL5,2025-05-05,2025-05-17,2025-05-19,48,48,1,17.87,Received
PO-480035,15,SUP-103,B000295,YVR2,2025-05-05,2025-05-17,2025-05-19,49,49,1,18.76,Received
PO-480035,23,SUP-103,B000312,YYZ4,2025-05-05,2025-05-17,2025-05-19,415,415,2,11.5,Received
PO-480035,28,SUP-103,B000348,YUL5,2025-05-05,2025-05-17,2025-05-19,552,552,4,9.96,Received
PO-480035,18,SUP-103,B000353,YVR2,2025-05-05,2025-05-17,2025-05-19,10,10,0,13.18,Received
PO-480035,27,SUP-103,B000382,YYC1,2025-05-05,2025-05-17,2025-05-19,1536,1337,12,9.75,Received
PO-480035,24,SUP-103,B000399,YYC1,2025-05-05,2025-05-17,2025-05-19,56,56,0,19.26,Received
PO-480035,12,SUP-103,B000413,YVR2,2025-05-05,2025-05-17,2025-05-19,72,72,0,27.73,Received
PO-480275,71,SUP-112,B000026,YYC1,2025-05-05,2025-05-19,2025-05-26,48,48,1,18.63,Received
PO-480275,80,SUP-112,B000061,YUL5,2025-05-05,2025-05-19,2025-05-26,36,36,0,9.8,Received
PO-480275,75,SUP-112,B000076,YYZ4,2025-05-05,2025-05-19,2025-05-26,18,18,0,31.77,Received
PO-480275,76,SUP-112,B000086,YYZ4,2025-05-05,2025-05-19,2025-05-26,68,68,0,8.8,Received
PO-480275,78,SUP-112,B000151,YUL5,2025-05-05,2025-05-19,2025-05-26,309,309,3,10.75,Received
PO-480275,73,SUP-112,B000242,YHZ1,2025-05-05,2025-05-19,2025-05-26,588,588,7,7.44,Received
PO-480275,79,SUP-112,B000248,YYZ4,2025-05-05,2025-05-19,2025-05-26,206,206,1,20.2,Received
PO-480275,72,SUP-112,B000339,YVR2,2025-05-05,2025-05-19,2025-05-26,1736,1736,5,17.86,Received
PO-480275,77,SUP-112,B000354,YYC1,2025-05-05,2025-05-19,2025-05-26,96,96,1,3.98,Received
PO-480275,74,SUP-112,B000357,YVR2,2025-05-05,2025-05-19,2025-05-26,405,405,6,2.48,Received
PO-480175,5,SUP-107,B000014,YYZ4,2025-05-08,2025-06-11,2025-06-15,480,480,3,22.31,Received
PO-480175,3,SUP-107,B000044,YWG2,2025-05-08,2025-06-11,2025-06-15,186,186,2,49.42,Received
PO-480175,8,SUP-107,B000064,YVR2,2025-05-08,2025-06-11,2025-06-15,110,110,0,40.08,Received
PO-480175,7,SUP-107,B000085,YVR2,2025-05-08,2025-06-11,2025-06-15,216,216,2,85.16,Received
PO-480175,9,SUP-107,B000104,YVR2,2025-05-08,2025-06-11,2025-06-15,84,84,1,16.04,Received
PO-480175,10,SUP-107,B000114,YYZ4,2025-05-08,2025-06-11,2025-06-15,60,60,0,74.15,Received
PO-480175,12,SUP-107,B000117,YYZ4,2025-05-08,2025-06-11,2025-06-15,36,29,0,10.32,Received
PO-480175,2,SUP-107,B000121,YYZ4,2025-05-08,2025-06-11,2025-06-15,18,18,0,27.65,Received
PO-480175,11,SUP-107,B000148,YYC1,2025-05-08,2025-06-11,2025-06-15,612,612,5,21.53,Received
PO-480175,6,SUP-107,B000173,YYC1,2025-05-08,2025-06-11,2025-06-15,108,108,0,20.12,Received
PO-480175,4,SUP-107,B000200,YHZ1,2025-05-08,2025-06-11,2025-06-15,200,166,1,42.44,Received
PO-480175,1,SUP-107,B000336,YUL5,2025-05-08,2025-06-11,2025-06-15,54,54,1,61.89,Received
PO-480175,98,SUP-107,B000350,YYC1,2025-05-08,2025-06-11,2025-06-15,192,183,1,48.35,Received
PO-480175,13,SUP-107,B000356,YEG3,2025-05-08,2025-06-11,2025-06-15,144,144,2,30.35,Received
PO-480175,99,SUP-107,B000394,YVR2,2025-05-08,2025-06-11,2025-06-15,4308,4308,26,19.24,Received
PO-480221,7,SUP-110,B000017,YEG3,2025-05-08,2025-06-13,2025-06-30,4656,4656,200,37.04,Received
PO-480221,6,SUP-110,B000020,YVR2,2025-05-08,2025-06-13,2025-06-30,24,19,0,26.71,Received
PO-480221,99,SUP-110,B000050,YEG3,2025-05-08,2025-06-13,2025-06-30,108,108,4,10.46,Received
PO-480221,1,SUP-110,B000055,YUL5,2025-05-08,2025-06-13,2025-06-30,212,212,2,23.61,Received
PO-480221,90,SUP-110,B000082,YWG2,2025-05-08,2025-06-13,2025-06-30,996,996,29,43.59,Received
PO-480221,5,SUP-110,B000094,YEG3,2025-05-08,2025-06-13,2025-06-30,868,868,40,14.88,Received
PO-480221,98,SUP-110,B000103,YEG3,2025-05-08,2025-06-13,2025-06-30,120,120,4,12.96,Received
PO-480221,93,SUP-110,B000113,YVR2,2025-05-08,2025-06-13,2025-06-30,432,432,18,5.59,Received
PO-480221,8,SUP-110,B000129,YVR2,2025-05-08,2025-06-13,2025-06-30,10728,10728,189,47.77,Received
PO-480221,97,SUP-110,B000158,YVR2,2025-05-08,2025-06-13,2025-06-30,72,72,3,23.4,Received
PO-480221,2,SUP-110,B000303,YYZ4,2025-05-08,2025-06-13,2025-06-30,120,120,4,9.43,Received
PO-480221,91,SUP-110,B000325,YYC1,2025-05-08,2025-06-13,2025-06-30,1388,1388,27,11.69,Received
PO-480221,96,SUP-110,B000344,YUL5,2025-05-08,2025-06-13,2025-06-30,74,74,0,25.74,Received
PO-480221,3,SUP-110,B000363,YHZ1,2025-05-08,2025-06-13,2025-06-30,12,12,0,18.43,Received
PO-480221,94,SUP-110,B000379,YUL5,2025-05-08,2025-06-13,2025-06-30,316,316,6,6.69,Received
PO-480221,4,SUP-110,B000403,YUL5,2025-05-08,2025-06-13,2025-06-30,137,131,6,32.5,Received
PO-480221,92,SUP-110,B000407,YUL5,2025-05-08,2025-06-13,2025-06-30,480,458,17,13.84,Received
PO-480221,95,SUP-110,B000411,YYZ4,2025-05-08,2025-06-13,2025-06-30,72,72,2,16.13,Received
PO-480504,87,SUP-121,B000022,YHZ1,2025-05-10,2025-06-29,2025-08-01,864,864,1,23.15,Received
PO-480504,94,SUP-121,B000045,YYZ4,2025-05-10,2025-06-29,2025-08-01,78,78,1,57.92,Received
PO-480504,92,SUP-121,B000152,YYC1,2025-05-10,2025-06-29,2025-08-01,450,450,2,28.18,Received
PO-480504,89,SUP-121,B000161,YUL5,2025-05-10,2025-06-29,2025-08-01,294,294,12,20.9,Received
PO-480504,91,SUP-121,B000174,YUL5,2025-05-10,2025-06-29,2025-08-01,288,288,11,29.82,Received
PO-480504,96,SUP-121,B000220,YYC1,2025-05-10,2025-06-29,2025-08-01,168,168,9,19.35,Received
PO-480504,93,SUP-121,B000276,YYZ4,2025-05-10,2025-06-29,2025-08-01,96,91,4,23.17,Received
PO-480504,88,SUP-121,B000392,YYZ4,2025-05-10,2025-06-29,2025-08-01,2232,2232,26,42.02,Received
PO-480504,90,SUP-121,B000408,YYC1,2025-05-10,2025-06-29,2025-08-01,252,252,3,43.76,Received
PO-480504,95,SUP-121,B000409,YUL5,2025-05-10,2025-06-29,2025-08-01,180,180,6,15.72,Received
PO-480314,55,SUP-113,B000028,YEG3,2025-05-11,2025-05-27,2025-05-27,8,8,0,33.32,Received
PO-480314,50,SUP-113,B000030,YYZ4,2025-05-11,2025-05-27,2025-05-27,48,48,0,26.33,Received
PO-480314,53,SUP-113,B000070,YVR2,2025-05-11,2025-05-27,2025-05-27,638,638,11,8.73,Received
PO-480314,54,SUP-113,B000078,YYZ4,2025-05-11,2025-05-27,2025-05-27,12,12,0,172.65,Received
PO-480314,52,SUP-113,B000106,YYC1,2025-05-11,2025-05-27,2025-05-27,240,240,3,11.64,Received
PO-480314,51,SUP-113,B000135,YYZ4,2025-05-11,2025-05-27,2025-05-27,48,48,0,13.09,Received
PO-480314,46,SUP-113,B000154,YWG2,2025-05-11,2025-05-27,2025-05-27,600,600,5,6.27,Received
PO-480314,49,SUP-113,B000182,YWG2,2025-05-11,2025-05-27,2025-05-27,732,732,15,8.68,Received
PO-480314,48,SUP-113,B000198,YYZ4,2025-05-11,2025-05-27,2025-05-27,96,96,1,27.58,Received
PO-480314,45,SUP-113,B000231,YHZ1,2025-05-11,2025-05-27,2025-05-27,102,102,1,17.01,Received
PO-480314,57,SUP-113,B000298,YYC1,2025-05-11,2025-05-27,2025-05-27,640,640,6,39.04,Received
PO-480314,47,SUP-113,B000326,YYC1,2025-05-11,2025-05-27,2025-05-27,360,360,4,9.48,Received
PO-480314,56,SUP-113,B000334,YYZ4,2025-05-11,2025-05-27,2025-05-27,7,6,0,8.22,Received
PO-480314,44,SUP-113,B000406,YYC1,2025-05-11,2025-05-27,2025-05-27,282,282,2,12.22,Received
PO-480314,43,SUP-113,B000419,YVR2,2025-05-11,2025-05-27,2025-05-27,56,56,0,34.2,Received
PO-480368,27,SUP-115,B000035,YUL5,2025-05-11,2025-06-13,2025-06-01,48,48,1,30.33,Received
PO-480368,23,SUP-115,B000047,YYC1,2025-05-11,2025-06-13,2025-06-01,294,294,3,63.07,Received
PO-480368,21,SUP-115,B000053,YUL5,2025-05-11,2025-06-13,2025-06-01,43,37,0,15.69,Received
PO-480368,29,SUP-115,B000126,YHZ1,2025-05-11,2025-06-13,2025-06-01,908,908,1,5.33,Received
PO-480368,26,SUP-115,B000138,YVR2,2025-05-11,2025-06-13,2025-06-01,121,121,1,25.11,Received
PO-480368,22,SUP-115,B000244,YEG3,2025-05-11,2025-06-13,2025-06-01,312,312,3,31.25,Received
PO-480368,28,SUP-115,B000258,YYC1,2025-05-11,2025-06-13,2025-06-01,739,644,2,7.11,Received
PO-480368,31,SUP-115,B000300,YHZ1,2025-05-11,2025-06-13,2025-06-01,612,612,8,30.93,Received
PO-480368,24,SUP-115,B000328,YUL5,2025-05-11,2025-06-13,2025-06-01,21,21,0,28.33,Received
PO-480368,25,SUP-115,B000333,YYC1,2025-05-11,2025-06-13,2025-06-01,171,171,1,53.66,Received
PO-480368,30,SUP-115,B000376,YEG3,2025-05-11,2025-06-13,2025-06-01,1008,1008,4,94.61,Received
PO-480368,32,SUP-115,B000377,YWG2,2025-05-11,2025-06-13,2025-06-01,24,24,0,61.98,Received
PO-480470,9,SUP-120,B000008,YEG3,2025-05-13,2025-05-19,2025-05-18,68,60,0,3.7,Received
PO-480470,4,SUP-120,B000012,YYZ4,2025-05-13,2025-05-19,2025-05-18,260,245,1,9.46,Received
PO-480470,2,SUP-120,B000052,YUL5,2025-05-13,2025-05-19,2025-05-18,148,148,1,3.12,Received
PO-480470,13,SUP-120,B000130,YYZ4,2025-05-13,2025-05-19,2025-05-18,60,60,0,4.08,Received
PO-480470,3,SUP-120,B000195,YVR2,2025-05-13,2025-05-19,2025-05-18,16,16,0,6.65,Received
PO-480470,1,SUP-120,B000196,YYZ4,2025-05-13,2025-05-19,2025-05-18,4,3,0,7.3,Received
PO-480470,6,SUP-120,B000197,YYZ4,2025-05-13,2025-05-19,2025-05-18,36,30,0,7.26,Received
PO-480470,10,SUP-120,B000199,YYZ4,2025-05-13,2025-05-19,2025-05-18,132,132,0,17.21,Received
PO-480470,11,SUP-120,B000250,YYZ4,2025-05-13,2025-05-19,2025-05-18,164,164,0,3.15,Received
PO-480470,7,SUP-120,B000269,YYC1,2025-05-13,2025-05-19,2025-05-18,24,24,0,2.24,Received
PO-480470,5,SUP-120,B000321,YYZ4,2025-05-13,2025-05-19,2025-05-18,116,116,0,8.49,Received
PO-480470,12,SUP-120,B000338,YVR2,2025-05-13,2025-05-19,2025-05-18,288,288,1,3.88,Received
PO-480470,8,SUP-120,B000365,YYZ4,2025-05-13,2025-05-19,2025-05-18,18,18,0,4.97,Received
PO-480471,16,SUP-120,B000012,YEG3,2025-05-14,2025-05-20,2025-05-20,140,140,0,9.46,Received
PO-480471,18,SUP-120,B000130,YVR2,2025-05-14,2025-05-20,2025-05-20,60,60,0,4.08,Received
PO-480471,17,SUP-120,B000196,YYZ4,2025-05-14,2025-05-20,2025-05-20,2,2,0,7.3,Received
PO-480471,19,SUP-120,B000210,YYC1,2025-05-14,2025-05-20,2025-05-20,432,432,1,2.12,Received
PO-480471,15,SUP-120,B000250,YHZ1,2025-05-14,2025-05-20,2025-05-20,40,33,0,3.15,Received
PO-480471,20,SUP-120,B000269,YYZ4,2025-05-14,2025-05-20,2025-05-20,24,24,0,2.24,Received
PO-480471,14,SUP-120,B000365,YUL5,2025-05-14,2025-05-20,2025-05-20,102,102,0,4.97,Received
PO-480315,61,SUP-113,B000009,YYC1,2025-05-15,2025-05-31,2025-06-05,62,62,1,15.41,Received
PO-480315,69,SUP-113,B000030,YYZ4,2025-05-15,2025-05-31,2025-06-05,48,48,1,26.33,Received
PO-480315,59,SUP-113,B000063,YEG3,2025-05-15,2025-05-31,2025-06-05,748,748,10,20.49,Received
PO-480315,68,SUP-113,B000106,YEG3,2025-05-15,2025-05-31,2025-06-05,96,83,2,11.64,Received
PO-480315,67,SUP-113,B000136,YYZ4,2025-05-15,2025-05-31,2025-06-05,8,8,0,38.25,Received
PO-480315,62,SUP-113,B000182,YVR2,2025-05-15,2025-05-31,2025-06-05,1052,1052,4,8.68,Received
PO-480315,64,SUP-113,B000198,YHZ1,2025-05-15,2025-05-31,2025-06-05,228,228,1,27.58,Received
PO-480315,65,SUP-113,B000231,YHZ1,2025-05-15,2025-05-31,2025-06-05,54,54,0,17.01,Received
PO-480315,66,SUP-113,B000326,YYC1,2025-05-15,2025-05-31,2025-06-05,192,192,2,9.48,Received
PO-480315,60,SUP-113,B000395,YYZ4,2025-05-15,2025-05-31,2025-06-05,60,60,1,9.53,Received
PO-480315,58,SUP-113,B000406,YHZ1,2025-05-15,2025-05-31,2025-06-05,54,54,1,12.22,Received
PO-480315,63,SUP-113,B000419,YYZ4,2025-05-15,2025-05-31,2025-06-05,40,40,0,34.2,Received
PO-480209,64,SUP-109,B000056,YYZ4,2025-05-17,2025-07-04,2025-08-28,3888,3888,6,224.05,Received
PO-480209,68,SUP-109,B000171,YWG2,2025-05-17,2025-07-04,2025-08-28,672,672,48,99.79,Received
PO-480209,69,SUP-109,B000211,YYZ4,2025-05-17,2025-07-04,2025-08-28,468,468,17,42.79,Received
PO-480209,63,SUP-109,B000219,YYZ4,2025-05-17,2025-07-04,2025-08-28,36,36,2,32.21,Received
PO-480209,67,SUP-109,B000260,YYZ4,2025-05-17,2025-07-04,2025-08-28,16,13,0,27.53,Received
PO-480209,65,SUP-109,B000289,YUL5,2025-05-17,2025-07-04,2025-08-28,433,433,21,33.98,Received
PO-480209,66,SUP-109,B000314,YUL5,2025-05-17,2025-07-04,2025-08-28,80,80,1,39.46,Received
PO-480192,12,SUP-108,B000084,YUL5,2025-05-18,2025-06-25,2025-07-06,96,96,2,10.08,Received
PO-480192,8,SUP-108,B000144,YEG3,2025-05-18,2025-06-25,2025-07-06,134,134,2,16.5,Received
PO-480192,10,SUP-108,B000226,YEG3,2025-05-18,2025-06-25,2025-07-06,292,292,6,18.36,Received
PO-480192,14,SUP-108,B000254,YUL5,2025-05-18,2025-06-25,2025-07-06,96,96,1,7.63,Received
PO-480192,13,SUP-108,B000268,YUL5,2025-05-18,2025-06-25,2025-07-06,48,40,0,24.53,Received
PO-480192,16,SUP-108,B000299,YUL5,2025-05-18,2025-06-25,2025-07-06,112,112,1,8.34,Received
PO-480192,11,SUP-108,B000313,YYZ4,2025-05-18,2025-06-25,2025-07-06,304,304,1,19.4,Received
PO-480192,15,SUP-108,B000332,YWG2,2025-05-18,2025-06-25,2025-07-06,128,128,1,37.15,Received
PO-480192,9,SUP-108,B000397,YYZ4,2025-05-18,2025-06-25,2025-07-06,80,80,1,29.7,Received
PO-480210,75,SUP-109,B000056,YVR2,2025-05-18,2025-07-05,2025-08-01,10764,9520,669,224.05,Received
PO-480210,70,SUP-109,B000137,YVR2,2025-05-18,2025-07-05,2025-08-01,108,85,2,104.11,Received
PO-480210,72,SUP-109,B000171,YYC1,2025-05-18,2025-07-05,2025-08-01,456,456,32,99.79,Received
PO-480210,79,SUP-109,B000181,YVR2,2025-05-18,2025-07-05,2025-08-01,1080,1080,10,54.45,Received
PO-480210,76,SUP-109,B000211,YUL5,2025-05-18,2025-07-05,2025-08-01,212,212,16,42.79,Received
PO-480210,77,SUP-109,B000260,YVR2,2025-05-18,2025-07-05,2025-08-01,32,32,2,27.53,Received
PO-480210,73,SUP-109,B000262,YYZ4,2025-05-18,2025-07-05,2025-08-01,1325,1325,42,79.31,Received
PO-480210,81,SUP-109,B000277,YEG3,2025-05-18,2025-07-05,2025-08-01,472,472,4,37.83,Received
PO-480210,80,SUP-109,B000289,YEG3,2025-05-18,2025-07-05,2025-08-01,410,410,25,33.98,Received
PO-480210,74,SUP-109,B000329,YUL5,2025-05-18,2025-07-05,2025-08-01,64,64,2,64.01,Received
PO-480210,78,SUP-109,B000368,YUL5,2025-05-18,2025-07-05,2025-08-01,96,96,4,45.85,Received
PO-480210,71,SUP-109,B000405,YYZ4,2025-05-18,2025-07-05,2025-08-01,114,108,5,81.28,Received
PO-480001,6,SUP-101,B000031,YVR2,2025-05-19,2025-06-30,2025-07-03,1428,1428,27,50.63,Received
PO-480001,14,SUP-101,B000042,YYZ4,2025-05-19,2025-06-30,2025-07-03,28,24,1,22.73,Received
PO-480001,13,SUP-101,B000096,YUL5,2025-05-19,2025-06-30,2025-07-03,63,63,2,125.28,Received
PO-480001,4,SUP-101,B000105,YYZ4,2025-05-19,2025-06-30,2025-07-03,120,120,1,32.78,Received
PO-480001,11,SUP-101,B000132,YVR2,2025-05-19,2025-06-30,2025-07-03,936,936,26,36.4,Received
PO-480001,16,SUP-101,B000160,YVR2,2025-05-19,2025-06-30,2025-07-03,794,794,6,152.23,Received
PO-480001,9,SUP-101,B000163,YYZ4,2025-05-19,2025-06-30,2025-07-03,40,40,1,17.6,Received
PO-480001,1,SUP-101,B000165,YEG3,2025-05-19,2025-06-30,2025-07-03,1128,1128,3,35.18,Received
PO-480001,8,SUP-101,B000180,YEG3,2025-05-19,2025-06-30,2025-07-03,324,286,6,87.04,Received
PO-480001,3,SUP-101,B000201,YUL5,2025-05-19,2025-06-30,2025-07-03,444,444,6,40.84,Received
PO-480001,15,SUP-101,B000207,YEG3,2025-05-19,2025-06-30,2025-07-03,30,30,0,27.3,Received
PO-480001,17,SUP-101,B000229,YWG2,2025-05-19,2025-06-30,2025-07-03,2328,2328,16,69.87,Received
PO-480001,10,SUP-101,B000261,YUL5,2025-05-19,2025-06-30,2025-07-03,756,756,27,61.04,Received
PO-480001,2,SUP-101,B000266,YYZ4,2025-05-19,2025-06-30,2025-07-03,103,103,1,77.37,Received
PO-480001,7,SUP-101,B000281,YEG3,2025-05-19,2025-06-30,2025-07-03,72,72,2,27.43,Received
PO-480001,5,SUP-101,B000370,YUL5,2025-05-19,2025-06-30,2025-07-03,608,608,24,28.99,Received
PO-480001,12,SUP-101,B000385,YHZ1,2025-05-19,2025-06-30,2025-07-03,243,243,3,19.7,Received
PO-480444,41,SUP-119,B000013,YUL5,2025-05-22,2025-06-21,2025-07-05,96,92,1,7.12,Received
PO-480444,34,SUP-119,B000018,YHZ1,2025-05-22,2025-06-21,2025-07-05,18,18,0,15.1,Received
PO-480444,37,SUP-119,B000032,YWG2,2025-05-22,2025-06-21,2025-07-05,6,6,0,10.45,Received
PO-480444,44,SUP-119,B000049,YVR2,2025-05-22,2025-06-21,2025-07-05,64,64,1,9.82,Received
PO-480444,33,SUP-119,B000073,YHZ1,2025-05-22,2025-06-21,2025-07-05,48,48,1,4.65,Received
PO-480444,42,SUP-119,B000112,YYC1,2025-05-22,2025-06-21,2025-07-05,96,96,1,43.81,Received
PO-480444,39,SUP-119,B000125,YUL5,2025-05-22,2025-06-21,2025-07-05,204,204,4,8.87,Received
PO-480444,36,SUP-119,B000159,YWG2,2025-05-22,2025-06-21,2025-07-05,336,336,1,5.08,Received
PO-480444,43,SUP-119,B000175,YYC1,2025-05-22,2025-06-21,2025-07-05,438,438,6,13.44,Received
PO-480444,38,SUP-119,B000206,YWG2,2025-05-22,2025-06-21,2025-07-05,152,152,4,15.92,Received
PO-480444,35,SUP-119,B000331,YYC1,2025-05-22,2025-06-21,2025-07-05,12,12,0,5.86,Received
PO-480444,40,SUP-119,B000386,YHZ1,2025-05-22,2025-06-21,2025-07-05,24,24,0,3.34,Received
PO-480151,3,SUP-106,B000033,YEG3,2025-05-23,2025-06-16,2025-06-23,90,90,2,25.32,Received
PO-480151,97,SUP-106,B000039,YVR2,2025-05-23,2025-06-16,2025-06-23,36,36,0,19.83,Received
PO-480151,2,SUP-106,B000142,YUL5,2025-05-23,2025-06-16,2025-06-23,84,84,2,12.57,Received
PO-480151,95,SUP-106,B000239,YYZ4,2025-05-23,2025-06-16,2025-06-23,96,96,0,12.84,Received
PO-480151,98,SUP-106,B000288,YWG2,2025-05-23,2025-06-16,2025-06-23,216,216,5,9.3,Received
PO-480151,1,SUP-106,B000309,YUL5,2025-05-23,2025-06-16,2025-06-23,616,616,2,6.6,Received
PO-480151,96,SUP-106,B000316,YYZ4,2025-05-23,2025-06-16,2025-06-23,64,64,0,11.05,Received
PO-480151,99,SUP-106,B000378,YYZ4,2025-05-23,2025-06-16,2025-06-23,3348,3348,33,9.25,Received
PO-480424,83,SUP-118,B000027,YYZ4,2025-05-23,2025-06-24,2025-06-18,24,24,0,12.44,Received
PO-480424,84,SUP-118,B000069,YVR2,2025-05-23,2025-06-24,2025-06-18,396,396,6,11.1,Received
PO-480424,93,SUP-118,B000107,YYC1,2025-05-23,2025-06-24,2025-06-18,1591,1591,18,6.42,Received
PO-480424,92,SUP-118,B000110,YVR2,2025-05-23,2025-06-24,2025-06-18,184,184,3,27.06,Received
PO-480424,88,SUP-118,B000124,YYZ4,2025-05-23,2025-06-24,2025-06-18,48,48,1,19.28,Received
PO-480424,85,SUP-118,B000166,YYZ4,2025-05-23,2025-06-24,2025-06-18,120,120,2,22.72,Received
PO-480424,86,SUP-118,B000221,YYZ4,2025-05-23,2025-06-24,2025-06-18,67,67,1,45.14,Received
PO-480424,87,SUP-118,B000230,YVR2,2025-05-23,2025-06-24,2025-06-18,136,136,2,10.67,Received
PO-480424,91,SUP-118,B000243,YWG2,2025-05-23,2025-06-24,2025-06-18,100,100,1,45.01,Received
PO-480424,90,SUP-118,B000327,YYZ4,2025-05-23,2025-06-24,2025-06-18,18,18,0,45.86,Received
PO-480424,94,SUP-118,B000330,YUL5,2025-05-23,2025-06-24,2025-06-18,1296,1296,8,34.27,Received
PO-480424,89,SUP-118,B000414,YVR2,2025-05-23,2025-06-24,2025-06-18,2016,2016,27,32.56,Received
PO-480002,19,SUP-101,B000105,YUL5,2025-05-24,2025-07-05,2025-07-12,252,252,10,32.78,Received
PO-480002,23,SUP-101,B000163,YYC1,2025-05-24,2025-07-05,2025-07-12,56,56,0,17.6,Received
PO-480002,20,SUP-101,B000165,YHZ1,2025-05-24,2025-07-05,2025-07-12,1320,1320,10,35.18,Received
PO-480002,18,SUP-101,B000261,YYZ4,2025-05-24,2025-07-05,2025-07-12,390,338,12,61.04,Received
PO-480002,21,SUP-101,B000370,YUL5,2025-05-24,2025-07-05,2025-07-12,296,262,3,28.99,Received
PO-480002,22,SUP-101,B000385,YUL5,2025-05-24,2025-07-05,2025-07-12,512,512,7,19.7,Received
PO-480036,33,SUP-103,B000000,YHZ1,2025-05-24,2025-06-05,2025-06-05,52,52,1,5.35,Received
PO-480036,40,SUP-103,B000024,YVR2,2025-05-24,2025-06-05,2025-06-05,300,300,4,24.8,Received
PO-480036,34,SUP-103,B000194,YYZ4,2025-05-24,2025-06-05,2025-06-05,32,32,0,12.16,Received
PO-480036,30,SUP-103,B000246,YVR2,2025-05-24,2025-06-05,2025-06-05,36,36,0,48.07,Received
PO-480036,38,SUP-103,B000273,YHZ1,2025-05-24,2025-06-05,2025-06-05,32,32,0,23.72,Received
PO-480036,37,SUP-103,B000278,YVR2,2025-05-24,2025-06-05,2025-06-05,12,12,0,38.05,Received
PO-480036,32,SUP-103,B000295,YVR2,2025-05-24,2025-06-05,2025-06-05,33,33,0,18.76,Received
PO-480036,39,SUP-103,B000312,YEG3,2025-05-24,2025-06-05,2025-06-05,1204,1204,3,11.5,Received
PO-480036,42,SUP-103,B000353,YYZ4,2025-05-24,2025-06-05,2025-06-05,12,12,0,13.18,Received
PO-480036,41,SUP-103,B000374,YYC1,2025-05-24,2025-06-05,2025-06-05,10,10,0,10.68,Received
PO-480036,29,SUP-103,B000382,YWG2,2025-05-24,2025-06-05,2025-06-05,2241,2241,25,9.75,Received
PO-480036,35,SUP-103,B000387,YEG3,2025-05-24,2025-06-05,2025-06-05,122,122,1,40.99,Received
PO-480036,31,SUP-103,B000399,YYC1,2025-05-24,2025-06-05,2025-06-05,40,40,0,19.26,Received
PO-480036,36,SUP-103,B000413,YYZ4,2025-05-24,2025-06-05,2025-06-05,240,240,1,27.73,Received
PO-480240,45,SUP-111,B000005,YVR2,2025-05-25,2025-06-01,2025-06-02,72,72,0,11.5,Received
PO-480240,49,SUP-111,B000007,YWG2,2025-05-25,2025-06-01,2025-06-02,5037,5037,19,5.45,Received
PO-480240,52,SUP-111,B000015,YYZ4,2025-05-25,2025-06-01,2025-06-02,72,72,0,3.74,Received
PO-480240,47,SUP-111,B000065,YYC1,2025-05-25,2025-06-01,2025-06-02,112,112,0,8.16,Received
PO-480240,54,SUP-111,B000100,YYZ4,2025-05-25,2025-06-01,2025-06-02,96,96,0,2.0,Received
PO-480240,53,SUP-111,B000109,YYC1,2025-05-25,2025-06-01,2025-06-02,84,76,0,27.2,Received
PO-480240,51,SUP-111,B000111,YEG3,2025-05-25,2025-06-01,2025-06-02,48,48,0,11.26,Received
PO-480240,50,SUP-111,B000122,YYC1,2025-05-25,2025-06-01,2025-06-02,672,672,2,13.42,Received
PO-480240,48,SUP-111,B000147,YEG3,2025-05-25,2025-06-01,2025-06-02,245,245,0,34.39,Received
PO-480240,58,SUP-111,B000203,YVR2,2025-05-25,2025-06-01,2025-06-02,48,48,0,5.75,Received
PO-480240,46,SUP-111,B000218,YUL5,2025-05-25,2025-06-01,2025-06-02,148,148,0,3.34,Received
PO-480240,44,SUP-111,B000232,YUL5,2025-05-25,2025-06-01,2025-06-02,101,101,0,7.58,Received
PO-480240,57,SUP-111,B000283,YYZ4,2025-05-25,2025-06-01,2025-06-02,3840,3840,16,5.71,Received
PO-480240,55,SUP-111,B000404,YYC1,2025-05-25,2025-06-01,2025-06-02,360,360,1,6.26,Received
PO-480240,56,SUP-111,B000418,YYC1,2025-05-25,2025-06-01,2025-06-02,192,192,0,20.14,Received
PO-480111,23,SUP-105,B000023,YYC1,2025-05-27,2025-06-05,2025-06-05,16,16,0,55.53,Received
PO-480111,17,SUP-105,B000025,YYZ4,2025-05-27,2025-06-05,2025-06-05,16,16,0,34.44,Received
PO-480111,21,SUP-105,B000097,YVR2,2025-05-27,2025-06-05,2025-06-05,36,36,0,48.69,Received
PO-480111,16,SUP-105,B000259,YVR2,2025-05-27,2025-06-05,2025-06-05,157,157,1,17.17,Received
PO-480111,24,SUP-105,B000263,YVR2,2025-05-27,2025-06-05,2025-06-05,320,320,0,50.34,Received
PO-480111,20,SUP-105,B000282,YUL5,2025-05-27,2025-06-05,2025-06-05,257,257,1,55.18,Received
PO-480111,19,SUP-105,B000284,YYZ4,2025-05-27,2025-06-05,2025-06-05,84,84,0,19.61,Received
PO-480111,22,SUP-105,B000308,YHZ1,2025-05-27,2025-06-05,2025-06-05,264,264,0,10.93,Received
PO-480111,26,SUP-105,B000320,YYC1,2025-05-27,2025-06-05,2025-06-05,24,20,0,15.12,Received
PO-480111,18,SUP-105,B000361,YYZ4,2025-05-27,2025-06-05,2025-06-05,192,192,1,25.9,Received
PO-480111,27,SUP-105,B000380,YYZ4,2025-05-27,2025-06-05,2025-06-05,108,108,0,31.53,Received
PO-480111,25,SUP-105,B000410,YHZ1,2025-05-27,2025-06-05,2025-06-05,96,96,0,31.02,Received
PO-480316,73,SUP-113,B000030,YYZ4,2025-05-27,2025-06-12,2025-06-09,264,264,2,26.33,Received
PO-480316,72,SUP-113,B000070,YEG3,2025-05-27,2025-06-12,2025-06-09,293,293,0,8.73,Received
PO-480316,75,SUP-113,B000091,YUL5,2025-05-27,2025-06-12,2025-06-09,96,96,1,40.85,Received
PO-480316,70,SUP-113,B000106,YEG3,2025-05-27,2025-06-12,2025-06-09,96,96,1,11.64,Received
PO-480316,76,SUP-113,B000231,YEG3,2025-05-27,2025-06-12,2025-06-09,78,78,1,17.01,Received
PO-480316,74,SUP-113,B000298,YYC1,2025-05-27,2025-06-12,2025-06-09,768,689,14,39.04,Received
PO-480316,71,SUP-113,B000334,YVR2,2025-05-27,2025-06-12,2025-06-09,6,6,0,8.22,Received
PO-480425,98,SUP-118,B000069,YYZ4,2025-05-31,2025-07-02,2025-07-09,552,552,9,11.1,Received
PO-480425,97,SUP-118,B000108,YWG2,2025-05-31,2025-07-02,2025-07-09,8636,8636,166,27.52,Received
PO-480425,99,SUP-118,B000156,YYZ4,2025-05-31,2025-07-02,2025-07-09,1002,1002,6,14.32,Received
PO-480425,4,SUP-118,B000166,YYC1,2025-05-31,2025-07-02,2025-07-09,168,147,1,22.72,Received
PO-480425,95,SUP-118,B000221,YVR2,2025-05-31,2025-07-02,2025-07-09,77,77,1,45.14,Received
PO-480425,3,SUP-118,B000311,YWG2,2025-05-31,2025-07-02,2025-07-09,199,199,3,23.78,Received
PO-480425,1,SUP-118,B000327,YVR2,2025-05-31,2025-07-02,2025-07-09,36,36,0,45.86,Received
PO-480425,96,SUP-118,B000372,YHZ1,2025-05-31,2025-07-02,2025-07-09,173,173,2,17.44,Received
PO-480425,2,SUP-118,B000398,YEG3,2025-05-31,2025-07-02,2025-07-09,74,74,0,25.87,Received
PO-480211,92,SUP-109,B000056,YWG2,2025-06-01,2025-07-19,2025-08-15,3480,3480,37,224.05,Received
PO-480211,96,SUP-109,B000137,YVR2,2025-06-01,2025-07-19,2025-08-15,48,48,1,104.11,Received
PO-480211,84,SUP-109,B000171,YYC1,2025-06-01,2025-07-19,2025-08-15,936,936,55,99.79,Received
PO-480211,83,SUP-109,B000181,YVR2,2025-06-01,2025-07-19,2025-08-15,240,217,14,54.45,Received
PO-480211,87,SUP-109,B000211,YHZ1,2025-06-01,2025-07-19,2025-08-15,836,836,36,42.79,Received
PO-480211,85,SUP-109,B000219,YYZ4,2025-06-01,2025-07-19,2025-08-15,24,24,1,32.21,Received
PO-480211,94,SUP-109,B000260,YVR2,2025-06-01,2025-07-19,2025-08-15,96,96,3,27.53,Received
PO-480211,95,SUP-109,B000262,YWG2,2025-06-01,2025-07-19,2025-08-15,1680,1680,81,79.31,Received
PO-480211,91,SUP-109,B000277,YYZ4,2025-06-01,2025-07-19,2025-08-15,88,88,6,37.83,Received
PO-480211,86,SUP-109,B000289,YEG3,2025-06-01,2025-07-19,2025-08-15,496,496,10,33.98,Received
PO-480211,90,SUP-109,B000314,YWG2,2025-06-01,2025-07-19,2025-08-15,568,497,29,39.46,Received
PO-480211,89,SUP-109,B000329,YYZ4,2025-06-01,2025-07-19,2025-08-15,16,16,0,64.01,Received
PO-480211,93,SUP-109,B000343,YYC1,2025-06-01,2025-07-19,2025-08-15,1272,1272,80,128.75,Received
PO-480211,88,SUP-109,B000368,YYZ4,2025-06-01,2025-07-19,2025-08-15,96,96,2,45.85,Received
PO-480211,82,SUP-109,B000405,YVR2,2025-06-01,2025-07-19,2025-08-15,120,120,7,81.28,Received
PO-480078,68,SUP-104,B000054,YVR2,2025-06-02,2025-06-12,2025-06-16,32,32,0,12.38,Received
PO-480078,74,SUP-104,B000060,YVR2,2025-06-02,2025-06-12,2025-06-16,276,276,2,14.56,Received
PO-480078,67,SUP-104,B000077,YWG2,2025-06-02,2025-06-12,2025-06-16,192,192,0,55.44,Received
PO-480078,71,SUP-104,B000088,YWG2,2025-06-02,2025-06-12,2025-06-16,53,41,0,22.27,Received
PO-480078,73,SUP-104,B000093,YUL5,2025-06-02,2025-06-12,2025-06-16,24,24,0,3.57,Received
PO-480078,75,SUP-104,B000095,YHZ1,2025-06-02,2025-06-12,2025-06-16,672,550,4,4.5,Received
PO-480078,69,SUP-104,B000214,YYZ4,2025-06-02,2025-06-12,2025-06-16,96,96,1,9.98,Received
PO-480078,70,SUP-104,B000290,YVR2,2025-06-02,2025-06-12,2025-06-16,408,408,1,2.29,Received
PO-480078,66,SUP-104,B000367,YUL5,2025-06-02,2025-06-12,2025-06-16,127,121,0,4.19,Received
PO-480078,72,SUP-104,B000388,YUL5,2025-06-02,2025-06-12,2025-06-16,96,96,1,19.55,Received
PO-480241,66,SUP-111,B000015,YWG2,2025-06-02,2025-06-09,2025-06-10,168,168,1,3.74,Received
PO-480241,59,SUP-111,B000100,YYZ4,2025-06-02,2025-06-09,2025-06-10,24,24,0,2.0,Received
PO-480241,65,SUP-111,B000109,YWG2,2025-06-02,2025-06-09,2025-06-10,36,32,0,27.2,Received
PO-480241,60,SUP-111,B000122,YWG2,2025-06-02,2025-06-09,2025-06-10,574,489,1,13.42,Received
PO-480241,67,SUP-111,B000147,YEG3,2025-06-02,2025-06-09,2025-06-10,177,177,0,34.39,Received
PO-480241,64,SUP-111,B000187,YYZ4,2025-06-02,2025-06-09,2025-06-10,192,192,1,18.92,Received
PO-480241,63,SUP-111,B000203,YYZ4,2025-06-02,2025-06-09,2025-06-10,84,84,0,5.75,Received
PO-480241,62,SUP-111,B000283,YEG3,2025-06-02,2025-06-09,2025-06-10,666,666,0,5.71,Received
PO-480241,61,SUP-111,B000337,YUL5,2025-06-02,2025-06-09,2025-06-10,156,156,1,10.03,Received
PO-480426,7,SUP-118,B000027,YYZ4,2025-06-05,2025-07-07,2025-07-10,48,48,0,12.44,Received
PO-480426,10,SUP-118,B000069,YEG3,2025-06-05,2025-07-07,2025-07-10,216,216,4,11.1,Received
PO-480426,11,SUP-118,B000083,YVR2,2025-06-05,2025-07-07,2025-07-10,240,202,2,25.64,Received
PO-480426,12,SUP-118,B000107,YWG2,2025-06-05,2025-07-07,2025-07-10,731,731,4,6.42,Received
PO-480426,15,SUP-118,B000108,YYC1,2025-06-05,2025-07-07,2025-07-10,1588,1588,6,27.52,Received
PO-480426,5,SUP-118,B000155,YYZ4,2025-06-05,2025-07-07,2025-07-10,54,54,0,16.62,Received
PO-480426,14,SUP-118,B000170,YHZ1,2025-06-05,2025-07-07,2025-07-10,32,32,0,6.35,Received
PO-480426,9,SUP-118,B000230,YYZ4,2025-06-05,2025-07-07,2025-07-10,232,204,0,10.67,Received
PO-480426,8,SUP-118,B000237,YYZ4,2025-06-05,2025-07-07,2025-07-10,28,28,0,34.69,Received
PO-480426,6,SUP-118,B000238,YVR2,2025-06-05,2025-07-07,2025-07-10,412,401,1,33.37,Received
PO-480426,13,SUP-118,B000414,YYC1,2025-06-05,2025-07-07,2025-07-10,1464,1464,14,32.56,Received
PO-480317,79,SUP-113,B000009,YYC1,2025-06-07,2025-06-23,2025-07-02,75,75,0,15.41,Received
PO-480317,82,SUP-113,B000028,YEG3,2025-06-07,2025-06-23,2025-07-02,28,28,0,33.32,Received
PO-480317,80,SUP-113,B000059,YYZ4,2025-06-07,2025-06-23,2025-07-02,384,311,2,55.06,Received
PO-480317,77,SUP-113,B000070,YWG2,2025-06-07,2025-06-23,2025-07-02,1003,1003,12,8.73,Received
PO-480317,81,SUP-113,B000078,YWG2,2025-06-07,2025-06-23,2025-07-02,12,12,0,172.65,Received
PO-480317,78,SUP-113,B000091,YUL5,2025-06-07,2025-06-23,2025-07-02,72,72,1,40.85,Received
PO-480317,83,SUP-113,B000106,YEG3,2025-06-07,2025-06-23,2025-07-02,96,96,1,11.64,Received
PO-480317,86,SUP-113,B000136,YUL5,2025-06-07,2025-06-23,2025-07-02,8,8,0,38.25,Received
PO-480317,87,SUP-113,B000186,YEG3,2025-06-07,2025-06-23,2025-07-02,24,24,0,7.27,Received
PO-480317,88,SUP-113,B000198,YYC1,2025-06-07,2025-06-23,2025-07-02,288,288,0,27.58,Received
PO-480317,89,SUP-113,B000231,YEG3,2025-06-07,2025-06-23,2025-07-02,120,120,2,17.01,Received
PO-480317,84,SUP-113,B000334,YVR2,2025-06-07,2025-06-23,2025-07-02,21,21,0,8.22,Received
PO-480317,85,SUP-113,B000419,YYZ4,2025-06-07,2025-06-23,2025-07-02,280,280,2,34.2,Received
PO-480472,28,SUP-120,B000008,YEG3,2025-06-07,2025-06-13,2025-06-12,108,108,0,3.7,Received
PO-480472,26,SUP-120,B000012,YEG3,2025-06-07,2025-06-13,2025-06-12,128,128,0,9.46,Received
PO-480472,22,SUP-120,B000052,YEG3,2025-06-07,2025-06-13,2025-06-12,37,37,0,3.12,Received
PO-480472,35,SUP-120,B000130,YUL5,2025-06-07,2025-06-13,2025-06-12,84,84,0,4.08,Received
PO-480472,25,SUP-120,B000195,YVR2,2025-06-07,2025-06-13,2025-06-12,16,16,0,6.65,Received
PO-480472,24,SUP-120,B000196,YYC1,2025-06-07,2025-06-13,2025-06-12,4,4,0,7.3,Received
PO-480472,27,SUP-120,B000197,YYZ4,2025-06-07,2025-06-13,2025-06-12,102,88,0,7.26,Received
PO-480472,30,SUP-120,B000199,YYC1,2025-06-07,2025-06-13,2025-06-12,184,184,0,17.21,Received
PO-480472,21,SUP-120,B000210,YUL5,2025-06-07,2025-06-13,2025-06-12,528,511,1,2.12,Received
PO-480472,32,SUP-120,B000250,YYZ4,2025-06-07,2025-06-13,2025-06-12,48,48,0,3.15,Received
PO-480472,34,SUP-120,B000269,YYC1,2025-06-07,2025-06-13,2025-06-12,24,24,0,2.24,Received
PO-480472,23,SUP-120,B000310,YYZ4,2025-06-07,2025-06-13,2025-06-12,112,103,0,2.96,Received
PO-480472,31,SUP-120,B000321,YYC1,2025-06-07,2025-06-13,2025-06-12,64,64,0,8.49,Received
PO-480472,29,SUP-120,B000338,YUL5,2025-06-07,2025-06-13,2025-06-12,288,288,1,3.88,Received
PO-480472,33,SUP-120,B000365,YVR2,2025-06-07,2025-06-13,2025-06-12,78,78,0,4.97,Received
PO-480003,30,SUP-101,B000031,YYC1,2025-06-09,2025-07-21,2025-08-23,444,354,14,50.63,Received
PO-480003,37,SUP-101,B000042,YUL5,2025-06-09,2025-07-21,2025-08-23,36,36,1,22.73,Received
PO-480003,31,SUP-101,B000096,YYZ4,2025-06-09,2025-07-21,2025-08-23,29,29,0,125.28,Received
PO-480003,35,SUP-101,B000105,YUL5,2025-06-09,2025-07-21,2025-08-23,312,312,6,32.78,Received
PO-480003,25,SUP-101,B000132,YHZ1,2025-06-09,2025-07-21,2025-08-23,504,504,11,36.4,Received
PO-480003,27,SUP-101,B000134,YHZ1,2025-06-09,2025-07-21,2025-08-23,12042,12042,19,17.14,Received
PO-480003,24,SUP-101,B000180,YUL5,2025-06-09,2025-07-21,2025-08-23,408,408,2,87.04,Received
PO-480003,29,SUP-101,B000207,YYZ4,2025-06-09,2025-07-21,2025-08-23,107,107,0,27.3,Received
PO-480003,26,SUP-101,B000229,YYZ4,2025-06-09,2025-07-21,2025-08-23,1104,890,17,69.87,Received
PO-480003,28,SUP-101,B000266,YUL5,2025-06-09,2025-07-21,2025-08-23,38,38,1,77.37,Received
PO-480003,34,SUP-101,B000279,YHZ1,2025-06-09,2025-07-21,2025-08-23,44,44,2,30.79,Received
PO-480003,32,SUP-101,B000305,YYZ4,2025-06-09,2025-07-21,2025-08-23,1364,1364,39,13.63,Received
PO-480003,36,SUP-101,B000366,YYZ4,2025-06-09,2025-07-21,2025-08-23,1108,1108,7,36.73,Received
PO-480003,33,SUP-101,B000370,YHZ1,2025-06-09,2025-07-21,2025-08-23,328,328,2,28.99,Received
PO-480193,20,SUP-108,B000084,YYZ4,2025-06-09,2025-07-17,2025-07-14,96,96,2,10.08,Received
PO-480193,25,SUP-108,B000144,YEG3,2025-06-09,2025-07-17,2025-07-14,377,377,2,16.5,Received
PO-480193,24,SUP-108,B000226,YYZ4,2025-06-09,2025-07-17,2025-07-14,632,632,7,18.36,Received
PO-480193,21,SUP-108,B000254,YHZ1,2025-06-09,2025-07-17,2025-07-14,120,120,1,7.63,Received
PO-480193,19,SUP-108,B000268,YUL5,2025-06-09,2025-07-17,2025-07-14,24,24,1,24.53,Received
PO-480193,18,SUP-108,B000299,YUL5,2025-06-09,2025-07-17,2025-07-14,72,72,1,8.34,Received
PO-480193,17,SUP-108,B000313,YUL5,2025-06-09,2025-07-17,2025-07-14,368,334,3,19.4,Received
PO-480193,22,SUP-108,B000332,YVR2,2025-06-09,2025-07-17,2025-07-14,560,560,3,37.15,Received
PO-480193,23,SUP-108,B000397,YEG3,2025-06-09,2025-07-17,2025-07-14,40,31,1,29.7,Received
PO-480276,85,SUP-112,B000026,YYZ4,2025-06-13,2025-06-27,2025-06-25,48,48,0,18.63,Received
PO-480276,98,SUP-112,B000061,YYZ4,2025-06-13,2025-06-27,2025-06-25,36,36,1,9.8,Received
PO-480276,91,SUP-112,B000076,YUL5,2025-06-13,2025-06-27,2025-06-25,24,22,0,31.77,Received
PO-480276,95,SUP-112,B000086,YYZ4,2025-06-13,2025-06-27,2025-06-25,176,176,3,8.8,Received
PO-480276,96,SUP-112,B000087,YUL5,2025-06-13,2025-06-27,2025-06-25,120,120,2,35.54,Received
PO-480276,87,SUP-112,B000118,YYZ4,2025-06-13,2025-06-27,2025-06-25,3612,3612,58,14.9,Received
PO-480276,92,SUP-112,B000143,YUL5,2025-06-13,2025-06-27,2025-06-25,532,532,1,6.49,Received
PO-480276,84,SUP-112,B000151,YYZ4,2025-06-13,2025-06-27,2025-06-25,217,217,2,10.75,Received
PO-480276,81,SUP-112,B000189,YYZ4,2025-06-13,2025-06-27,2025-06-25,84,84,1,11.62,Received
PO-480276,93,SUP-112,B000248,YYZ4,2025-06-13,2025-06-27,2025-06-25,427,427,6,20.2,Received
PO-480276,97,SUP-112,B000249,YYC1,2025-06-13,2025-06-27,2025-06-25,60,60,0,24.19,Received
PO-480276,94,SUP-112,B000272,YVR2,2025-06-13,2025-06-27,2025-06-25,30,30,0,5.34,Received
PO-480276,83,SUP-112,B000286,YYC1,2025-06-13,2025-06-27,2025-06-25,456,456,2,43.29,Received
PO-480276,86,SUP-112,B000304,YYZ4,2025-06-13,2025-06-27,2025-06-25,285,285,0,13.26,Received
PO-480276,89,SUP-112,B000324,YWG2,2025-06-13,2025-06-27,2025-06-25,236,236,3,50.1,Received
PO-480276,90,SUP-112,B000339,YYZ4,2025-06-13,2025-06-27,2025-06-25,440,440,7,17.86,Received
PO-480276,82,SUP-112,B000354,YYC1,2025-06-13,2025-06-27,2025-06-25,360,360,4,3.98,Received
PO-480276,88,SUP-112,B000416,YYZ4,2025-06-13,2025-06-27,2025-06-25,252,252,4,26.43,Received
PO-480318,90,SUP-113,B000009,YYZ4,2025-06-14,2025-06-30,2025-06-29,147,147,1,15.41,Received
PO-480318,93,SUP-113,B000028,YYZ4,2025-06-14,2025-06-30,2025-06-29,35,35,0,33.32,Received
PO-480318,95,SUP-113,B000030,YEG3,2025-06-14,2025-06-30,2025-06-29,48,48,1,26.33,Received
PO-480318,1,SUP-113,B000070,YVR2,2025-06-14,2025-06-30,2025-06-29,3829,3829,13,8.73,Received
PO-480318,96,SUP-113,B000135,YYC1,2025-06-14,2025-06-30,2025-06-29,54,54,1,13.09,Received
PO-480318,3,SUP-113,B000154,YHZ1,2025-06-14,2025-06-30,2025-06-29,72,69,1,6.27,Received
PO-480318,97,SUP-113,B000186,YYZ4,2025-06-14,2025-06-30,2025-06-29,24,24,0,7.27,Received
PO-480318,2,SUP-113,B000198,YYZ4,2025-06-14,2025-06-30,2025-06-29,144,144,1,27.58,Received
PO-480318,91,SUP-113,B000231,YEG3,2025-06-14,2025-06-30,2025-06-29,42,42,1,17.01,Received
PO-480318,98,SUP-113,B000326,YYC1,2025-06-14,2025-06-30,2025-06-29,240,240,0,9.48,Received
PO-480318,99,SUP-113,B000334,YVR2,2025-06-14,2025-06-30,2025-06-29,13,12,0,8.22,Received
PO-480318,94,SUP-113,B000395,YHZ1,2025-06-14,2025-06-30,2025-06-29,28,28,0,9.53,Received
PO-480318,92,SUP-113,B000419,YUL5,2025-06-14,2025-06-30,2025-06-29,96,96,1,34.2,Received
PO-480353,76,SUP-114,B000139,YUL5,2025-06-14,2025-07-28,2025-08-24,16,16,0,53.47,Received
PO-480353,74,SUP-114,B000193,YHZ1,2025-06-14,2025-07-28,2025-08-24,228,228,6,39.69,Received
PO-480353,75,SUP-114,B000209,YYC1,2025-06-14,2025-07-28,2025-08-24,62,60,1,40.77,Received
PO-480353,78,SUP-114,B000227,YYC1,2025-06-14,2025-07-28,2025-08-24,216,216,9,55.69,Received
PO-480353,81,SUP-114,B000247,YYZ4,2025-06-14,2025-07-28,2025-08-24,12,12,0,29.87,Received
PO-480353,77,SUP-114,B000270,YVR2,2025-06-14,2025-07-28,2025-08-24,72,60,2,42.84,Received
PO-480353,80,SUP-114,B000302,YWG2,2025-06-14,2025-07-28,2025-08-24,16,16,0,37.95,Received
PO-480353,79,SUP-114,B000345,YHZ1,2025-06-14,2025-07-28,2025-08-24,96,96,1,58.25,Received
PO-480407,91,SUP-117,B000120,YVR2,2025-06-15,2025-07-25,2025-10-15,192,192,2,22.08,Received
PO-480407,89,SUP-117,B000128,YVR2,2025-06-15,2025-07-25,2025-10-15,1272,1272,18,12.39,Received
PO-480407,94,SUP-117,B000169,YYC1,2025-06-15,2025-07-25,2025-10-15,4326,4326,11,31.28,Received
PO-480407,95,SUP-117,B000172,YYZ4,2025-06-15,2025-07-25,2025-10-15,48,42,0,5.51,Received
PO-480407,92,SUP-117,B000177,YYZ4,2025-06-15,2025-07-25,2025-10-15,2352,2352,2,2.41,Received
PO-480407,90,SUP-117,B000188,YYZ4,2025-06-15,2025-07-25,2025-10-15,54,54,1,8.95,Received
PO-480407,93,SUP-117,B000265,YYZ4,2025-06-15,2025-07-25,2025-10-15,1468,1468,7,5.9,Received
PO-480407,88,SUP-117,B000400,YYZ4,2025-06-15,2025-07-25,2025-10-15,240,240,0,7.68,Received
PO-480152,16,SUP-106,B000021,YYZ4,2025-06-16,2025-07-10,2025-07-17,24,20,0,16.28,Received
PO-480152,12,SUP-106,B000033,YEG3,2025-06-16,2025-07-10,2025-07-17,90,72,1,25.32,Received
PO-480152,4,SUP-106,B000066,YYC1,2025-06-16,2025-07-10,2025-07-17,306,306,7,24.86,Received
PO-480152,18,SUP-106,B000127,YEG3,2025-06-16,2025-07-10,2025-07-17,78,75,1,15.81,Received
PO-480152,6,SUP-106,B000142,YYZ4,2025-06-16,2025-07-10,2025-07-17,234,234,3,12.57,Received
PO-480152,5,SUP-106,B000202,YYC1,2025-06-16,2025-07-10,2025-07-17,1580,1580,19,26.75,Received
PO-480152,14,SUP-106,B000239,YVR2,2025-06-16,2025-07-10,2025-07-17,96,96,2,12.84,Received
PO-480152,15,SUP-106,B000251,YYZ4,2025-06-16,2025-07-10,2025-07-17,13,13,0,12.22,Received
PO-480152,7,SUP-106,B000255,YYZ4,2025-06-16,2025-07-10,2025-07-17,24,24,0,18.41,Received
PO-480152,8,SUP-106,B000301,YYC1,2025-06-16,2025-07-10,2025-07-17,200,200,3,37.32,Received
PO-480152,11,SUP-106,B000307,YYZ4,2025-06-16,2025-07-10,2025-07-17,96,96,3,10.55,Received
PO-480152,13,SUP-106,B000309,YYZ4,2025-06-16,2025-07-10,2025-07-17,264,264,6,6.6,Received
PO-480152,9,SUP-106,B000362,YVR2,2025-06-16,2025-07-10,2025-07-17,384,337,2,52.53,Received
PO-480152,10,SUP-106,B000383,YEG3,2025-06-16,2025-07-10,2025-07-17,568,568,13,12.08,Received
PO-480152,17,SUP-106,B000389,YUL5,2025-06-16,2025-07-10,2025-07-17,216,216,5,28.39,Received
PO-480112,44,SUP-105,B000016,YYZ4,2025-06-18,2025-06-27,2025-06-27,84,84,0,22.7,Received
PO-480112,38,SUP-105,B000023,YYC1,2025-06-18,2025-06-27,2025-06-27,24,24,0,55.53,Received
PO-480112,37,SUP-105,B000025,YVR2,2025-06-18,2025-06-27,2025-06-27,40,40,0,34.44,Received
PO-480112,31,SUP-105,B000043,YEG3,2025-06-18,2025-06-27,2025-06-27,8,8,0,81.24,Received
PO-480112,28,SUP-105,B000071,YVR2,2025-06-18,2025-06-27,2025-06-27,48,48,0,52.68,Received
PO-480112,32,SUP-105,B000092,YYZ4,2025-06-18,2025-06-27,2025-06-27,60,48,0,37.96,Received
PO-480112,45,SUP-105,B000097,YYZ4,2025-06-18,2025-06-27,2025-06-27,96,96,1,48.69,Received
PO-480112,30,SUP-105,B000153,YUL5,2025-06-18,2025-06-27,2025-06-27,312,312,2,9.61,Received
PO-480112,34,SUP-105,B000213,YVR2,2025-06-18,2025-06-27,2025-06-27,132,105,0,46.02,Received
PO-480112,40,SUP-105,B000259,YYC1,2025-06-18,2025-06-27,2025-06-27,52,52,0,17.17,Received
PO-480112,41,SUP-105,B000263,YHZ1,2025-06-18,2025-06-27,2025-06-27,504,474,1,50.34,Received
PO-480112,36,SUP-105,B000282,YVR2,2025-06-18,2025-06-27,2025-06-27,574,543,0,55.18,Received
PO-480112,29,SUP-105,B000308,YUL5,2025-06-18,2025-06-27,2025-06-27,48,48,0,10.93,Received
PO-480112,35,SUP-105,B000320,YYC1,2025-06-18,2025-06-27,2025-06-27,96,96,0,15.12,Received
PO-480112,43,SUP-105,B000361,YYZ4,2025-06-18,2025-06-27,2025-06-27,192,192,1,25.9,Received
PO-480112,39,SUP-105,B000369,YYZ4,2025-06-18,2025-06-27,2025-06-27,48,48,0,12.66,Received
PO-480112,42,SUP-105,B000380,YYZ4,2025-06-18,2025-06-27,2025-06-27,24,24,0,31.53,Received
PO-480112,33,SUP-105,B000410,YHZ1,2025-06-18,2025-06-27,2025-06-27,144,144,1,31.02,Received
PO-480113,48,SUP-105,B000023,YYZ4,2025-06-20,2025-06-29,2025-06-29,16,16,0,55.53,Received
PO-480113,50,SUP-105,B000025,YYZ4,2025-06-20,2025-06-29,2025-06-29,48,40,0,34.44,Received
PO-480113,52,SUP-105,B000043,YYZ4,2025-06-20,2025-06-29,2025-06-29,40,40,0,81.24,Received
PO-480113,47,SUP-105,B000071,YYZ4,2025-06-20,2025-06-29,2025-06-29,96,96,0,52.68,Received
PO-480113,46,SUP-105,B000092,YYC1,2025-06-20,2025-06-29,2025-06-29,48,48,0,37.96,Received
PO-480113,49,SUP-105,B000259,YUL5,2025-06-20,2025-06-29,2025-06-29,29,29,0,17.17,Received
PO-480113,51,SUP-105,B000263,YUL5,2025-06-20,2025-06-29,2025-06-29,256,256,1,50.34,Received
PO-480113,56,SUP-105,B000284,YYZ4,2025-06-20,2025-06-29,2025-06-29,129,129,0,19.61,Received
PO-480113,55,SUP-105,B000308,YHZ1,2025-06-20,2025-06-29,2025-06-29,168,168,1,10.93,Received
PO-480113,53,SUP-105,B000361,YYZ4,2025-06-20,2025-06-29,2025-06-29,192,168,1,25.9,Received
PO-480113,54,SUP-105,B000380,YEG3,2025-06-20,2025-06-29,2025-06-29,28,28,0,31.53,Received
PO-480445,48,SUP-119,B000013,YHZ1,2025-06-20,2025-07-20,2025-07-16,240,240,5,7.12,Received
PO-480445,47,SUP-119,B000018,YYZ4,2025-06-20,2025-07-20,2025-07-16,60,60,1,15.1,Received
PO-480445,55,SUP-119,B000032,YWG2,2025-06-20,2025-07-20,2025-07-16,6,6,0,10.45,Received
PO-480445,45,SUP-119,B000049,YVR2,2025-06-20,2025-07-20,2025-07-16,64,64,1,9.82,Received
PO-480445,51,SUP-119,B000073,YHZ1,2025-06-20,2025-07-20,2025-07-16,72,72,0,4.65,Received
PO-480445,53,SUP-119,B000112,YYC1,2025-06-20,2025-07-20,2025-07-16,96,96,2,43.81,Received
PO-480445,52,SUP-119,B000125,YYZ4,2025-06-20,2025-07-20,2025-07-16,140,140,0,8.87,Received
PO-480445,49,SUP-119,B000159,YEG3,2025-06-20,2025-07-20,2025-07-16,1004,1004,17,5.08,Received
PO-480445,54,SUP-119,B000175,YYC1,2025-06-20,2025-07-20,2025-07-16,702,702,4,13.44,Received
PO-480445,50,SUP-119,B000206,YWG2,2025-06-20,2025-07-20,2025-07-16,32,32,0,15.92,Received
PO-480445,56,SUP-119,B000331,YYC1,2025-06-20,2025-07-20,2025-07-16,12,12,0,5.86,Received
PO-480445,46,SUP-119,B000386,YYZ4,2025-06-20,2025-07-20,2025-07-16,24,24,0,3.34,Received
PO-480242,70,SUP-111,B000007,YHZ1,2025-06-23,2025-06-30,2025-07-06,2667,2667,8,5.45,Received
PO-480242,73,SUP-111,B000015,YYZ4,2025-06-23,2025-06-30,2025-07-06,32,32,0,3.74,Received
PO-480242,75,SUP-111,B000065,YYC1,2025-06-23,2025-06-30,2025-07-06,320,320,0,8.16,Received
PO-480242,79,SUP-111,B000072,YEG3,2025-06-23,2025-06-30,2025-07-06,472,472,1,16.47,Received
PO-480242,71,SUP-111,B000109,YYZ4,2025-06-23,2025-06-30,2025-07-06,72,72,0,27.2,Received
PO-480242,78,SUP-111,B000111,YUL5,2025-06-23,2025-06-30,2025-07-06,60,60,0,11.26,Received
PO-480242,80,SUP-111,B000123,YYZ4,2025-06-23,2025-06-30,2025-07-06,96,96,0,11.77,Received
PO-480242,76,SUP-111,B000145,YYZ4,2025-06-23,2025-06-30,2025-07-06,120,120,0,13.18,Received
PO-480242,81,SUP-111,B000147,YYZ4,2025-06-23,2025-06-30,2025-07-06,354,307,0,34.39,Received
PO-480242,77,SUP-111,B000187,YYZ4,2025-06-23,2025-06-30,2025-07-06,240,240,1,18.92,Received
PO-480242,74,SUP-111,B000215,YUL5,2025-06-23,2025-06-30,2025-07-06,616,616,1,17.08,Received
PO-480242,83,SUP-111,B000232,YYC1,2025-06-23,2025-06-30,2025-07-06,110,110,0,7.58,Received
PO-480242,69,SUP-111,B000283,YVR2,2025-06-23,2025-06-30,2025-07-06,2574,2574,3,5.71,Received
PO-480242,68,SUP-111,B000337,YUL5,2025-06-23,2025-06-30,2025-07-06,114,114,0,10.03,Received
PO-480242,82,SUP-111,B000351,YYZ4,2025-06-23,2025-06-30,2025-07-06,176,176,0,7.71,Received
PO-480242,72,SUP-111,B000418,YYZ4,2025-06-23,2025-06-30,2025-07-06,192,174,1,20.14,Received
PO-480079,83,SUP-104,B000054,YYZ4,2025-06-25,2025-07-05,2025-07-05,32,32,0,12.38,Received
PO-480079,81,SUP-104,B000077,YWG2,2025-06-25,2025-07-05,2025-07-05,192,158,1,55.44,Received
PO-480079,77,SUP-104,B000088,YWG2,2025-06-25,2025-07-05,2025-07-05,485,410,4,22.27,Received
PO-480079,84,SUP-104,B000093,YYC1,2025-06-25,2025-07-05,2025-07-05,24,24,0,3.57,Received
PO-480079,91,SUP-104,B000140,YYZ4,2025-06-25,2025-07-05,2025-07-05,48,48,0,5.15,Received
PO-480079,76,SUP-104,B000168,YYZ4,2025-06-25,2025-07-05,2025-07-05,312,302,3,8.87,Received
PO-480079,80,SUP-104,B000214,YUL5,2025-06-25,2025-07-05,2025-07-05,96,96,1,9.98,Received
PO-480079,86,SUP-104,B000233,YUL5,2025-06-25,2025-07-05,2025-07-05,36,36,0,30.93,Received
PO-480079,88,SUP-104,B000256,YHZ1,2025-06-25,2025-07-05,2025-07-05,96,96,0,17.41,Received
PO-480079,92,SUP-104,B000257,YWG2,2025-06-25,2025-07-05,2025-07-05,2512,2512,0,12.7,Received
PO-480079,87,SUP-104,B000290,YYZ4,2025-06-25,2025-07-05,2025-07-05,280,255,1,2.29,Received
PO-480079,85,SUP-104,B000367,YUL5,2025-06-25,2025-07-05,2025-07-05,268,268,2,4.19,Received
PO-480079,79,SUP-104,B000371,YUL5,2025-06-25,2025-07-05,2025-07-05,24,24,0,9.71,Received
PO-480079,78,SUP-104,B000388,YUL5,2025-06-25,2025-07-05,2025-07-05,24,21,0,19.55,Received
PO-480079,90,SUP-104,B000390,YHZ1,2025-06-25,2025-07-05,2025-07-05,122,122,0,10.78,Received
PO-480079,89,SUP-104,B000412,YVR2,2025-06-25,2025-07-05,2025-07-05,1482,1482,3,5.35,Received
PO-480079,82,SUP-104,B000417,YYZ4,2025-06-25,2025-07-05,2025-07-05,18,17,0,17.43,Received
PO-480114,61,SUP-105,B000016,YEG3,2025-06-25,2025-07-04,2025-07-07,192,192,0,22.7,Received
PO-480114,62,SUP-105,B000023,YYZ4,2025-06-25,2025-07-04,2025-07-07,16,16,0,55.53,Received
PO-480114,57,SUP-105,B000092,YUL5,2025-06-25,2025-07-04,2025-07-07,48,48,0,37.96,Received
PO-480114,65,SUP-105,B000097,YVR2,2025-06-25,2025-07-04,2025-07-07,24,19,0,48.69,Received
PO-480114,60,SUP-105,B000213,YVR2,2025-06-25,2025-07-04,2025-07-07,192,192,1,46.02,Received
PO-480114,66,SUP-105,B000259,YYZ4,2025-06-25,2025-07-04,2025-07-07,176,176,1,17.17,Received
PO-480114,59,SUP-105,B000284,YWG2,2025-06-25,2025-07-04,2025-07-07,407,407,2,19.61,Received
PO-480114,58,SUP-105,B000361,YYZ4,2025-06-25,2025-07-04,2025-07-07,192,164,0,25.9,Received
PO-480114,63,SUP-105,B000380,YVR2,2025-06-25,2025-07-04,2025-07-07,120,120,0,31.53,Received
PO-480114,64,SUP-105,B000410,YYZ4,2025-06-25,2025-07-04,2025-07-07,96,96,0,31.02,Received
PO-480319,9,SUP-113,B000009,YYC1,2025-06-25,2025-07-11,2025-07-13,44,44,1,15.41,Received
PO-480319,12,SUP-113,B000028,YEG3,2025-06-25,2025-07-11,2025-07-13,49,49,1,33.32,Received
PO-480319,4,SUP-113,B000030,YYZ4,2025-06-25,2025-07-11,2025-07-13,360,294,4,26.33,Received
PO-480319,13,SUP-113,B000078,YWG2,2025-06-25,2025-07-11,2025-07-13,12,12,0,172.65,Received
PO-480319,8,SUP-113,B000091,YYC1,2025-06-25,2025-07-11,2025-07-13,168,168,1,40.85,Received
PO-480319,15,SUP-113,B000106,YEG3,2025-06-25,2025-07-11,2025-07-13,192,192,3,11.64,Received
PO-480319,5,SUP-113,B000135,YYC1,2025-06-25,2025-07-11,2025-07-13,96,96,0,13.09,Received
PO-480319,16,SUP-113,B000154,YYZ4,2025-06-25,2025-07-11,2025-07-13,96,96,2,6.27,Received
PO-480319,11,SUP-113,B000176,YUL5,2025-06-25,2025-07-11,2025-07-13,6,6,0,23.18,Received
PO-480319,10,SUP-113,B000182,YHZ1,2025-06-25,2025-07-11,2025-07-13,4240,4240,71,8.68,Received
PO-480319,21,SUP-113,B000186,YYZ4,2025-06-25,2025-07-11,2025-07-13,24,24,0,7.27,Received
PO-480319,6,SUP-113,B000198,YHZ1,2025-06-25,2025-07-11,2025-07-13,96,96,1,27.58,Received
PO-480319,20,SUP-113,B000298,YVR2,2025-06-25,2025-07-11,2025-07-13,1000,1000,5,39.04,Received
PO-480319,7,SUP-113,B000326,YYC1,2025-06-25,2025-07-11,2025-07-13,168,168,1,9.48,Received
PO-480319,17,SUP-113,B000334,YYZ4,2025-06-25,2025-07-11,2025-07-13,4,4,0,8.22,Received
PO-480319,19,SUP-113,B000395,YYZ4,2025-06-25,2025-07-11,2025-07-13,92,92,1,9.53,Received
PO-480319,18,SUP-113,B000406,YYZ4,2025-06-25,2025-07-11,2025-07-13,184,184,2,12.22,Received
PO-480319,14,SUP-113,B000419,YUL5,2025-06-25,2025-07-11,2025-07-13,384,384,4,34.2,Received
PO-480446,58,SUP-119,B000013,YVR2,2025-06-25,2025-07-25,2025-07-28,120,120,1,7.12,Received
PO-480446,65,SUP-119,B000018,YYZ4,2025-06-25,2025-07-25,2025-07-28,18,18,0,15.1,Received
PO-480446,63,SUP-119,B000032,YYZ4,2025-06-25,2025-07-25,2025-07-28,24,24,0,10.45,Received
PO-480446,61,SUP-119,B000049,YYZ4,2025-06-25,2025-07-25,2025-07-28,64,64,1,9.82,Received
PO-480446,66,SUP-119,B000073,YYZ4,2025-06-25,2025-07-25,2025-07-28,48,48,0,4.65,Received
PO-480446,62,SUP-119,B000112,YVR2,2025-06-25,2025-07-25,2025-07-28,96,96,2,43.81,Received
PO-480446,68,SUP-119,B000125,YYZ4,2025-06-25,2025-07-25,2025-07-28,88,88,0,8.87,Received
PO-480446,57,SUP-119,B000159,YWG2,2025-06-25,2025-07-25,2025-07-28,2156,2156,41,5.08,Received
PO-480446,60,SUP-119,B000175,YWG2,2025-06-25,2025-07-25,2025-07-28,606,606,9,13.44,Received
PO-480446,59,SUP-119,B000206,YVR2,2025-06-25,2025-07-25,2025-07-28,172,172,1,15.92,Received
PO-480446,64,SUP-119,B000331,YYC1,2025-06-25,2025-07-25,2025-07-28,12,12,0,5.86,Received
PO-480446,67,SUP-119,B000386,YHZ1,2025-06-25,2025-07-25,2025-07-28,24,24,0,3.34,Received
PO-480427,28,SUP-118,B000027,YYZ4,2025-06-26,2025-07-28,2025-07-26,24,24,0,12.44,Received
PO-480427,18,SUP-118,B000107,YEG3,2025-06-26,2025-07-28,2025-07-26,2775,2775,12,6.42,Received
PO-480427,25,SUP-118,B000108,YHZ1,2025-06-26,2025-07-28,2025-07-26,6509,6509,71,27.52,Received
PO-480427,26,SUP-118,B000155,YVR2,2025-06-26,2025-07-28,2025-07-26,77,77,0,16.62,Received
PO-480427,17,SUP-118,B000166,YYZ4,2025-06-26,2025-07-28,2025-07-26,396,396,6,22.72,Received
PO-480427,23,SUP-118,B000221,YYC1,2025-06-26,2025-07-28,2025-07-26,100,100,1,45.14,Received
PO-480427,27,SUP-118,B000222,YYZ4,2025-06-26,2025-07-28,2025-07-26,48,48,1,12.18,Received
PO-480427,24,SUP-118,B000230,YWG2,2025-06-26,2025-07-28,2025-07-26,552,552,10,10.67,Received
PO-480427,16,SUP-118,B000237,YHZ1,2025-06-26,2025-07-28,2025-07-26,112,112,1,34.69,Received
PO-480427,22,SUP-118,B000238,YUL5,2025-06-26,2025-07-28,2025-07-26,1032,1032,10,33.37,Received
PO-480427,29,SUP-118,B000327,YYZ4,2025-06-26,2025-07-28,2025-07-26,12,12,0,45.86,Received
PO-480427,21,SUP-118,B000330,YYC1,2025-06-26,2025-07-28,2025-07-26,240,240,1,34.27,Received
PO-480427,30,SUP-118,B000340,YVR2,2025-06-26,2025-07-28,2025-07-26,288,288,3,41.74,Received
PO-480427,20,SUP-118,B000372,YYZ4,2025-06-26,2025-07-28,2025-07-26,469,469,8,17.44,Received
PO-480427,19,SUP-118,B000398,YEG3,2025-06-26,2025-07-28,2025-07-26,46,46,0,25.87,Received
PO-480473,41,SUP-120,B000008,YHZ1,2025-06-26,2025-07-02,2025-07-02,176,176,0,3.7,Received
PO-480473,36,SUP-120,B000196,YYZ4,2025-06-26,2025-07-02,2025-07-02,5,5,0,7.3,Received
PO-480473,40,SUP-120,B000197,YYZ4,2025-06-26,2025-07-02,2025-07-02,24,24,0,7.26,Received
PO-480473,37,SUP-120,B000210,YUL5,2025-06-26,2025-07-02,2025-07-02,264,264,1,2.12,Received
PO-480473,39,SUP-120,B000269,YYC1,2025-06-26,2025-07-02,2025-07-02,24,24,0,2.24,Received
PO-480473,38,SUP-120,B000365,YUL5,2025-06-26,2025-07-02,2025-07-02,48,48,0,4.97,Received
PO-480277,13,SUP-112,B000026,YYZ4,2025-06-28,2025-07-12,2025-07-18,72,72,0,18.63,Received
PO-480277,9,SUP-112,B000061,YYZ4,2025-06-28,2025-07-12,2025-07-18,48,48,1,9.8,Received
PO-480277,12,SUP-112,B000076,YUL5,2025-06-28,2025-07-12,2025-07-18,48,48,0,31.77,Received
PO-480277,5,SUP-112,B000118,YUL5,2025-06-28,2025-07-12,2025-07-18,404,404,4,14.9,Received
PO-480277,99,SUP-112,B000143,YYZ4,2025-06-28,2025-07-12,2025-07-18,252,252,0,6.49,Received
PO-480277,8,SUP-112,B000146,YYZ4,2025-06-28,2025-07-12,2025-07-18,40,40,1,22.0,Received
PO-480277,1,SUP-112,B000167,YUL5,2025-06-28,2025-07-12,2025-07-18,48,39,1,7.6,Received
PO-480277,6,SUP-112,B000192,YYC1,2025-06-28,2025-07-12,2025-07-18,7,7,0,35.26,Received
PO-480277,3,SUP-112,B000242,YWG2,2025-06-28,2025-07-12,2025-07-18,228,228,0,7.44,Received
PO-480277,2,SUP-112,B000249,YYZ4,2025-06-28,2025-07-12,2025-07-18,42,42,0,24.19,Received
PO-480277,7,SUP-112,B000292,YVR2,2025-06-28,2025-07-12,2025-07-18,152,152,2,32.23,Received
PO-480277,15,SUP-112,B000304,YEG3,2025-06-28,2025-07-12,2025-07-18,280,280,1,13.26,Received
PO-480277,11,SUP-112,B000324,YWG2,2025-06-28,2025-07-12,2025-07-18,48,48,1,50.1,Received
PO-480277,10,SUP-112,B000357,YYC1,2025-06-28,2025-07-12,2025-07-18,305,305,3,2.48,Received
PO-480277,14,SUP-112,B000393,YYC1,2025-06-28,2025-07-12,2025-07-18,144,144,1,36.15,Received
PO-480277,4,SUP-112,B000416,YYC1,2025-06-28,2025-07-12,2025-07-18,270,270,4,26.43,Received
PO-480037,43,SUP-103,B000024,YEG3,2025-06-29,2025-07-11,2025-07-13,1152,1152,10,24.8,Received
PO-480037,44,SUP-103,B000133,YVR2,2025-06-29,2025-07-11,2025-07-13,8,8,0,15.18,Received
PO-480037,48,SUP-103,B000178,YYZ4,2025-06-29,2025-07-11,2025-07-13,624,624,6,27.42,Received
PO-480037,46,SUP-103,B000194,YEG3,2025-06-29,2025-07-11,2025-07-13,32,28,0,12.16,Received
PO-480037,47,SUP-103,B000353,YVR2,2025-06-29,2025-07-11,2025-07-13,34,34,0,13.18,Received
PO-480037,45,SUP-103,B000387,YEG3,2025-06-29,2025-07-11,2025-07-13,79,79,0,40.99,Received
PO-480474,47,SUP-120,B000008,YUL5,2025-06-30,2025-07-06,2025-07-06,136,136,0,3.7,Received
PO-480474,49,SUP-120,B000012,YUL5,2025-06-30,2025-07-06,2025-07-06,68,68,0,9.46,Received
PO-480474,52,SUP-120,B000196,YYC1,2025-06-30,2025-07-06,2025-07-06,2,2,0,7.3,Received
PO-480474,43,SUP-120,B000197,YWG2,2025-06-30,2025-07-06,2025-07-06,174,174,0,7.26,Received
PO-480474,44,SUP-120,B000199,YYC1,2025-06-30,2025-07-06,2025-07-06,280,280,1,17.21,Received
PO-480474,42,SUP-120,B000210,YYC1,2025-06-30,2025-07-06,2025-07-06,192,192,1,2.12,Received
PO-480474,50,SUP-120,B000250,YYZ4,2025-06-30,2025-07-06,2025-07-06,172,172,1,3.15,Received
PO-480474,48,SUP-120,B000310,YYZ4,2025-06-30,2025-07-06,2025-07-06,340,340,1,2.96,Received
PO-480474,45,SUP-120,B000321,YYC1,2025-06-30,2025-07-06,2025-07-06,20,20,0,8.49,Received
PO-480474,46,SUP-120,B000338,YYZ4,2025-06-30,2025-07-06,2025-07-06,536,506,2,3.88,Received
PO-480474,51,SUP-120,B000365,YUL5,2025-06-30,2025-07-06,2025-07-06,48,48,0,4.97,Received
PO-480153,21,SUP-106,B000021,YYZ4,2025-07-02,2025-07-26,2025-07-27,24,24,0,16.28,Received
PO-480153,23,SUP-106,B000127,YEG3,2025-07-02,2025-07-26,2025-07-27,54,54,0,15.81,Received
PO-480153,22,SUP-106,B000142,YVR2,2025-07-02,2025-07-26,2025-07-27,246,246,4,12.57,Received
PO-480153,19,SUP-106,B000202,YVR2,2025-07-02,2025-07-26,2025-07-27,2008,2008,55,26.75,Received
PO-480153,20,SUP-106,B000239,YYZ4,2025-07-02,2025-07-26,2025-07-27,96,96,2,12.84,Received
PO-480153,24,SUP-106,B000294,YHZ1,2025-07-02,2025-07-26,2025-07-27,684,684,19,42.52,Received
PO-480153,25,SUP-106,B000307,YUL5,2025-07-02,2025-07-26,2025-07-27,60,60,1,10.55,Received
PO-480080,95,SUP-104,B000054,YVR2,2025-07-07,2025-07-17,2025-07-14,32,32,0,12.38,Received
PO-480080,97,SUP-104,B000093,YYZ4,2025-07-07,2025-07-17,2025-07-14,96,88,1,3.57,Received
PO-480080,3,SUP-104,B000140,YYZ4,2025-07-07,2025-07-17,2025-07-14,48,45,0,5.15,Received
PO-480080,1,SUP-104,B000150,YUL5,2025-07-07,2025-07-17,2025-07-14,8,8,0,2.47,Received
PO-480080,99,SUP-104,B000214,YUL5,2025-07-07,2025-07-17,2025-07-14,96,82,1,9.98,Received
PO-480080,2,SUP-104,B000257,YEG3,2025-07-07,2025-07-17,2025-07-14,1012,1012,6,12.7,Received
PO-480080,93,SUP-104,B000367,YYZ4,2025-07-07,2025-07-17,2025-07-14,194,156,1,4.19,Received
PO-480080,94,SUP-104,B000371,YUL5,2025-07-07,2025-07-17,2025-07-14,48,48,0,9.71,Received
PO-480080,98,SUP-104,B000390,YUL5,2025-07-07,2025-07-17,2025-07-14,89,89,0,10.78,Received
PO-480080,96,SUP-104,B000417,YYC1,2025-07-07,2025-07-17,2025-07-14,6,5,0,17.43,Received
PO-480115,71,SUP-105,B000025,YYZ4,2025-07-08,2025-07-17,2025-07-16,24,24,0,34.44,Received
PO-480115,67,SUP-105,B000043,YYZ4,2025-07-08,2025-07-17,2025-07-16,8,8,0,81.24,Received
PO-480115,75,SUP-105,B000092,YYC1,2025-07-08,2025-07-17,2025-07-16,60,56,0,37.96,Received
PO-480115,72,SUP-105,B000153,YVR2,2025-07-08,2025-07-17,2025-07-16,756,756,3,9.61,Received
PO-480115,70,SUP-105,B000213,YVR2,2025-07-08,2025-07-17,2025-07-16,280,280,2,46.02,Received
PO-480115,69,SUP-105,B000259,YVR2,2025-07-08,2025-07-17,2025-07-16,91,91,0,17.17,Received
PO-480115,77,SUP-105,B000263,YHZ1,2025-07-08,2025-07-17,2025-07-16,292,292,0,50.34,Received
PO-480115,78,SUP-105,B000282,YUL5,2025-07-08,2025-07-17,2025-07-16,367,367,0,55.18,Received
PO-480115,68,SUP-105,B000284,YWG2,2025-07-08,2025-07-17,2025-07-16,205,205,1,19.61,Received
PO-480115,73,SUP-105,B000308,YHZ1,2025-07-08,2025-07-17,2025-07-16,384,384,1,10.93,Received
PO-480115,79,SUP-105,B000320,YVR2,2025-07-08,2025-07-17,2025-07-16,60,60,0,15.12,Received
PO-480115,76,SUP-105,B000361,YYZ4,2025-07-08,2025-07-17,2025-07-16,192,192,0,25.9,Received
PO-480115,74,SUP-105,B000380,YVR2,2025-07-08,2025-07-17,2025-07-16,60,60,0,31.53,Received
PO-480428,39,SUP-118,B000069,YYC1,2025-07-08,2025-08-09,2025-08-12,108,108,2,11.1,Received
PO-480428,32,SUP-118,B000083,YYC1,2025-07-08,2025-08-09,2025-08-12,123,123,2,25.64,Received
PO-480428,31,SUP-118,B000110,YYC1,2025-07-08,2025-08-09,2025-08-12,140,140,2,27.06,Received
PO-480428,37,SUP-118,B000155,YYZ4,2025-07-08,2025-08-09,2025-08-12,33,33,0,16.62,Received
PO-480428,36,SUP-118,B000166,YYC1,2025-07-08,2025-08-09,2025-08-12,180,180,3,22.72,Received
PO-480428,34,SUP-118,B000170,YYZ4,2025-07-08,2025-08-09,2025-08-12,29,23,0,6.35,Received
PO-480428,35,SUP-118,B000222,YVR2,2025-07-08,2025-08-09,2025-08-12,84,84,0,12.18,Received
PO-480428,40,SUP-118,B000311,YYC1,2025-07-08,2025-08-09,2025-08-12,167,167,1,23.78,Received
PO-480428,38,SUP-118,B000327,YVR2,2025-07-08,2025-08-09,2025-08-12,12,12,0,45.86,Received
PO-480428,41,SUP-118,B000372,YYZ4,2025-07-08,2025-08-09,2025-08-12,410,410,2,17.44,Received
PO-480428,33,SUP-118,B000398,YEG3,2025-07-08,2025-08-09,2025-08-12,71,71,1,25.87,Received
PO-480081,8,SUP-104,B000060,YYC1,2025-07-09,2025-07-19,2025-07-17,452,452,2,14.56,Received
PO-480081,6,SUP-104,B000077,YYZ4,2025-07-09,2025-07-19,2025-07-17,192,192,1,55.44,Received
PO-480081,5,SUP-104,B000088,YYZ4,2025-07-09,2025-07-19,2025-07-17,84,81,1,22.27,Received
PO-480081,9,SUP-104,B000214,YYZ4,2025-07-09,2025-07-19,2025-07-17,96,96,0,9.98,Received
PO-480081,10,SUP-104,B000233,YUL5,2025-07-09,2025-07-19,2025-07-17,36,36,0,30.93,Received
PO-480081,4,SUP-104,B000367,YYZ4,2025-07-09,2025-07-19,2025-07-17,52,41,0,4.19,Received
PO-480081,7,SUP-104,B000388,YYZ4,2025-07-09,2025-07-19,2025-07-17,18,18,0,19.55,Received
PO-480369,38,SUP-115,B000035,YUL5,2025-07-09,2025-08-11,2025-08-08,48,48,0,30.33,Received
PO-480369,37,SUP-115,B000047,YWG2,2025-07-09,2025-08-11,2025-08-08,798,798,0,63.07,Received
PO-480369,34,SUP-115,B000051,YYZ4,2025-07-09,2025-08-11,2025-08-08,70,70,0,17.69,Received
PO-480369,42,SUP-115,B000053,YUL5,2025-07-09,2025-08-11,2025-08-08,103,103,1,15.69,Received
PO-480369,39,SUP-115,B000116,YYC1,2025-07-09,2025-08-11,2025-08-08,2098,2098,30,59.9,Received
PO-480369,36,SUP-115,B000157,YEG3,2025-07-09,2025-08-11,2025-08-08,60,60,0,58.52,Received
PO-480369,40,SUP-115,B000241,YHZ1,2025-07-09,2025-08-11,2025-08-08,1688,1381,3,43.91,Received
PO-480369,33,SUP-115,B000244,YYZ4,2025-07-09,2025-08-11,2025-08-08,504,504,3,31.25,Received
PO-480369,41,SUP-115,B000333,YYC1,2025-07-09,2025-08-11,2025-08-08,385,385,2,53.66,Received
PO-480369,35,SUP-115,B000377,YYZ4,2025-07-09,2025-08-11,2025-08-08,60,60,0,61.98,Received
PO-480515,2,SUP-122,B000067,YHZ1,2025-07-09,2025-08-09,2025-08-13,1248,1248,5,26.62,Received
PO-480515,7,SUP-122,B000068,YUL5,2025-07-09,2025-08-09,2025-08-13,72,72,0,53.46,Received
PO-480515,3,SUP-122,B000141,YYZ4,2025-07-09,2025-08-09,2025-08-13,124,124,0,44.89,Received
PO-480515,1,SUP-122,B000235,YVR2,2025-07-09,2025-08-09,2025-08-13,40,40,0,59.11,Received
PO-480515,4,SUP-122,B000264,YVR2,2025-07-09,2025-08-09,2025-08-13,30,30,0,32.04,Received
PO-480515,6,SUP-122,B000271,YYZ4,2025-07-09,2025-08-09,2025-08-13,48,48,0,23.34,Received
PO-480515,8,SUP-122,B000285,YEG3,2025-07-09,2025-08-09,2025-08-13,13,13,0,99.56,Received
PO-480515,99,SUP-122,B000341,YVR2,2025-07-09,2025-08-09,2025-08-13,406,406,3,57.14,Received
PO-480515,5,SUP-122,B000352,YYZ4,2025-07-09,2025-08-09,2025-08-13,12,12,0,42.99,Received
PO-480176,17,SUP-107,B000014,YEG3,2025-07-10,2025-08-13,2025-08-09,192,192,2,22.31,Received
PO-480176,15,SUP-107,B000044,YWG2,2025-07-10,2025-08-13,2025-08-09,378,378,1,49.42,Received
PO-480176,14,SUP-107,B000064,YYZ4,2025-07-10,2025-08-13,2025-08-09,117,117,1,40.08,Received
PO-480176,25,SUP-107,B000085,YYC1,2025-07-10,2025-08-13,2025-08-09,30,30,0,85.16,Received
PO-480176,21,SUP-107,B000104,YYZ4,2025-07-10,2025-08-13,2025-08-09,210,210,2,16.04,Received
PO-480176,24,SUP-107,B000114,YYC1,2025-07-10,2025-08-13,2025-08-09,64,59,1,74.15,Received
PO-480176,19,SUP-107,B000117,YEG3,2025-07-10,2025-08-13,2025-08-09,36,33,0,10.32,Received
PO-480176,23,SUP-107,B000121,YUL5,2025-07-10,2025-08-13,2025-08-09,5,5,0,27.65,Received
PO-480176,16,SUP-107,B000148,YVR2,2025-07-10,2025-08-13,2025-08-09,540,540,5,21.53,Received
PO-480176,26,SUP-107,B000173,YVR2,2025-07-10,2025-08-13,2025-08-09,144,144,0,20.12,Received
PO-480176,27,SUP-107,B000200,YYZ4,2025-07-10,2025-08-13,2025-08-09,48,48,0,42.44,Received
PO-480176,28,SUP-107,B000336,YVR2,2025-07-10,2025-08-13,2025-08-09,84,84,0,61.89,Received
PO-480176,20,SUP-107,B000350,YYZ4,2025-07-10,2025-08-13,2025-08-09,192,192,2,48.35,Received
PO-480176,22,SUP-107,B000356,YEG3,2025-07-10,2025-08-13,2025-08-09,174,174,0,30.35,Received
PO-480176,18,SUP-107,B000394,YYZ4,2025-07-10,2025-08-13,2025-08-09,456,420,2,19.24,Received
PO-480038,56,SUP-103,B000000,YHZ1,2025-07-11,2025-07-23,2025-07-19,27,27,0,5.35,Received
PO-480038,65,SUP-103,B000006,YUL5,2025-07-11,2025-07-23,2025-07-19,348,348,2,10.47,Received
PO-480038,52,SUP-103,B000024,YUL5,2025-07-11,2025-07-23,2025-07-19,348,348,2,24.8,Received
PO-480038,57,SUP-103,B000079,YEG3,2025-07-11,2025-07-23,2025-07-19,72,72,0,12.85,Received
PO-480038,60,SUP-103,B000119,YYC1,2025-07-11,2025-07-23,2025-07-19,18,18,0,15.29,Received
PO-480038,59,SUP-103,B000133,YVR2,2025-07-11,2025-07-23,2025-07-19,12,12,0,15.18,Received
PO-480038,49,SUP-103,B000194,YYZ4,2025-07-11,2025-07-23,2025-07-19,32,32,0,12.16,Received
PO-480038,61,SUP-103,B000246,YYZ4,2025-07-11,2025-07-23,2025-07-19,48,42,1,48.07,Received
PO-480038,63,SUP-103,B000273,YUL5,2025-07-11,2025-07-23,2025-07-19,32,32,0,23.72,Received
PO-480038,62,SUP-103,B000278,YHZ1,2025-07-11,2025-07-23,2025-07-19,54,54,1,38.05,Received
PO-480038,54,SUP-103,B000291,YUL5,2025-07-11,2025-07-23,2025-07-19,36,31,0,17.87,Received
PO-480038,55,SUP-103,B000295,YVR2,2025-07-11,2025-07-23,2025-07-19,40,39,0,18.76,Received
PO-480038,66,SUP-103,B000312,YEG3,2025-07-11,2025-07-23,2025-07-19,767,767,1,11.5,Received
PO-480038,58,SUP-103,B000348,YVR2,2025-07-11,2025-07-23,2025-07-19,136,136,1,9.96,Received
PO-480038,53,SUP-103,B000353,YVR2,2025-07-11,2025-07-23,2025-07-19,17,17,0,13.18,Received
PO-480038,64,SUP-103,B000382,YHZ1,2025-07-11,2025-07-23,2025-07-19,1020,1020,0,9.75,Received
PO-480038,51,SUP-103,B000399,YYZ4,2025-07-11,2025-07-23,2025-07-19,48,48,0,19.26,Received
PO-480038,50,SUP-103,B000413,YYZ4,2025-07-11,2025-07-23,2025-07-19,192,192,2,27.73,Received
PO-480429,42,SUP-118,B000027,YYZ4,2025-07-14,2025-08-15,2025-08-02,24,24,0,12.44,Received
PO-480429,57,SUP-118,B000083,YVR2,2025-07-14,2025-08-15,2025-08-02,105,105,0,25.64,Received
PO-480429,47,SUP-118,B000124,YYC1,2025-07-14,2025-08-15,2025-08-02,104,104,1,19.28,Received
PO-480429,54,SUP-118,B000155,YYZ4,2025-07-14,2025-08-15,2025-08-02,61,61,0,16.62,Received
PO-480429,46,SUP-118,B000166,YWG2,2025-07-14,2025-08-15,2025-08-02,144,144,1,22.72,Received
PO-480429,43,SUP-118,B000170,YYZ4,2025-07-14,2025-08-15,2025-08-02,20,20,0,6.35,Received
PO-480429,44,SUP-118,B000221,YYZ4,2025-07-14,2025-08-15,2025-08-02,146,146,1,45.14,Received
PO-480429,56,SUP-118,B000222,YYZ4,2025-07-14,2025-08-15,2025-08-02,108,108,1,12.18,Received
PO-480429,48,SUP-118,B000230,YYZ4,2025-07-14,2025-08-15,2025-08-02,120,120,1,10.67,Received
PO-480429,50,SUP-118,B000238,YUL5,2025-07-14,2025-08-15,2025-08-02,400,400,6,33.37,Received
PO-480429,55,SUP-118,B000243,YUL5,2025-07-14,2025-08-15,2025-08-02,48,48,1,45.01,Received
PO-480429,51,SUP-118,B000311,YEG3,2025-07-14,2025-08-15,2025-08-02,318,318,3,23.78,Received
PO-480429,45,SUP-118,B000340,YYZ4,2025-07-14,2025-08-15,2025-08-02,132,132,1,41.74,Received
PO-480429,52,SUP-118,B000372,YHZ1,2025-07-14,2025-08-15,2025-08-02,298,298,3,17.44,Received
PO-480429,53,SUP-118,B000398,YYZ4,2025-07-14,2025-08-15,2025-08-02,46,46,1,25.87,Received
PO-480429,49,SUP-118,B000414,YVR2,2025-07-14,2025-08-15,2025-08-02,2256,2117,31,32.56,Received
PO-480447,76,SUP-119,B000018,YHZ1,2025-07-15,2025-08-14,2025-08-10,12,12,0,15.1,Received
PO-480447,74,SUP-119,B000032,YYZ4,2025-07-15,2025-08-14,2025-08-10,6,6,0,10.45,Received
PO-480447,72,SUP-119,B000049,YVR2,2025-07-15,2025-08-14,2025-08-10,64,64,1,9.82,Received
PO-480447,70,SUP-119,B000073,YHZ1,2025-07-15,2025-08-14,2025-08-10,48,48,0,4.65,Received
PO-480447,78,SUP-119,B000112,YYC1,2025-07-15,2025-08-14,2025-08-10,96,96,1,43.81,Received
PO-480447,77,SUP-119,B000159,YUL5,2025-07-15,2025-08-14,2025-08-10,392,392,5,5.08,Received
PO-480447,75,SUP-119,B000175,YHZ1,2025-07-15,2025-08-14,2025-08-10,480,480,2,13.44,Received
PO-480447,71,SUP-119,B000206,YWG2,2025-07-15,2025-08-14,2025-08-10,224,224,2,15.92,Received
PO-480447,73,SUP-119,B000331,YYZ4,2025-07-15,2025-08-14,2025-08-10,12,12,0,5.86,Received
PO-480447,69,SUP-119,B000386,YYZ4,2025-07-15,2025-08-14,2025-08-10,72,72,0,3.34,Received
PO-480370,46,SUP-115,B000053,YYZ4,2025-07-16,2025-08-18,2025-08-18,144,144,1,15.69,Received
PO-480370,50,SUP-115,B000057,YYZ4,2025-07-16,2025-08-18,2025-08-18,48,48,1,20.35,Received
PO-480370,48,SUP-115,B000099,YEG3,2025-07-16,2025-08-18,2025-08-18,307,307,2,120.32,Received
PO-480370,45,SUP-115,B000138,YVR2,2025-07-16,2025-08-18,2025-08-18,223,223,3,25.11,Received
PO-480370,44,SUP-115,B000241,YHZ1,2025-07-16,2025-08-18,2025-08-18,1704,1704,13,43.91,Received
PO-480370,49,SUP-115,B000244,YWG2,2025-07-16,2025-08-18,2025-08-18,360,360,4,31.25,Received
PO-480370,47,SUP-115,B000258,YUL5,2025-07-16,2025-08-18,2025-08-18,753,681,3,7.11,Received
PO-480370,43,SUP-115,B000328,YYZ4,2025-07-16,2025-08-18,2025-08-18,50,50,1,28.33,Received
PO-480278,23,SUP-112,B000086,YHZ1,2025-07-18,2025-08-01,2025-08-05,432,432,6,8.8,Received
PO-480278,17,SUP-112,B000087,YUL5,2025-07-18,2025-08-01,2025-08-05,56,56,0,35.54,Received
PO-480278,22,SUP-112,B000118,YYZ4,2025-07-18,2025-08-01,2025-08-05,480,480,6,14.9,Received
PO-480278,20,SUP-112,B000151,YYC1,2025-07-18,2025-08-01,2025-08-05,440,429,2,10.75,Received
PO-480278,18,SUP-112,B000189,YYZ4,2025-07-18,2025-08-01,2025-08-05,64,55,1,11.62,Received
PO-480278,19,SUP-112,B000204,YYC1,2025-07-18,2025-08-01,2025-08-05,104,88,1,25.35,Received
PO-480278,25,SUP-112,B000249,YYZ4,2025-07-18,2025-08-01,2025-08-05,72,72,1,24.19,Received
PO-480278,24,SUP-112,B000272,YYZ4,2025-07-18,2025-08-01,2025-08-05,282,282,3,5.34,Received
PO-480278,21,SUP-112,B000324,YYZ4,2025-07-18,2025-08-01,2025-08-05,116,116,1,50.1,Received
PO-480278,16,SUP-112,B000393,YVR2,2025-07-18,2025-08-01,2025-08-05,48,41,0,36.15,Received
PO-480320,23,SUP-113,B000030,YEG3,2025-07-18,2025-08-03,2025-08-08,72,72,1,26.33,Received
PO-480320,24,SUP-113,B000078,YWG2,2025-07-18,2025-08-03,2025-08-08,12,12,0,172.65,Received
PO-480320,27,SUP-113,B000091,YYC1,2025-07-18,2025-08-03,2025-08-08,168,168,3,40.85,Received
PO-480320,25,SUP-113,B000136,YUL5,2025-07-18,2025-08-03,2025-08-08,8,8,0,38.25,Received
PO-480320,26,SUP-113,B000176,YUL5,2025-07-18,2025-08-03,2025-08-08,18,18,0,23.18,Received
PO-480320,22,SUP-113,B000186,YEG3,2025-07-18,2025-08-03,2025-08-08,96,96,1,7.27,Received
PO-480505,7,SUP-121,B000022,YHZ1,2025-07-19,2025-09-07,2025-09-18,288,288,13,23.15,Received
PO-480505,6,SUP-121,B000045,YYZ4,2025-07-19,2025-09-07,2025-09-18,120,120,2,57.92,Received
PO-480505,5,SUP-121,B000152,YYC1,2025-07-19,2025-09-07,2025-09-18,297,297,8,28.18,Received
PO-480505,1,SUP-121,B000161,YUL5,2025-07-19,2025-09-07,2025-09-18,504,504,28,20.9,Received
PO-480505,97,SUP-121,B000174,YYZ4,2025-07-19,2025-09-07,2025-09-18,597,582,25,29.82,Received
PO-480505,3,SUP-121,B000220,YVR2,2025-07-19,2025-09-07,2025-09-18,216,216,11,19.35,Received
PO-480505,2,SUP-121,B000323,YYZ4,2025-07-19,2025-09-07,2025-09-18,70,70,2,11.42,Received
PO-480505,4,SUP-121,B000392,YUL5,2025-07-19,2025-09-07,2025-09-18,1436,1436,51,42.02,Received
PO-480505,98,SUP-121,B000408,YVR2,2025-07-19,2025-09-07,2025-09-18,72,72,2,43.76,Received
PO-480505,99,SUP-121,B000409,YYZ4,2025-07-19,2025-09-07,2025-09-18,228,228,9,15.72,Received
PO-480082,17,SUP-104,B000077,YWG2,2025-07-20,2025-07-30,2025-07-28,192,192,1,55.44,Received
PO-480082,11,SUP-104,B000140,YYZ4,2025-07-20,2025-07-30,2025-07-28,84,84,1,5.15,Received
PO-480082,15,SUP-104,B000150,YYZ4,2025-07-20,2025-07-30,2025-07-28,16,16,0,2.47,Received
PO-480082,14,SUP-104,B000233,YYZ4,2025-07-20,2025-07-30,2025-07-28,72,72,0,30.93,Received
PO-480082,16,SUP-104,B000367,YYZ4,2025-07-20,2025-07-30,2025-07-28,111,111,0,4.19,Received
PO-480082,12,SUP-104,B000390,YYC1,2025-07-20,2025-07-30,2025-07-28,167,167,0,10.78,Received
PO-480082,13,SUP-104,B000412,YHZ1,2025-07-20,2025-07-30,2025-07-28,438,438,1,5.35,Received
PO-480083,22,SUP-104,B000054,YYZ4,2025-07-22,2025-08-01,2025-07-27,32,32,0,12.38,Received
PO-480083,18,SUP-104,B000077,YYZ4,2025-07-22,2025-08-01,2025-07-27,192,192,1,55.44,Received
PO-480083,26,SUP-104,B000088,YUL5,2025-07-22,2025-08-01,2025-07-27,116,116,0,22.27,Received
PO-480083,23,SUP-104,B000093,YUL5,2025-07-22,2025-08-01,2025-07-27,48,48,0,3.57,Received
PO-480083,24,SUP-104,B000095,YUL5,2025-07-22,2025-08-01,2025-07-27,240,240,1,4.5,Received
PO-480083,19,SUP-104,B000168,YYC1,2025-07-22,2025-08-01,2025-07-27,210,168,0,8.87,Received
PO-480083,21,SUP-104,B000214,YUL5,2025-07-22,2025-08-01,2025-07-27,96,96,0,9.98,Received
PO-480083,27,SUP-104,B000233,YUL5,2025-07-22,2025-08-01,2025-07-27,24,24,0,30.93,Received
PO-480083,25,SUP-104,B000256,YWG2,2025-07-22,2025-08-01,2025-07-27,96,85,1,17.41,Received
PO-480083,31,SUP-104,B000257,YVR2,2025-07-22,2025-08-01,2025-07-27,1656,1656,4,12.7,Received
PO-480083,20,SUP-104,B000290,YYZ4,2025-07-22,2025-08-01,2025-07-27,1016,1016,5,2.29,Received
PO-480083,29,SUP-104,B000371,YUL5,2025-07-22,2025-08-01,2025-07-27,30,30,0,9.71,Received
PO-480083,30,SUP-104,B000388,YUL5,2025-07-22,2025-08-01,2025-07-27,12,12,0,19.55,Received
PO-480083,28,SUP-104,B000417,YYZ4,2025-07-22,2025-08-01,2025-07-27,6,6,0,17.43,Received
PO-480279,36,SUP-112,B000061,YYZ4,2025-07-22,2025-08-05,2025-08-05,48,48,0,9.8,Received
PO-480279,38,SUP-112,B000076,YUL5,2025-07-22,2025-08-05,2025-08-05,114,114,2,31.77,Received
PO-480279,31,SUP-112,B000086,YHZ1,2025-07-22,2025-08-05,2025-08-05,156,156,2,8.8,Received
PO-480279,27,SUP-112,B000143,YYZ4,2025-07-22,2025-08-05,2025-08-05,340,340,4,6.49,Received
PO-480279,37,SUP-112,B000146,YVR2,2025-07-22,2025-08-05,2025-08-05,164,164,0,22.0,Received
PO-480279,30,SUP-112,B000151,YUL5,2025-07-22,2025-08-05,2025-08-05,276,276,3,10.75,Received
PO-480279,34,SUP-112,B000192,YYZ4,2025-07-22,2025-08-05,2025-08-05,45,40,0,35.26,Received
PO-480279,26,SUP-112,B000224,YYC1,2025-07-22,2025-08-05,2025-08-05,192,192,0,5.13,Received
PO-480279,39,SUP-112,B000248,YYZ4,2025-07-22,2025-08-05,2025-08-05,186,186,1,20.2,Received
PO-480279,42,SUP-112,B000272,YYZ4,2025-07-22,2025-08-05,2025-08-05,108,108,1,5.34,Received
PO-480279,41,SUP-112,B000292,YYZ4,2025-07-22,2025-08-05,2025-08-05,190,190,0,32.23,Received
PO-480279,32,SUP-112,B000296,YHZ1,2025-07-22,2025-08-05,2025-08-05,120,120,0,28.09,Received
PO-480279,28,SUP-112,B000304,YWG2,2025-07-22,2025-08-05,2025-08-05,172,172,0,13.26,Received
PO-480279,40,SUP-112,B000324,YYC1,2025-07-22,2025-08-05,2025-08-05,84,71,1,50.1,Received
PO-480279,33,SUP-112,B000339,YUL5,2025-07-22,2025-08-05,2025-08-05,624,580,7,17.86,Received
PO-480279,35,SUP-112,B000354,YUL5,2025-07-22,2025-08-05,2025-08-05,552,552,0,3.98,Received
PO-480279,29,SUP-112,B000393,YVR2,2025-07-22,2025-08-05,2025-08-05,144,126,1,36.15,Received
PO-480279,43,SUP-112,B000416,YVR2,2025-07-22,2025-08-05,2025-08-05,234,234,1,26.43,Received
PO-480280,55,SUP-112,B000026,YYZ4,2025-07-23,2025-08-06,2025-08-08,48,48,0,18.63,Received
PO-480280,51,SUP-112,B000167,YYZ4,2025-07-23,2025-08-06,2025-08-08,48,48,1,7.6,Received
PO-480280,53,SUP-112,B000192,YYC1,2025-07-23,2025-08-06,2025-08-08,19,17,0,35.26,Received
PO-480280,46,SUP-112,B000242,YVR2,2025-07-23,2025-08-06,2025-08-08,552,552,5,7.44,Received
PO-480280,54,SUP-112,B000248,YUL5,2025-07-23,2025-08-06,2025-08-08,186,186,0,20.2,Received
PO-480280,57,SUP-112,B000249,YUL5,2025-07-23,2025-08-06,2025-08-08,30,30,0,24.19,Received
PO-480280,44,SUP-112,B000272,YYZ4,2025-07-23,2025-08-06,2025-08-08,48,38,0,5.34,Received
PO-480280,50,SUP-112,B000286,YYZ4,2025-07-23,2025-08-06,2025-08-08,372,362,1,43.29,Received
PO-480280,49,SUP-112,B000297,YYZ4,2025-07-23,2025-08-06,2025-08-08,25,25,0,20.76,Received
PO-480280,52,SUP-112,B000324,YYC1,2025-07-23,2025-08-06,2025-08-08,248,214,2,50.1,Received
PO-480280,47,SUP-112,B000339,YVR2,2025-07-23,2025-08-06,2025-08-08,392,392,0,17.86,Received
PO-480280,45,SUP-112,B000357,YYC1,2025-07-23,2025-08-06,2025-08-08,338,338,4,2.48,Received
PO-480280,48,SUP-112,B000393,YVR2,2025-07-23,2025-08-06,2025-08-08,96,96,1,36.15,Received
PO-480280,56,SUP-112,B000416,YVR2,2025-07-23,2025-08-06,2025-08-08,864,864,7,26.43,Received
PO-480371,58,SUP-115,B000034,YUL5,2025-07-23,2025-08-25,2025-08-31,964,803,11,72.97,Received
PO-480371,52,SUP-115,B000040,YVR2,2025-07-23,2025-08-25,2025-08-31,124,111,1,78.85,Received
PO-480371,51,SUP-115,B000047,YYC1,2025-07-23,2025-08-25,2025-08-31,864,808,10,63.07,Received
PO-480371,53,SUP-115,B000051,YVR2,2025-07-23,2025-08-25,2025-08-31,116,114,1,17.69,Received
PO-480371,55,SUP-115,B000053,YUL5,2025-07-23,2025-08-25,2025-08-31,69,69,0,15.69,Received
PO-480371,59,SUP-115,B000157,YEG3,2025-07-23,2025-08-25,2025-08-31,84,84,1,58.52,Received
PO-480371,56,SUP-115,B000258,YWG2,2025-07-23,2025-08-25,2025-08-31,1981,1981,11,7.11,Received
PO-480371,54,SUP-115,B000287,YVR2,2025-07-23,2025-08-25,2025-08-31,116,116,1,94.57,Received
PO-480371,57,SUP-115,B000328,YYZ4,2025-07-23,2025-08-25,2025-08-31,8,7,0,28.33,Received
PO-480371,61,SUP-115,B000333,YYZ4,2025-07-23,2025-08-25,2025-08-31,104,104,1,53.66,Received
PO-480371,60,SUP-115,B000377,YYZ4,2025-07-23,2025-08-25,2025-08-31,24,24,0,61.98,Received
PO-480084,38,SUP-104,B000060,YYC1,2025-07-24,2025-08-03,2025-08-02,228,228,1,14.56,Received
PO-480084,39,SUP-104,B000077,YWG2,2025-07-24,2025-08-03,2025-08-02,192,192,2,55.44,Received
PO-480084,34,SUP-104,B000093,YYC1,2025-07-24,2025-08-03,2025-08-02,24,24,0,3.57,Received
PO-480084,35,SUP-104,B000095,YYC1,2025-07-24,2025-08-03,2025-08-02,1104,1104,0,4.5,Received
PO-480084,37,SUP-104,B000140,YYZ4,2025-07-24,2025-08-03,2025-08-02,168,168,1,5.15,Received
PO-480084,32,SUP-104,B000214,YYZ4,2025-07-24,2025-08-03,2025-08-02,96,96,0,9.98,Received
PO-480084,33,SUP-104,B000233,YEG3,2025-07-24,2025-08-03,2025-08-02,24,20,0,30.93,Received
PO-480084,36,SUP-104,B000290,YYZ4,2025-07-24,2025-08-03,2025-08-02,960,960,4,2.29,Received
PO-480387,58,SUP-116,B000164,YYZ4,2025-07-24,2025-08-28,2025-08-24,256,233,2,52.28,Received
PO-480387,59,SUP-116,B000179,YHZ1,2025-07-24,2025-08-28,2025-08-24,254,254,1,62.15,Received
PO-480387,65,SUP-116,B000185,YEG3,2025-07-24,2025-08-28,2025-08-24,288,288,0,23.78,Received
PO-480387,63,SUP-116,B000223,YYZ4,2025-07-24,2025-08-28,2025-08-24,216,216,1,48.99,Received
PO-480387,64,SUP-116,B000228,YVR2,2025-07-24,2025-08-28,2025-08-24,444,444,0,51.13,Received
PO-480387,66,SUP-116,B000234,YYC1,2025-07-24,2025-08-28,2025-08-24,41,35,0,68.84,Received
PO-480387,54,SUP-116,B000240,YEG3,2025-07-24,2025-08-28,2025-08-24,404,404,1,9.44,Received
PO-480387,67,SUP-116,B000318,YYZ4,2025-07-24,2025-08-28,2025-08-24,124,124,0,27.75,Received
PO-480387,62,SUP-116,B000335,YUL5,2025-07-24,2025-08-28,2025-08-24,388,388,2,57.26,Received
PO-480387,60,SUP-116,B000358,YYZ4,2025-07-24,2025-08-28,2025-08-24,164,164,1,85.05,Received
PO-480387,55,SUP-116,B000360,YYZ4,2025-07-24,2025-08-28,2025-08-24,44,44,0,13.52,Received
PO-480387,56,SUP-116,B000375,YUL5,2025-07-24,2025-08-28,2025-08-24,520,520,4,81.72,Received
PO-480387,57,SUP-116,B000384,YUL5,2025-07-24,2025-08-28,2025-08-24,77,77,0,152.21,Received
PO-480387,61,SUP-116,B000401,YYZ4,2025-07-24,2025-08-28,2025-08-24,43,42,0,26.64,Received
PO-480430,63,SUP-118,B000083,YVR2,2025-07-24,2025-08-25,2025-09-01,105,105,1,25.64,Received
PO-480430,62,SUP-118,B000107,YHZ1,2025-07-24,2025-08-25,2025-09-01,1640,1640,30,6.42,Received
PO-480430,69,SUP-118,B000110,YVR2,2025-07-24,2025-08-25,2025-09-01,184,184,0,27.06,Received
PO-480430,71,SUP-118,B000124,YHZ1,2025-07-24,2025-08-25,2025-09-01,160,160,2,19.28,Received
PO-480430,58,SUP-118,B000156,YWG2,2025-07-24,2025-08-25,2025-09-01,474,474,2,14.32,Received
PO-480430,66,SUP-118,B000170,YYZ4,2025-07-24,2025-08-25,2025-09-01,37,37,1,6.35,Received
PO-480430,70,SUP-118,B000222,YVR2,2025-07-24,2025-08-25,2025-09-01,252,252,0,12.18,Received
PO-480430,67,SUP-118,B000230,YYZ4,2025-07-24,2025-08-25,2025-09-01,88,88,1,10.67,Received
PO-480430,64,SUP-118,B000238,YYZ4,2025-07-24,2025-08-25,2025-09-01,899,899,0,33.37,Received
PO-480430,65,SUP-118,B000327,YYZ4,2025-07-24,2025-08-25,2025-09-01,24,24,0,45.86,Received
PO-480430,68,SUP-118,B000330,YEG3,2025-07-24,2025-08-25,2025-09-01,360,360,0,34.27,Received
PO-480430,59,SUP-118,B000372,YYC1,2025-07-24,2025-08-25,2025-09-01,213,213,1,17.44,Received
PO-480430,60,SUP-118,B000398,YYZ4,2025-07-24,2025-08-25,2025-09-01,118,118,2,25.87,Received
PO-480430,61,SUP-118,B000414,YEG3,2025-07-24,2025-08-25,2025-09-01,4296,3950,41,32.56,Received
PO-480448,83,SUP-119,B000013,YYZ4,2025-07-24,2025-08-23,2025-09-13,216,216,2,7.12,Received
PO-480448,79,SUP-119,B000018,YYZ4,2025-07-24,2025-08-23,2025-09-13,12,12,0,15.1,Received
PO-480448,85,SUP-119,B000032,YWG2,2025-07-24,2025-08-23,2025-09-13,24,24,0,10.45,Received
PO-480448,82,SUP-119,B000112,YYZ4,2025-07-24,2025-08-23,2025-09-13,96,88,1,43.81,Received
PO-480448,81,SUP-119,B000159,YWG2,2025-07-24,2025-08-23,2025-09-13,1148,1148,5,5.08,Received
PO-480448,84,SUP-119,B000331,YYC1,2025-07-24,2025-08-23,2025-09-13,12,11,0,5.86,Received
PO-480448,80,SUP-119,B000386,YHZ1,2025-07-24,2025-08-23,2025-09-13,24,24,0,3.34,Received
PO-480243,86,SUP-111,B000005,YVR2,2025-07-25,2025-08-01,2025-08-01,84,84,0,11.5,Received
PO-480243,91,SUP-111,B000019,YYZ4,2025-07-25,2025-08-01,2025-08-01,1592,1592,3,12.51,Received
PO-480243,96,SUP-111,B000100,YYZ4,2025-07-25,2025-08-01,2025-08-01,84,84,0,2.0,Received
PO-480243,99,SUP-111,B000102,YYZ4,2025-07-25,2025-08-01,2025-08-01,380,380,1,4.23,Received
PO-480243,97,SUP-111,B000109,YYC1,2025-07-25,2025-08-01,2025-08-01,180,180,1,27.2,Received
PO-480243,92,SUP-111,B000111,YEG3,2025-07-25,2025-08-01,2025-08-01,48,48,0,11.26,Received
PO-480243,94,SUP-111,B000122,YVR2,2025-07-25,2025-08-01,2025-08-01,282,227,0,13.42,Received
PO-480243,87,SUP-111,B000145,YYC1,2025-07-25,2025-08-01,2025-08-01,48,48,0,13.18,Received
PO-480243,93,SUP-111,B000147,YUL5,2025-07-25,2025-08-01,2025-08-01,193,193,0,34.39,Received
PO-480243,90,SUP-111,B000187,YYC1,2025-07-25,2025-08-01,2025-08-01,240,240,1,18.92,Received
PO-480243,85,SUP-111,B000215,YEG3,2025-07-25,2025-08-01,2025-08-01,448,448,0,17.08,Received
PO-480243,98,SUP-111,B000218,YUL5,2025-07-25,2025-08-01,2025-08-01,36,36,0,3.34,Received
PO-480243,95,SUP-111,B000232,YYC1,2025-07-25,2025-08-01,2025-08-01,222,222,0,7.58,Received
PO-480243,84,SUP-111,B000351,YVR2,2025-07-25,2025-08-01,2025-08-01,952,847,1,7.71,Received
PO-480243,89,SUP-111,B000404,YEG3,2025-07-25,2025-08-01,2025-08-01,176,176,0,6.26,Received
PO-480243,88,SUP-111,B000418,YYZ4,2025-07-25,2025-08-01,2025-08-01,192,192,1,20.14,Received
PO-480281,70,SUP-112,B000087,YHZ1,2025-07-25,2025-08-08,2025-08-13,392,392,1,35.54,Received
PO-480281,68,SUP-112,B000143,YYZ4,2025-07-25,2025-08-08,2025-08-13,86,86,1,6.49,Received
PO-480281,67,SUP-112,B000167,YYZ4,2025-07-25,2025-08-08,2025-08-13,48,48,0,7.6,Received
PO-480281,62,SUP-112,B000189,YWG2,2025-07-25,2025-08-08,2025-08-13,196,196,2,11.62,Received
PO-480281,66,SUP-112,B000204,YYZ4,2025-07-25,2025-08-08,2025-08-13,92,92,0,25.35,Received
PO-480281,63,SUP-112,B000248,YYZ4,2025-07-25,2025-08-08,2025-08-13,115,115,1,20.2,Received
PO-480281,59,SUP-112,B000249,YYZ4,2025-07-25,2025-08-08,2025-08-13,36,36,0,24.19,Received
PO-480281,60,SUP-112,B000272,YVR2,2025-07-25,2025-08-08,2025-08-13,30,30,0,5.34,Received
PO-480281,61,SUP-112,B000286,YYC1,2025-07-25,2025-08-08,2025-08-13,180,180,1,43.29,Received
PO-480281,58,SUP-112,B000292,YUL5,2025-07-25,2025-08-08,2025-08-13,107,107,0,32.23,Received
PO-480281,65,SUP-112,B000324,YYZ4,2025-07-25,2025-08-08,2025-08-13,60,60,0,50.1,Received
PO-480281,64,SUP-112,B000354,YYC1,2025-07-25,2025-08-08,2025-08-13,240,240,0,3.98,Received
PO-480281,69,SUP-112,B000416,YWG2,2025-07-25,2025-08-08,2025-08-13,1464,1464,3,26.43,Received
PO-480372,64,SUP-115,B000010,YVR2,2025-07-29,2025-08-31,2025-08-26,3024,3024,3,22.5,Received
PO-480372,63,SUP-115,B000034,YEG3,2025-07-29,2025-08-31,2025-08-26,564,564,2,72.97,Received
PO-480372,68,SUP-115,B000035,YYZ4,2025-07-29,2025-08-31,2025-08-26,96,96,1,30.33,Received
PO-480372,73,SUP-115,B000040,YYZ4,2025-07-29,2025-08-31,2025-08-26,210,210,1,78.85,Received
PO-480372,69,SUP-115,B000047,YWG2,2025-07-29,2025-08-31,2025-08-26,966,966,2,63.07,Received
PO-480372,67,SUP-115,B000051,YYZ4,2025-07-29,2025-08-31,2025-08-26,114,114,0,17.69,Received
PO-480372,72,SUP-115,B000053,YUL5,2025-07-29,2025-08-31,2025-08-26,59,59,0,15.69,Received
PO-480372,66,SUP-115,B000241,YYC1,2025-07-29,2025-08-31,2025-08-26,2868,2868,40,43.91,Received
PO-480372,70,SUP-115,B000258,YYZ4,2025-07-29,2025-08-31,2025-08-26,331,331,1,7.11,Received
PO-480372,65,SUP-115,B000287,YYZ4,2025-07-29,2025-08-31,2025-08-26,36,36,0,94.57,Received
PO-480372,62,SUP-115,B000333,YYC1,2025-07-29,2025-08-31,2025-08-26,305,305,3,53.66,Received
PO-480372,71,SUP-115,B000359,YUL5,2025-07-29,2025-08-31,2025-08-26,120,120,0,69.57,Received
PO-480408,99,SUP-117,B000169,YYZ4,2025-07-29,2025-09-07,2025-10-03,5340,5340,42,31.28,Received
PO-480408,98,SUP-117,B000177,YUL5,2025-07-29,2025-09-07,2025-10-03,4248,3949,19,2.41,Received
PO-480408,97,SUP-117,B000205,YYC1,2025-07-29,2025-09-07,2025-10-03,208,208,6,6.57,Received
PO-480408,96,SUP-117,B000245,YUL5,2025-07-29,2025-09-07,2025-10-03,2024,2024,49,2.38,Received
PO-480408,1,SUP-117,B000274,YEG3,2025-07-29,2025-09-07,2025-10-03,312,312,10,20.72,Received
PO-480408,2,SUP-117,B000402,YUL5,2025-07-29,2025-09-07,2025-10-03,613,613,15,12.23,Received
PO-480516,9,SUP-122,B000067,YYZ4,2025-07-31,2025-08-31,2025-08-20,384,384,2,26.62,Received
PO-480516,10,SUP-122,B000068,YHZ1,2025-07-31,2025-08-31,2025-08-20,60,47,0,53.46,Received
PO-480516,15,SUP-122,B000141,YYZ4,2025-07-31,2025-08-31,2025-08-20,100,83,0,44.89,Received
PO-480516,11,SUP-122,B000235,YYZ4,2025-07-31,2025-08-31,2025-08-20,48,48,0,59.11,Received
PO-480516,14,SUP-122,B000264,YYZ4,2025-07-31,2025-08-31,2025-08-20,126,126,0,32.04,Received
PO-480516,12,SUP-122,B000271,YVR2,2025-07-31,2025-08-31,2025-08-20,88,88,1,23.34,Received
PO-480516,13,SUP-122,B000285,YYZ4,2025-07-31,2025-08-31,2025-08-20,10,10,0,99.56,Received
PO-480517,16,SUP-122,B000067,YUL5,2025-08-01,2025-09-01,2025-08-21,1728,1728,9,26.62,Received
PO-480517,17,SUP-122,B000068,YYZ4,2025-08-01,2025-09-01,2025-08-21,36,36,0,53.46,Received
PO-480517,20,SUP-122,B000141,YYC1,2025-08-01,2025-09-01,2025-08-21,116,107,0,44.89,Received
PO-480517,19,SUP-122,B000264,YEG3,2025-08-01,2025-09-01,2025-08-21,228,228,1,32.04,Received
PO-480517,21,SUP-122,B000271,YUL5,2025-08-01,2025-09-01,2025-08-21,448,448,2,23.34,Received
PO-480517,18,SUP-122,B000285,YYZ4,2025-08-01,2025-09-01,2025-08-21,7,7,0,99.56,Received
PO-480517,22,SUP-122,B000341,YWG2,2025-08-01,2025-09-01,2025-08-21,2288,2288,21,57.14,Received
PO-480177,33,SUP-107,B000014,YVR2,2025-08-02,2025-09-05,2025-09-17,96,96,0,22.31,Received
PO-480177,37,SUP-107,B000044,YWG2,2025-08-02,2025-09-05,2025-09-17,1668,1668,1,49.42,Received
PO-480177,38,SUP-107,B000064,YYZ4,2025-08-02,2025-09-05,2025-09-17,126,126,2,40.08,Received
PO-480177,29,SUP-107,B000085,YVR2,2025-08-02,2025-09-05,2025-09-17,42,42,0,85.16,Received
PO-480177,41,SUP-107,B000104,YYZ4,2025-08-02,2025-09-05,2025-09-17,96,96,1,16.04,Received
PO-480177,31,SUP-107,B000114,YYZ4,2025-08-02,2025-09-05,2025-09-17,244,244,2,74.15,Received
PO-480177,30,SUP-107,B000117,YEG3,2025-08-02,2025-09-05,2025-09-17,132,132,0,10.32,Received
PO-480177,32,SUP-107,B000121,YYZ4,2025-08-02,2025-09-05,2025-09-17,14,14,0,27.65,Received
PO-480177,40,SUP-107,B000148,YVR2,2025-08-02,2025-09-05,2025-09-17,240,240,1,21.53,Received
PO-480177,34,SUP-107,B000173,YYC1,2025-08-02,2025-09-05,2025-09-17,36,36,0,20.12,Received
PO-480177,35,SUP-107,B000200,YYZ4,2025-08-02,2025-09-05,2025-09-17,88,88,1,42.44,Received
PO-480177,36,SUP-107,B000336,YVR2,2025-08-02,2025-09-05,2025-09-17,66,66,1,61.89,Received
PO-480177,42,SUP-107,B000356,YYZ4,2025-08-02,2025-09-05,2025-09-17,138,138,1,30.35,Received
PO-480177,39,SUP-107,B000394,YEG3,2025-08-02,2025-09-05,2025-09-17,774,774,3,19.24,Received
PO-480282,75,SUP-112,B000026,YYZ4,2025-08-02,2025-08-16,2025-08-17,48,48,0,18.63,Received
PO-480282,81,SUP-112,B000087,YYZ4,2025-08-02,2025-08-16,2025-08-17,144,123,0,35.54,Received
PO-480282,76,SUP-112,B000118,YVR2,2025-08-02,2025-08-16,2025-08-17,2592,2592,14,14.9,Received
PO-480282,78,SUP-112,B000143,YUL5,2025-08-02,2025-08-16,2025-08-17,509,509,7,6.49,Received
PO-480282,72,SUP-112,B000146,YVR2,2025-08-02,2025-08-16,2025-08-17,128,128,2,22.0,Received
PO-480282,80,SUP-112,B000151,YYZ4,2025-08-02,2025-08-16,2025-08-17,205,205,0,10.75,Received
PO-480282,85,SUP-112,B000167,YEG3,2025-08-02,2025-08-16,2025-08-17,48,48,1,7.6,Received
PO-480282,74,SUP-112,B000189,YYZ4,2025-08-02,2025-08-16,2025-08-17,112,112,0,11.62,Received
PO-480282,86,SUP-112,B000192,YYC1,2025-08-02,2025-08-16,2025-08-17,25,25,0,35.26,Received
PO-480282,73,SUP-112,B000204,YYC1,2025-08-02,2025-08-16,2025-08-17,312,312,0,25.35,Received
PO-480282,79,SUP-112,B000224,YUL5,2025-08-02,2025-08-16,2025-08-17,480,447,6,5.13,Received
PO-480282,77,SUP-112,B000248,YEG3,2025-08-02,2025-08-16,2025-08-17,141,141,1,20.2,Received
PO-480282,82,SUP-112,B000249,YYZ4,2025-08-02,2025-08-16,2025-08-17,36,36,0,24.19,Received
PO-480282,87,SUP-112,B000272,YVR2,2025-08-02,2025-08-16,2025-08-17,24,24,0,5.34,Received
PO-480282,84,SUP-112,B000296,YHZ1,2025-08-02,2025-08-16,2025-08-17,64,64,0,28.09,Received
PO-480282,83,SUP-112,B000297,YYZ4,2025-08-02,2025-08-16,2025-08-17,10,10,0,20.76,Received
PO-480282,71,SUP-112,B000304,YYZ4,2025-08-02,2025-08-16,2025-08-17,428,428,3,13.26,Received
PO-480518,28,SUP-122,B000003,YYC1,2025-08-03,2025-09-03,2025-09-01,384,335,3,116.68,Received
PO-480518,25,SUP-122,B000067,YYC1,2025-08-03,2025-09-03,2025-09-01,480,468,4,26.62,Received
PO-480518,32,SUP-122,B000068,YUL5,2025-08-03,2025-09-03,2025-09-01,12,11,0,53.46,Received
PO-480518,23,SUP-122,B000141,YWG2,2025-08-03,2025-09-03,2025-09-01,88,88,1,44.89,Received
PO-480518,24,SUP-122,B000235,YYZ4,2025-08-03,2025-09-03,2025-09-01,24,24,0,59.11,Received
PO-480518,27,SUP-122,B000264,YEG3,2025-08-03,2025-09-03,2025-09-01,60,58,0,32.04,Received
PO-480518,30,SUP-122,B000271,YHZ1,2025-08-03,2025-09-03,2025-09-01,120,120,0,23.34,Received
PO-480518,29,SUP-122,B000285,YEG3,2025-08-03,2025-09-03,2025-09-01,12,12,0,99.56,Received
PO-480518,26,SUP-122,B000341,YVR2,2025-08-03,2025-09-03,2025-09-01,1767,1767,7,57.14,Received
PO-480518,31,SUP-122,B000352,YYZ4,2025-08-03,2025-09-03,2025-09-01,12,12,0,42.99,Received
PO-480039,73,SUP-103,B000000,YHZ1,2025-08-04,2025-08-16,2025-08-23,47,47,0,5.35,Received
PO-480039,69,SUP-103,B000079,YYZ4,2025-08-04,2025-08-16,2025-08-23,176,176,1,12.85,Received
PO-480039,75,SUP-103,B000119,YYC1,2025-08-04,2025-08-16,2025-08-23,12,12,0,15.29,Received
PO-480039,81,SUP-103,B000133,YYZ4,2025-08-04,2025-08-16,2025-08-23,8,7,0,15.18,Received
PO-480039,67,SUP-103,B000194,YYZ4,2025-08-04,2025-08-16,2025-08-23,40,40,0,12.16,Received
PO-480039,78,SUP-103,B000246,YVR2,2025-08-04,2025-08-16,2025-08-23,24,24,0,48.07,Received
PO-480039,80,SUP-103,B000291,YVR2,2025-08-04,2025-08-16,2025-08-23,180,180,2,17.87,Received
PO-480039,76,SUP-103,B000295,YVR2,2025-08-04,2025-08-16,2025-08-23,8,8,0,18.76,Received
PO-480039,71,SUP-103,B000312,YYZ4,2025-08-04,2025-08-16,2025-08-23,143,143,2,11.5,Received
PO-480039,72,SUP-103,B000348,YVR2,2025-08-04,2025-08-16,2025-08-23,624,608,5,9.96,Received
PO-480039,77,SUP-103,B000353,YYZ4,2025-08-04,2025-08-16,2025-08-23,9,9,0,13.18,Received
PO-480039,79,SUP-103,B000382,YUL5,2025-08-04,2025-08-16,2025-08-23,1063,882,11,9.75,Received
PO-480039,68,SUP-103,B000387,YYZ4,2025-08-04,2025-08-16,2025-08-23,156,156,0,40.99,Received
PO-480039,70,SUP-103,B000399,YYZ4,2025-08-04,2025-08-16,2025-08-23,16,16,0,19.26,Received
PO-480039,74,SUP-103,B000413,YWG2,2025-08-04,2025-08-16,2025-08-23,72,72,0,27.73,Received
PO-480283,89,SUP-112,B000118,YYC1,2025-08-04,2025-08-18,2025-08-18,1632,1632,12,14.9,Received
PO-480283,92,SUP-112,B000146,YYZ4,2025-08-04,2025-08-18,2025-08-18,60,60,1,22.0,Received
PO-480283,93,SUP-112,B000151,YUL5,2025-08-04,2025-08-18,2025-08-18,366,366,1,10.75,Received
PO-480283,91,SUP-112,B000204,YUL5,2025-08-04,2025-08-18,2025-08-18,68,68,1,25.35,Received
PO-480283,88,SUP-112,B000297,YHZ1,2025-08-04,2025-08-18,2025-08-18,22,22,0,20.76,Received
PO-480283,90,SUP-112,B000416,YYC1,2025-08-04,2025-08-18,2025-08-18,348,348,0,26.43,Received
PO-480284,96,SUP-112,B000087,YYZ4,2025-08-05,2025-08-19,2025-08-17,136,136,1,35.54,Received
PO-480284,97,SUP-112,B000118,YYZ4,2025-08-05,2025-08-19,2025-08-17,912,912,2,14.9,Received
PO-480284,2,SUP-112,B000189,YWG2,2025-08-05,2025-08-19,2025-08-17,100,100,0,11.62,Received
PO-480284,94,SUP-112,B000204,YYZ4,2025-08-05,2025-08-19,2025-08-17,156,156,2,25.35,Received
PO-480284,99,SUP-112,B000224,YYC1,2025-08-05,2025-08-19,2025-08-17,1152,997,7,5.13,Received
PO-480284,95,SUP-112,B000249,YYZ4,2025-08-05,2025-08-19,2025-08-17,186,186,0,24.19,Received
PO-480284,1,SUP-112,B000286,YEG3,2025-08-05,2025-08-19,2025-08-17,120,120,1,43.29,Received
PO-480284,98,SUP-112,B000297,YHZ1,2025-08-05,2025-08-19,2025-08-17,10,10,0,20.76,Received
PO-480284,3,SUP-112,B000354,YYC1,2025-08-05,2025-08-19,2025-08-17,264,264,1,3.98,Received
PO-480475,64,SUP-120,B000008,YUL5,2025-08-05,2025-08-11,2025-08-10,168,168,0,3.7,Received
PO-480475,67,SUP-120,B000012,YUL5,2025-08-05,2025-08-11,2025-08-10,40,40,0,9.46,Received
PO-480475,62,SUP-120,B000052,YYZ4,2025-08-05,2025-08-11,2025-08-10,151,151,0,3.12,Received
PO-480475,55,SUP-120,B000130,YYZ4,2025-08-05,2025-08-11,2025-08-10,180,180,1,4.08,Received
PO-480475,66,SUP-120,B000195,YYZ4,2025-08-05,2025-08-11,2025-08-10,24,24,0,6.65,Received
PO-480475,54,SUP-120,B000196,YYZ4,2025-08-05,2025-08-11,2025-08-10,2,2,0,7.3,Received
PO-480475,56,SUP-120,B000197,YUL5,2025-08-05,2025-08-11,2025-08-10,132,132,0,7.26,Received
PO-480475,61,SUP-120,B000199,YYC1,2025-08-05,2025-08-11,2025-08-10,68,68,0,17.21,Received
PO-480475,65,SUP-120,B000210,YEG3,2025-08-05,2025-08-11,2025-08-10,84,84,0,2.12,Received
PO-480475,59,SUP-120,B000250,YHZ1,2025-08-05,2025-08-11,2025-08-10,172,172,1,3.15,Received
PO-480475,63,SUP-120,B000269,YYZ4,2025-08-05,2025-08-11,2025-08-10,24,24,0,2.24,Received
PO-480475,60,SUP-120,B000310,YYZ4,2025-08-05,2025-08-11,2025-08-10,36,36,0,2.96,Received
PO-480475,57,SUP-120,B000321,YWG2,2025-08-05,2025-08-11,2025-08-10,52,52,0,8.49,Received
PO-480475,53,SUP-120,B000338,YHZ1,2025-08-05,2025-08-11,2025-08-10,280,280,0,3.88,Received
PO-480475,58,SUP-120,B000365,YUL5,2025-08-05,2025-08-11,2025-08-10,120,120,1,4.97,Received
PO-480116,85,SUP-105,B000016,YYC1,2025-08-06,2025-08-15,2025-08-12,420,420,1,22.7,Received
PO-480116,89,SUP-105,B000023,YYZ4,2025-08-06,2025-08-15,2025-08-12,24,24,0,55.53,Received
PO-480116,83,SUP-105,B000025,YYZ4,2025-08-06,2025-08-15,2025-08-12,32,32,0,34.44,Received
PO-480116,86,SUP-105,B000043,YVR2,2025-08-06,2025-08-15,2025-08-12,24,24,0,81.24,Received
PO-480116,90,SUP-105,B000071,YYZ4,2025-08-06,2025-08-15,2025-08-12,84,84,0,52.68,Received
PO-480116,80,SUP-105,B000097,YYZ4,2025-08-06,2025-08-15,2025-08-12,24,24,0,48.69,Received
PO-480116,84,SUP-105,B000153,YWG2,2025-08-06,2025-08-15,2025-08-12,186,180,1,9.61,Received
PO-480116,88,SUP-105,B000259,YYC1,2025-08-06,2025-08-15,2025-08-12,50,50,0,17.17,Received
PO-480116,81,SUP-105,B000263,YUL5,2025-08-06,2025-08-15,2025-08-12,1200,979,5,50.34,Received
PO-480116,91,SUP-105,B000308,YHZ1,2025-08-06,2025-08-15,2025-08-12,48,48,0,10.93,Received
PO-480116,82,SUP-105,B000361,YYZ4,2025-08-06,2025-08-15,2025-08-12,192,172,1,25.9,Received
PO-480116,87,SUP-105,B000369,YYZ4,2025-08-06,2025-08-15,2025-08-12,336,336,2,12.66,Received
PO-480040,89,SUP-103,B000000,YYZ4,2025-08-07,2025-08-19,2025-08-22,10,10,0,5.35,Received
PO-480040,93,SUP-103,B000024,YUL5,2025-08-07,2025-08-19,2025-08-22,204,204,1,24.8,Received
PO-480040,82,SUP-103,B000119,YYZ4,2025-08-07,2025-08-19,2025-08-22,114,104,1,15.29,Received
PO-480040,86,SUP-103,B000133,YVR2,2025-08-07,2025-08-19,2025-08-22,8,8,0,15.18,Received
PO-480040,83,SUP-103,B000178,YWG2,2025-08-07,2025-08-19,2025-08-22,240,240,1,27.42,Received
PO-480040,85,SUP-103,B000273,YHZ1,2025-08-07,2025-08-19,2025-08-22,32,32,0,23.72,Received
PO-480040,88,SUP-103,B000278,YHZ1,2025-08-07,2025-08-19,2025-08-22,24,24,0,38.05,Received
PO-480040,90,SUP-103,B000291,YVR2,2025-08-07,2025-08-19,2025-08-22,68,61,1,17.87,Received
PO-480040,87,SUP-103,B000312,YEG3,2025-08-07,2025-08-19,2025-08-22,1064,1064,7,11.5,Received
PO-480040,84,SUP-103,B000387,YYZ4,2025-08-07,2025-08-19,2025-08-22,131,131,0,40.99,Received
PO-480040,92,SUP-103,B000399,YYC1,2025-08-07,2025-08-19,2025-08-22,48,48,0,19.26,Received
PO-480040,91,SUP-103,B000413,YYZ4,2025-08-07,2025-08-19,2025-08-22,120,120,0,27.73,Received
PO-480154,32,SUP-106,B000066,YVR2,2025-08-08,2025-09-01,2025-09-03,228,228,3,24.86,Received
PO-480154,29,SUP-106,B000098,YYZ4,2025-08-08,2025-09-01,2025-09-03,156,156,3,13.55,Received
PO-480154,31,SUP-106,B000127,YYZ4,2025-08-08,2025-09-01,2025-09-03,144,131,1,15.81,Received
PO-480154,33,SUP-106,B000142,YVR2,2025-08-08,2025-09-01,2025-09-03,156,156,3,12.57,Received
PO-480154,30,SUP-106,B000202,YUL5,2025-08-08,2025-09-01,2025-09-03,700,700,6,26.75,Received
PO-480154,26,SUP-106,B000255,YHZ1,2025-08-08,2025-09-01,2025-09-03,24,24,0,18.41,Received
PO-480154,35,SUP-106,B000288,YVR2,2025-08-08,2025-09-01,2025-09-03,108,108,1,9.3,Received
PO-480154,36,SUP-106,B000294,YHZ1,2025-08-08,2025-09-01,2025-09-03,240,217,2,42.52,Received
PO-480154,27,SUP-106,B000316,YYC1,2025-08-08,2025-09-01,2025-09-03,80,80,2,11.05,Received
PO-480154,34,SUP-106,B000319,YHZ1,2025-08-08,2025-09-01,2025-09-03,60,60,0,45.53,Received
PO-480154,28,SUP-106,B000362,YVR2,2025-08-08,2025-09-01,2025-09-03,1572,1572,40,52.53,Received
PO-480194,31,SUP-108,B000084,YUL5,2025-08-08,2025-09-15,2025-09-29,144,144,0,10.08,Received
PO-480194,28,SUP-108,B000144,YUL5,2025-08-08,2025-09-15,2025-09-29,313,313,1,16.5,Received
PO-480194,33,SUP-108,B000226,YEG3,2025-08-08,2025-09-15,2025-09-29,1488,1488,14,18.36,Received
PO-480194,30,SUP-108,B000254,YVR2,2025-08-08,2025-09-15,2025-09-29,216,216,2,7.63,Received
PO-480194,29,SUP-108,B000268,YYZ4,2025-08-08,2025-09-15,2025-09-29,9,8,0,24.53,Received
PO-480194,34,SUP-108,B000299,YVR2,2025-08-08,2025-09-15,2025-09-29,64,64,1,8.34,Received
PO-480194,32,SUP-108,B000313,YHZ1,2025-08-08,2025-09-15,2025-09-29,440,440,3,19.4,Received
PO-480194,27,SUP-108,B000332,YVR2,2025-08-08,2025-09-15,2025-09-29,376,376,8,37.15,Received
PO-480194,26,SUP-108,B000397,YYZ4,2025-08-08,2025-09-15,2025-09-29,32,32,1,29.7,Received
PO-480004,41,SUP-101,B000096,YYZ4,2025-08-09,2025-09-20,2025-09-03,13,13,0,125.28,Received
PO-480004,40,SUP-101,B000132,YHZ1,2025-08-09,2025-09-20,2025-09-03,1092,1092,13,36.4,Received
PO-480004,42,SUP-101,B000134,YUL5,2025-08-09,2025-09-20,2025-09-03,2688,2688,8,17.14,Received
PO-480004,43,SUP-101,B000266,YUL5,2025-08-09,2025-09-20,2025-09-03,104,104,2,77.37,Received
PO-480004,39,SUP-101,B000279,YYZ4,2025-08-09,2025-09-20,2025-09-03,56,56,1,30.79,Received
PO-480004,38,SUP-101,B000385,YHZ1,2025-08-09,2025-09-20,2025-09-03,147,147,1,19.7,Received
PO-480244,8,SUP-111,B000005,YYC1,2025-08-09,2025-08-16,2025-08-16,108,108,0,11.5,Received
PO-480244,4,SUP-111,B000007,YEG3,2025-08-09,2025-08-16,2025-08-16,5923,5923,15,5.45,Received
PO-480244,5,SUP-111,B000019,YVR2,2025-08-09,2025-08-16,2025-08-16,424,424,0,12.51,Received
PO-480244,1,SUP-111,B000065,YYZ4,2025-08-09,2025-08-16,2025-08-16,48,48,0,8.16,Received
PO-480244,6,SUP-111,B000109,YYZ4,2025-08-09,2025-08-16,2025-08-16,132,132,0,27.2,Received
PO-480244,10,SUP-111,B000111,YUL5,2025-08-09,2025-08-16,2025-08-16,48,48,0,11.26,Received
PO-480244,9,SUP-111,B000123,YVR2,2025-08-09,2025-08-16,2025-08-16,240,240,0,11.77,Received
PO-480244,7,SUP-111,B000187,YYC1,2025-08-09,2025-08-16,2025-08-16,336,336,1,18.92,Received
PO-480244,11,SUP-111,B000191,YYZ4,2025-08-09,2025-08-16,2025-08-16,4,4,0,12.14,Received
PO-480244,12,SUP-111,B000215,YEG3,2025-08-09,2025-08-16,2025-08-16,408,408,2,17.08,Received
PO-480244,2,SUP-111,B000232,YYZ4,2025-08-09,2025-08-16,2025-08-16,290,290,0,7.58,Received
PO-480244,3,SUP-111,B000337,YWG2,2025-08-09,2025-08-16,2025-08-16,354,354,1,10.03,Received
PO-480244,13,SUP-111,B000351,YVR2,2025-08-09,2025-08-16,2025-08-16,248,248,1,7.71,Received
PO-480212,5,SUP-109,B000181,YYC1,2025-08-10,2025-09-27,2025-09-13,540,524,8,54.45,Received
PO-480212,1,SUP-109,B000219,YEG3,2025-08-10,2025-09-27,2025-09-13,66,66,4,32.21,Received
PO-480212,97,SUP-109,B000260,YVR2,2025-08-10,2025-09-27,2025-09-13,40,40,3,27.53,Received
PO-480212,98,SUP-109,B000262,YHZ1,2025-08-10,2025-09-27,2025-09-13,1196,1196,32,79.31,Received
PO-480212,2,SUP-109,B000277,YYZ4,2025-08-10,2025-09-27,2025-09-13,152,121,2,37.83,Received
PO-480212,4,SUP-109,B000314,YUL5,2025-08-10,2025-09-27,2025-09-13,472,424,31,39.46,Received
PO-480212,99,SUP-109,B000329,YYZ4,2025-08-10,2025-09-27,2025-09-13,24,24,1,64.01,Received
PO-480212,3,SUP-109,B000343,YVR2,2025-08-10,2025-09-27,2025-09-13,1464,1464,50,128.75,Received
PO-480476,69,SUP-120,B000008,YEG3,2025-08-10,2025-08-16,2025-08-16,64,64,0,3.7,Received
PO-480476,73,SUP-120,B000012,YVR2,2025-08-10,2025-08-16,2025-08-16,32,32,0,9.46,Received
PO-480476,78,SUP-120,B000130,YVR2,2025-08-10,2025-08-16,2025-08-16,72,72,0,4.08,Received
PO-480476,71,SUP-120,B000195,YVR2,2025-08-10,2025-08-16,2025-08-16,16,14,0,6.65,Received
PO-480476,75,SUP-120,B000196,YYZ4,2025-08-10,2025-08-16,2025-08-16,1,1,0,7.3,Received
PO-480476,68,SUP-120,B000197,YUL5,2025-08-10,2025-08-16,2025-08-16,24,24,0,7.26,Received
PO-480476,76,SUP-120,B000199,YWG2,2025-08-10,2025-08-16,2025-08-16,80,80,0,17.21,Received
PO-480476,80,SUP-120,B000210,YUL5,2025-08-10,2025-08-16,2025-08-16,120,120,1,2.12,Received
PO-480476,81,SUP-120,B000250,YYZ4,2025-08-10,2025-08-16,2025-08-16,100,100,0,3.15,Received
PO-480476,79,SUP-120,B000269,YYZ4,2025-08-10,2025-08-16,2025-08-16,24,24,0,2.24,Received
PO-480476,77,SUP-120,B000310,YYZ4,2025-08-10,2025-08-16,2025-08-16,72,72,0,2.96,Received
PO-480476,74,SUP-120,B000321,YYZ4,2025-08-10,2025-08-16,2025-08-16,48,48,0,8.49,Received
PO-480476,70,SUP-120,B000338,YVR2,2025-08-10,2025-08-16,2025-08-16,120,120,0,3.88,Received
PO-480476,72,SUP-120,B000365,YUL5,2025-08-10,2025-08-16,2025-08-16,30,30,0,4.97,Received
PO-480085,46,SUP-104,B000054,YYZ4,2025-08-12,2025-08-22,2025-08-20,32,32,0,12.38,Received
PO-480085,45,SUP-104,B000060,YYZ4,2025-08-12,2025-08-22,2025-08-20,376,376,2,14.56,Received
PO-480085,50,SUP-104,B000077,YWG2,2025-08-12,2025-08-22,2025-08-20,192,192,2,55.44,Received
PO-480085,52,SUP-104,B000088,YWG2,2025-08-12,2025-08-22,2025-08-20,36,36,0,22.27,Received
PO-480085,54,SUP-104,B000093,YYC1,2025-08-12,2025-08-22,2025-08-20,24,24,0,3.57,Received
PO-480085,47,SUP-104,B000140,YVR2,2025-08-12,2025-08-22,2025-08-20,72,72,1,5.15,Received
PO-480085,51,SUP-104,B000168,YYC1,2025-08-12,2025-08-22,2025-08-20,66,66,0,8.87,Received
PO-480085,40,SUP-104,B000214,YUL5,2025-08-12,2025-08-22,2025-08-20,96,96,1,9.98,Received
PO-480085,41,SUP-104,B000233,YEG3,2025-08-12,2025-08-22,2025-08-20,24,24,0,30.93,Received
PO-480085,43,SUP-104,B000256,YYZ4,2025-08-12,2025-08-22,2025-08-20,96,96,0,17.41,Received
PO-480085,55,SUP-104,B000257,YEG3,2025-08-12,2025-08-22,2025-08-20,1048,1048,3,12.7,Received
PO-480085,42,SUP-104,B000290,YUL5,2025-08-12,2025-08-22,2025-08-20,368,368,2,2.29,Received
PO-480085,49,SUP-104,B000388,YWG2,2025-08-12,2025-08-22,2025-08-20,132,132,1,19.55,Received
PO-480085,48,SUP-104,B000390,YHZ1,2025-08-12,2025-08-22,2025-08-20,190,190,1,10.78,Received
PO-480085,53,SUP-104,B000412,YYC1,2025-08-12,2025-08-22,2025-08-20,690,690,1,5.35,Received
PO-480085,44,SUP-104,B000417,YYZ4,2025-08-12,2025-08-22,2025-08-20,6,6,0,17.43,Received
PO-480373,82,SUP-115,B000010,YVR2,2025-08-12,2025-09-14,2025-09-07,5064,5064,9,22.5,Received
PO-480373,80,SUP-115,B000034,YUL5,2025-08-12,2025-09-14,2025-09-07,524,524,2,72.97,Received
PO-480373,74,SUP-115,B000040,YVR2,2025-08-12,2025-09-14,2025-09-07,219,219,0,78.85,Received
PO-480373,85,SUP-115,B000051,YUL5,2025-08-12,2025-09-14,2025-09-07,141,141,1,17.69,Received
PO-480373,86,SUP-115,B000053,YYZ4,2025-08-12,2025-09-14,2025-09-07,365,365,4,15.69,Received
PO-480373,76,SUP-115,B000057,YYZ4,2025-08-12,2025-09-14,2025-09-07,68,68,1,20.35,Received
PO-480373,81,SUP-115,B000099,YHZ1,2025-08-12,2025-09-14,2025-09-07,110,96,1,120.32,Received
PO-480373,87,SUP-115,B000157,YYZ4,2025-08-12,2025-09-14,2025-09-07,48,48,0,58.52,Received
PO-480373,75,SUP-115,B000241,YEG3,2025-08-12,2025-09-14,2025-09-07,620,620,4,43.91,Received
PO-480373,84,SUP-115,B000244,YYZ4,2025-08-12,2025-09-14,2025-09-07,1140,1140,12,31.25,Received
PO-480373,79,SUP-115,B000258,YYC1,2025-08-12,2025-09-14,2025-09-07,1612,1612,15,7.11,Received
PO-480373,83,SUP-115,B000300,YHZ1,2025-08-12,2025-09-14,2025-09-07,126,126,1,30.93,Received
PO-480373,78,SUP-115,B000315,YYC1,2025-08-12,2025-09-14,2025-09-07,248,248,3,68.19,Received
PO-480373,88,SUP-115,B000359,YYC1,2025-08-12,2025-09-14,2025-09-07,264,264,3,69.57,Received
PO-480373,77,SUP-115,B000376,YYC1,2025-08-12,2025-09-14,2025-09-07,2352,2352,23,94.61,Received
PO-480374,94,SUP-115,B000010,YUL5,2025-08-18,2025-09-20,2025-09-11,1704,1704,23,22.5,Received
PO-480374,2,SUP-115,B000035,YUL5,2025-08-18,2025-09-20,2025-09-11,48,48,0,30.33,Received
PO-480374,5,SUP-115,B000040,YYZ4,2025-08-18,2025-09-20,2025-09-11,428,349,1,78.85,Received
PO-480374,90,SUP-115,B000047,YWG2,2025-08-18,2025-09-20,2025-09-11,324,324,1,63.07,Received
PO-480374,95,SUP-115,B000053,YYZ4,2025-08-18,2025-09-20,2025-09-11,222,222,0,15.69,Received
PO-480374,6,SUP-115,B000057,YYZ4,2025-08-18,2025-09-20,2025-09-11,84,84,0,20.35,Received
PO-480374,3,SUP-115,B000099,YYZ4,2025-08-18,2025-09-20,2025-09-11,88,88,0,120.32,Received
PO-480374,93,SUP-115,B000126,YWG2,2025-08-18,2025-09-20,2025-09-11,296,296,2,5.33,Received
PO-480374,91,SUP-115,B000157,YEG3,2025-08-18,2025-09-20,2025-09-11,24,24,0,58.52,Received
PO-480374,99,SUP-115,B000258,YYZ4,2025-08-18,2025-09-20,2025-09-11,912,912,13,7.11,Received
PO-480374,98,SUP-115,B000287,YYZ4,2025-08-18,2025-09-20,2025-09-11,260,260,0,94.57,Received
PO-480374,92,SUP-115,B000300,YYZ4,2025-08-18,2025-09-20,2025-09-11,144,144,0,30.93,Received
PO-480374,89,SUP-115,B000315,YYC1,2025-08-18,2025-09-20,2025-09-11,776,620,8,68.19,Received
PO-480374,96,SUP-115,B000328,YYZ4,2025-08-18,2025-09-20,2025-09-11,25,25,0,28.33,Received
PO-480374,97,SUP-115,B000333,YYC1,2025-08-18,2025-09-20,2025-09-11,1670,1670,5,53.66,Received
PO-480374,4,SUP-115,B000359,YYC1,2025-08-18,2025-09-20,2025-09-11,72,72,1,69.57,Received
PO-480374,1,SUP-115,B000376,YVR2,2025-08-18,2025-09-20,2025-09-11,2736,2736,18,94.61,Received
PO-480321,30,SUP-113,B000030,YUL5,2025-08-19,2025-09-04,2025-09-14,144,144,3,26.33,Received
PO-480321,36,SUP-113,B000059,YWG2,2025-08-19,2025-09-04,2025-09-14,348,348,5,55.06,Received
PO-480321,37,SUP-113,B000135,YVR2,2025-08-19,2025-09-04,2025-09-14,48,48,1,13.09,Received
PO-480321,29,SUP-113,B000136,YUL5,2025-08-19,2025-09-04,2025-09-14,8,8,0,38.25,Received
PO-480321,38,SUP-113,B000154,YHZ1,2025-08-19,2025-09-04,2025-09-14,480,389,1,6.27,Received
PO-480321,33,SUP-113,B000176,YYZ4,2025-08-19,2025-09-04,2025-09-14,12,11,0,23.18,Received
PO-480321,34,SUP-113,B000186,YYZ4,2025-08-19,2025-09-04,2025-09-14,24,20,0,7.27,Received
PO-480321,31,SUP-113,B000198,YUL5,2025-08-19,2025-09-04,2025-09-14,96,96,1,27.58,Received
PO-480321,32,SUP-113,B000231,YYZ4,2025-08-19,2025-09-04,2025-09-14,162,162,1,17.01,Received
PO-480321,28,SUP-113,B000326,YUL5,2025-08-19,2025-09-04,2025-09-14,240,240,2,9.48,Received
PO-480321,35,SUP-113,B000406,YYZ4,2025-08-19,2025-09-04,2025-09-14,108,108,1,12.22,Received
PO-480519,40,SUP-122,B000003,YVR2,2025-08-19,2025-09-19,2025-09-16,708,648,4,116.68,Received
PO-480519,33,SUP-122,B000067,YHZ1,2025-08-19,2025-09-19,2025-09-16,288,268,2,26.62,Received
PO-480519,39,SUP-122,B000068,YUL5,2025-08-19,2025-09-19,2025-09-16,12,12,0,53.46,Received
PO-480519,42,SUP-122,B000141,YYZ4,2025-08-19,2025-09-19,2025-09-16,52,52,0,44.89,Received
PO-480519,37,SUP-122,B000235,YYZ4,2025-08-19,2025-09-19,2025-09-16,40,40,0,59.11,Received
PO-480519,41,SUP-122,B000264,YEG3,2025-08-19,2025-09-19,2025-09-16,84,84,1,32.04,Received
PO-480519,34,SUP-122,B000271,YHZ1,2025-08-19,2025-09-19,2025-09-16,144,144,1,23.34,Received
PO-480519,38,SUP-122,B000285,YEG3,2025-08-19,2025-09-19,2025-09-16,38,38,0,99.56,Received
PO-480519,36,SUP-122,B000341,YHZ1,2025-08-19,2025-09-19,2025-09-16,404,404,2,57.14,Received
PO-480519,35,SUP-122,B000352,YVR2,2025-08-19,2025-09-19,2025-09-16,12,12,0,42.99,Received
PO-480222,16,SUP-110,B000017,YEG3,2025-08-22,2025-09-27,2025-10-26,5856,5856,62,37.04,Received
PO-480222,21,SUP-110,B000020,YYZ4,2025-08-22,2025-09-27,2025-10-26,66,66,2,26.71,Received
PO-480222,22,SUP-110,B000050,YYZ4,2025-08-22,2025-09-27,2025-10-26,256,256,2,10.46,Received
PO-480222,14,SUP-110,B000055,YYZ4,2025-08-22,2025-09-27,2025-10-26,148,148,7,23.61,Received
PO-480222,13,SUP-110,B000082,YEG3,2025-08-22,2025-09-27,2025-10-26,2832,2832,127,43.59,Received
PO-480222,17,SUP-110,B000094,YYC1,2025-08-22,2025-09-27,2025-10-26,636,636,22,14.88,Received
PO-480222,18,SUP-110,B000103,YYZ4,2025-08-22,2025-09-27,2025-10-26,240,240,8,12.96,Received
PO-480222,19,SUP-110,B000113,YVR2,2025-08-22,2025-09-27,2025-10-26,240,240,3,5.59,Received
PO-480222,24,SUP-110,B000129,YYC1,2025-08-22,2025-09-27,2025-10-26,9402,9402,139,47.77,Received
PO-480222,12,SUP-110,B000158,YYZ4,2025-08-22,2025-09-27,2025-10-26,160,160,3,23.4,Received
PO-480222,9,SUP-110,B000303,YEG3,2025-08-22,2025-09-27,2025-10-26,72,61,1,9.43,Received
PO-480222,15,SUP-110,B000325,YUL5,2025-08-22,2025-09-27,2025-10-26,752,604,1,11.69,Received
PO-480222,11,SUP-110,B000347,YHZ1,2025-08-22,2025-09-27,2025-10-26,64,64,2,8.39,Received
PO-480222,10,SUP-110,B000379,YYC1,2025-08-22,2025-09-27,2025-10-26,424,424,2,6.69,Received
PO-480222,23,SUP-110,B000403,YYZ4,2025-08-22,2025-09-27,2025-10-26,429,429,2,32.5,Received
PO-480222,20,SUP-110,B000411,YYZ4,2025-08-22,2025-09-27,2025-10-26,48,48,2,16.13,Received
PO-480223,34,SUP-110,B000020,YYZ4,2025-08-23,2025-09-28,2025-09-12,120,120,4,26.71,Received
PO-480223,28,SUP-110,B000050,YEG3,2025-08-23,2025-09-28,2025-09-12,148,148,6,10.46,Received
PO-480223,31,SUP-110,B000082,YEG3,2025-08-23,2025-09-28,2025-09-12,1428,1428,23,43.59,Received
PO-480223,32,SUP-110,B000103,YYC1,2025-08-23,2025-09-28,2025-09-12,336,336,12,12.96,Received
PO-480223,35,SUP-110,B000113,YYZ4,2025-08-23,2025-09-28,2025-09-12,48,48,1,5.59,Received
PO-480223,27,SUP-110,B000158,YUL5,2025-08-23,2025-09-28,2025-09-12,288,288,13,23.4,Received
PO-480223,29,SUP-110,B000183,YYZ4,2025-08-23,2025-09-28,2025-09-12,60,60,0,21.45,Received
PO-480223,25,SUP-110,B000344,YEG3,2025-08-23,2025-09-28,2025-09-12,117,117,4,25.74,Received
PO-480223,33,SUP-110,B000363,YYZ4,2025-08-23,2025-09-28,2025-09-12,24,24,1,18.43,Received
PO-480223,30,SUP-110,B000379,YVR2,2025-08-23,2025-09-28,2025-09-12,2540,2540,3,6.69,Received
PO-480223,26,SUP-110,B000411,YYZ4,2025-08-23,2025-09-28,2025-09-12,48,48,2,16.13,Received
PO-480322,42,SUP-113,B000009,YYZ4,2025-08-23,2025-09-08,2025-09-06,133,133,2,15.41,Received
PO-480322,47,SUP-113,B000028,YYZ4,2025-08-23,2025-09-08,2025-09-06,21,21,0,33.32,Received
PO-480322,44,SUP-113,B000059,YWG2,2025-08-23,2025-09-08,2025-09-06,204,204,4,55.06,Received
PO-480322,43,SUP-113,B000070,YWG2,2025-08-23,2025-09-08,2025-09-06,703,703,7,8.73,Received
PO-480322,39,SUP-113,B000078,YYZ4,2025-08-23,2025-09-08,2025-09-06,12,12,0,172.65,Received
PO-480322,46,SUP-113,B000106,YEG3,2025-08-23,2025-09-08,2025-09-06,96,96,0,11.64,Received
PO-480322,41,SUP-113,B000186,YEG3,2025-08-23,2025-09-08,2025-09-06,24,24,0,7.27,Received
PO-480322,45,SUP-113,B000298,YHZ1,2025-08-23,2025-09-08,2025-09-06,344,284,6,39.04,Received
PO-480322,40,SUP-113,B000406,YYZ4,2025-08-23,2025-09-08,2025-09-06,147,147,3,12.22,Received
PO-480409,17,SUP-117,B000004,YHZ1,2025-08-23,2025-10-02,2025-09-16,4,4,0,9.82,Received
PO-480409,12,SUP-117,B000036,YUL5,2025-08-23,2025-10-02,2025-09-16,401,401,3,29.55,Received
PO-480409,6,SUP-117,B000041,YYC1,2025-08-23,2025-10-02,2025-09-16,504,504,11,14.4,Received
PO-480409,7,SUP-117,B000058,YYZ4,2025-08-23,2025-10-02,2025-09-16,1584,1477,8,12.88,Received
PO-480409,11,SUP-117,B000128,YWG2,2025-08-23,2025-10-02,2025-09-16,3096,3096,45,12.39,Received
PO-480409,5,SUP-117,B000149,YYZ4,2025-08-23,2025-10-02,2025-09-16,49,49,1,23.03,Received
PO-480409,4,SUP-117,B000162,YUL5,2025-08-23,2025-10-02,2025-09-16,1032,1032,14,11.86,Received
PO-480409,20,SUP-117,B000172,YYZ4,2025-08-23,2025-10-02,2025-09-16,96,96,1,5.51,Received
PO-480409,16,SUP-117,B000177,YYC1,2025-08-23,2025-10-02,2025-09-16,2844,2844,44,2.41,Received
PO-480409,19,SUP-117,B000188,YYZ4,2025-08-23,2025-10-02,2025-09-16,48,48,1,8.95,Received
PO-480409,10,SUP-117,B000205,YYZ4,2025-08-23,2025-10-02,2025-09-16,28,28,1,6.57,Received
PO-480409,15,SUP-117,B000217,YHZ1,2025-08-23,2025-10-02,2025-09-16,64,54,1,37.59,Received
PO-480409,9,SUP-117,B000265,YWG2,2025-08-23,2025-10-02,2025-09-16,284,284,5,5.9,Received
PO-480409,14,SUP-117,B000274,YYC1,2025-08-23,2025-10-02,2025-09-16,132,132,1,20.72,Received
PO-480409,18,SUP-117,B000293,YYZ4,2025-08-23,2025-10-02,2025-09-16,112,112,2,14.75,Received
PO-480409,8,SUP-117,B000342,YYZ4,2025-08-23,2025-10-02,2025-09-16,96,83,0,3.2,Received
PO-480409,13,SUP-117,B000400,YYZ4,2025-08-23,2025-10-02,2025-09-16,48,48,1,7.68,Received
PO-480409,3,SUP-117,B000415,YWG2,2025-08-23,2025-10-02,2025-09-16,12,12,0,8.41,Received
PO-480323,51,SUP-113,B000078,YYZ4,2025-08-24,2025-09-09,2025-09-11,12,12,0,172.65,Received
PO-480323,48,SUP-113,B000136,YUL5,2025-08-24,2025-09-09,2025-09-11,8,8,0,38.25,Received
PO-480323,56,SUP-113,B000154,YYZ4,2025-08-24,2025-09-09,2025-09-11,240,240,5,6.27,Received
PO-480323,52,SUP-113,B000182,YYC1,2025-08-24,2025-09-09,2025-09-11,832,832,4,8.68,Received
PO-480323,54,SUP-113,B000186,YEG3,2025-08-24,2025-09-09,2025-09-11,48,48,0,7.27,Received
PO-480323,55,SUP-113,B000198,YHZ1,2025-08-24,2025-09-09,2025-09-11,360,360,5,27.58,Received
PO-480323,49,SUP-113,B000334,YYZ4,2025-08-24,2025-09-09,2025-09-11,6,6,0,8.22,Received
PO-480323,53,SUP-113,B000395,YYZ4,2025-08-24,2025-09-09,2025-09-11,16,16,0,9.53,Received
PO-480323,50,SUP-113,B000419,YVR2,2025-08-24,2025-09-09,2025-09-11,496,496,4,34.2,Received
PO-480477,85,SUP-120,B000008,YUL5,2025-08-24,2025-08-30,2025-08-31,300,300,1,3.7,Received
PO-480477,82,SUP-120,B000012,YUL5,2025-08-24,2025-08-30,2025-08-31,64,64,0,9.46,Received
PO-480477,87,SUP-120,B000052,YUL5,2025-08-24,2025-08-30,2025-08-31,196,156,1,3.12,Received
PO-480477,83,SUP-120,B000195,YYZ4,2025-08-24,2025-08-30,2025-08-31,16,16,0,6.65,Received
PO-480477,89,SUP-120,B000196,YYZ4,2025-08-24,2025-08-30,2025-08-31,5,5,0,7.3,Received
PO-480477,86,SUP-120,B000250,YYC1,2025-08-24,2025-08-30,2025-08-31,56,56,0,3.15,Received
PO-480477,84,SUP-120,B000321,YYC1,2025-08-24,2025-08-30,2025-08-31,88,88,0,8.49,Received
PO-480477,88,SUP-120,B000338,YYZ4,2025-08-24,2025-08-30,2025-08-31,728,728,2,3.88,Received
PO-480354,87,SUP-114,B000139,YYZ4,2025-08-25,2025-10-08,2025-11-06,16,16,1,53.47,Received
PO-480354,85,SUP-114,B000193,YYZ4,2025-08-25,2025-10-08,2025-11-06,180,180,6,39.69,Received
PO-480354,86,SUP-114,B000209,YYC1,2025-08-25,2025-10-08,2025-11-06,21,21,1,40.77,Received
PO-480354,89,SUP-114,B000227,YYC1,2025-08-25,2025-10-08,2025-11-06,72,72,1,55.69,Received
PO-480354,83,SUP-114,B000247,YHZ1,2025-08-25,2025-10-08,2025-11-06,12,12,0,29.87,Received
PO-480354,84,SUP-114,B000270,YUL5,2025-08-25,2025-10-08,2025-11-06,144,144,7,42.84,Received
PO-480354,82,SUP-114,B000302,YWG2,2025-08-25,2025-10-08,2025-11-06,16,16,0,37.95,Received
PO-480354,88,SUP-114,B000345,YYC1,2025-08-25,2025-10-08,2025-11-06,48,48,0,58.25,Received
PO-480285,9,SUP-112,B000026,YYZ4,2025-08-28,2025-09-11,2025-09-08,48,48,0,18.63,Received
PO-480285,14,SUP-112,B000061,YYZ4,2025-08-28,2025-09-11,2025-09-08,36,36,0,9.8,Received
PO-480285,5,SUP-112,B000118,YYZ4,2025-08-28,2025-09-11,2025-09-08,472,472,2,14.9,Received
PO-480285,10,SUP-112,B000151,YYC1,2025-08-28,2025-09-11,2025-09-08,152,152,2,10.75,Received
PO-480285,12,SUP-112,B000242,YUL5,2025-08-28,2025-09-11,2025-09-08,252,252,0,7.44,Received
PO-480285,11,SUP-112,B000248,YYZ4,2025-08-28,2025-09-11,2025-09-08,107,107,1,20.2,Received
PO-480285,13,SUP-112,B000249,YUL5,2025-08-28,2025-09-11,2025-09-08,36,29,0,24.19,Received
PO-480285,8,SUP-112,B000286,YYC1,2025-08-28,2025-09-11,2025-09-08,312,277,4,43.29,Received
PO-480285,15,SUP-112,B000292,YYZ4,2025-08-28,2025-09-11,2025-09-08,302,302,2,32.23,Received
PO-480285,7,SUP-112,B000296,YYC1,2025-08-28,2025-09-11,2025-09-08,40,40,1,28.09,Received
PO-480285,4,SUP-112,B000324,YYC1,2025-08-28,2025-09-11,2025-09-08,80,80,0,50.1,Received
PO-480285,6,SUP-112,B000416,YYC1,2025-08-28,2025-09-11,2025-09-08,150,150,1,26.43,Received
PO-480506,8,SUP-121,B000022,YHZ1,2025-09-01,2025-10-21,2025-10-18,576,534,26,23.15,Received
PO-480506,14,SUP-121,B000045,YWG2,2025-09-01,2025-10-21,2025-10-18,234,234,11,57.92,Received
PO-480506,15,SUP-121,B000152,YUL5,2025-09-01,2025-10-21,2025-10-18,761,761,49,28.18,Received
PO-480506,13,SUP-121,B000161,YUL5,2025-09-01,2025-10-21,2025-10-18,321,321,8,20.9,Received
PO-480506,9,SUP-121,B000174,YYZ4,2025-09-01,2025-10-21,2025-10-18,311,311,10,29.82,Received
PO-480506,11,SUP-121,B000220,YYC1,2025-09-01,2025-10-21,2025-10-18,72,72,1,19.35,Received
PO-480506,18,SUP-121,B000276,YYZ4,2025-09-01,2025-10-21,2025-10-18,336,336,10,23.17,Received
PO-480506,10,SUP-121,B000323,YVR2,2025-09-01,2025-10-21,2025-10-18,41,41,0,11.42,Received
PO-480506,12,SUP-121,B000392,YYC1,2025-09-01,2025-10-21,2025-10-18,1176,1176,9,42.02,Received
PO-480506,17,SUP-121,B000408,YYC1,2025-09-01,2025-10-21,2025-10-18,120,106,3,43.76,Received
PO-480506,16,SUP-121,B000409,YHZ1,2025-09-01,2025-10-21,2025-10-18,84,84,2,15.72,Received
PO-480117,93,SUP-105,B000016,YEG3,2025-09-02,2025-09-11,2025-09-14,120,120,0,22.7,Received
PO-480117,97,SUP-105,B000023,YYC1,2025-09-02,2025-09-11,2025-09-14,24,24,0,55.53,Received
PO-480117,92,SUP-105,B000263,YUL5,2025-09-02,2025-09-11,2025-09-14,348,348,2,50.34,Received
PO-480117,96,SUP-105,B000282,YVR2,2025-09-02,2025-09-11,2025-09-14,234,234,1,55.18,Received
PO-480117,95,SUP-105,B000320,YVR2,2025-09-02,2025-09-11,2025-09-14,72,72,0,15.12,Received
PO-480117,94,SUP-105,B000380,YVR2,2025-09-02,2025-09-11,2025-09-14,48,45,0,31.53,Received
PO-480324,63,SUP-113,B000009,YYC1,2025-09-03,2025-09-19,2025-10-03,30,30,0,15.41,Received
PO-480324,62,SUP-113,B000028,YEG3,2025-09-03,2025-09-19,2025-10-03,13,13,0,33.32,Received
PO-480324,68,SUP-113,B000030,YEG3,2025-09-03,2025-09-19,2025-10-03,336,336,7,26.33,Received
PO-480324,60,SUP-113,B000063,YUL5,2025-09-03,2025-09-19,2025-10-03,101,101,0,20.49,Received
PO-480324,61,SUP-113,B000091,YYZ4,2025-09-03,2025-09-19,2025-10-03,24,24,0,40.85,Received
PO-480324,69,SUP-113,B000106,YEG3,2025-09-03,2025-09-19,2025-10-03,96,96,1,11.64,Received
PO-480324,64,SUP-113,B000136,YYZ4,2025-09-03,2025-09-19,2025-10-03,24,24,0,38.25,Received
PO-480324,66,SUP-113,B000154,YHZ1,2025-09-03,2025-09-19,2025-10-03,96,96,1,6.27,Received
PO-480324,65,SUP-113,B000186,YYZ4,2025-09-03,2025-09-19,2025-10-03,72,72,1,7.27,Received
PO-480324,57,SUP-113,B000231,YYZ4,2025-09-03,2025-09-19,2025-10-03,72,72,0,17.01,Received
PO-480324,59,SUP-113,B000298,YVR2,2025-09-03,2025-09-19,2025-10-03,864,864,14,39.04,Received
PO-480324,67,SUP-113,B000395,YYZ4,2025-09-03,2025-09-19,2025-10-03,156,156,1,9.53,Received
PO-480324,58,SUP-113,B000406,YHZ1,2025-09-03,2025-09-19,2025-10-03,172,172,1,12.22,Received
PO-480195,35,SUP-108,B000084,YWG2,2025-09-04,2025-10-12,2025-10-15,96,96,0,10.08,Received
PO-480195,43,SUP-108,B000144,YUL5,2025-09-04,2025-10-12,2025-10-15,1517,1517,17,16.5,Received
PO-480195,42,SUP-108,B000226,YUL5,2025-09-04,2025-10-12,2025-10-15,280,280,1,18.36,Received
PO-480195,39,SUP-108,B000254,YYZ4,2025-09-04,2025-10-12,2025-10-15,168,168,4,7.63,Received
PO-480195,40,SUP-108,B000268,YUL5,2025-09-04,2025-10-12,2025-10-15,32,32,1,24.53,Received
PO-480195,41,SUP-108,B000299,YVR2,2025-09-04,2025-10-12,2025-10-15,64,64,1,8.34,Received
PO-480195,38,SUP-108,B000313,YHZ1,2025-09-04,2025-10-12,2025-10-15,776,776,20,19.4,Received
PO-480195,37,SUP-108,B000332,YVR2,2025-09-04,2025-10-12,2025-10-15,56,56,0,37.15,Received
PO-480195,36,SUP-108,B000397,YEG3,2025-09-04,2025-10-12,2025-10-15,32,32,0,29.7,Received
PO-480245,16,SUP-111,B000019,YYZ4,2025-09-04,2025-09-11,2025-09-12,572,572,1,12.51,Received
PO-480245,14,SUP-111,B000065,YYC1,2025-09-04,2025-09-11,2025-09-12,152,152,0,8.16,Received
PO-480245,20,SUP-111,B000102,YYZ4,2025-09-04,2025-09-11,2025-09-12,316,316,0,4.23,Received
PO-480245,19,SUP-111,B000109,YYC1,2025-09-04,2025-09-11,2025-09-12,36,36,0,27.2,Received
PO-480245,21,SUP-111,B000122,YVR2,2025-09-04,2025-09-11,2025-09-12,517,517,1,13.42,Received
PO-480245,18,SUP-111,B000123,YYZ4,2025-09-04,2025-09-11,2025-09-12,108,108,0,11.77,Received
PO-480245,22,SUP-111,B000187,YYC1,2025-09-04,2025-09-11,2025-09-12,240,240,1,18.92,Received
PO-480245,17,SUP-111,B000404,YWG2,2025-09-04,2025-09-11,2025-09-12,448,448,1,6.26,Received
PO-480245,15,SUP-111,B000418,YYC1,2025-09-04,2025-09-11,2025-09-12,192,192,0,20.14,Received
PO-480520,46,SUP-122,B000003,YUL5,2025-09-04,2025-10-05,2025-10-07,948,948,2,116.68,Received
PO-480520,44,SUP-122,B000067,YWG2,2025-09-04,2025-10-05,2025-10-07,240,240,1,26.62,Received
PO-480520,51,SUP-122,B000068,YHZ1,2025-09-04,2025-10-05,2025-10-07,84,73,1,53.46,Received
PO-480520,43,SUP-122,B000141,YUL5,2025-09-04,2025-10-05,2025-10-07,300,300,2,44.89,Received
PO-480520,48,SUP-122,B000235,YYZ4,2025-09-04,2025-10-05,2025-10-07,24,24,0,59.11,Received
PO-480520,45,SUP-122,B000264,YVR2,2025-09-04,2025-10-05,2025-10-07,30,30,0,32.04,Received
PO-480520,49,SUP-122,B000271,YYZ4,2025-09-04,2025-10-05,2025-10-07,72,72,1,23.34,Received
PO-480520,52,SUP-122,B000285,YEG3,2025-09-04,2025-10-05,2025-10-07,15,14,0,99.56,Received
PO-480520,50,SUP-122,B000341,YYZ4,2025-09-04,2025-10-05,2025-10-07,1762,1762,13,57.14,Received
PO-480520,47,SUP-122,B000352,YHZ1,2025-09-04,2025-10-05,2025-10-07,18,18,0,42.99,Received
PO-480118,4,SUP-105,B000043,YVR2,2025-09-05,2025-09-14,2025-09-13,20,20,0,81.24,Received
PO-480118,3,SUP-105,B000071,YYZ4,2025-09-05,2025-09-14,2025-09-13,84,84,1,52.68,Received
PO-480118,98,SUP-105,B000097,YYC1,2025-09-05,2025-09-14,2025-09-13,36,36,0,48.69,Received
PO-480118,7,SUP-105,B000216,YUL5,2025-09-05,2025-09-14,2025-09-13,330,330,0,49.89,Received
PO-480118,6,SUP-105,B000263,YYZ4,2025-09-05,2025-09-14,2025-09-13,232,232,1,50.34,Received
PO-480118,2,SUP-105,B000282,YVR2,2025-09-05,2025-09-14,2025-09-13,332,332,2,55.18,Received
PO-480118,1,SUP-105,B000308,YHZ1,2025-09-05,2025-09-14,2025-09-13,192,192,0,10.93,Received
PO-480118,99,SUP-105,B000320,YVR2,2025-09-05,2025-09-14,2025-09-13,36,36,0,15.12,Received
PO-480118,5,SUP-105,B000410,YYZ4,2025-09-05,2025-09-14,2025-09-13,96,96,0,31.02,Received
PO-480431,77,SUP-118,B000027,YYZ4,2025-09-06,2025-10-08,2025-10-17,24,22,0,12.44,Received
PO-480431,84,SUP-118,B000107,YYZ4,2025-09-06,2025-10-08,2025-10-17,4390,4390,15,6.42,Received
PO-480431,86,SUP-118,B000108,YYZ4,2025-09-06,2025-10-08,2025-10-17,995,995,10,27.52,Received
PO-480431,72,SUP-118,B000110,YVR2,2025-09-06,2025-10-08,2025-10-17,548,548,5,27.06,Received
PO-480431,82,SUP-118,B000155,YYZ4,2025-09-06,2025-10-08,2025-10-17,49,42,1,16.62,Received
PO-480431,81,SUP-118,B000156,YVR2,2025-09-06,2025-10-08,2025-10-17,1950,1950,34,14.32,Received
PO-480431,76,SUP-118,B000166,YHZ1,2025-09-06,2025-10-08,2025-10-17,228,228,4,22.72,Received
PO-480431,80,SUP-118,B000170,YYZ4,2025-09-06,2025-10-08,2025-10-17,51,51,0,6.35,Received
PO-480431,75,SUP-118,B000221,YUL5,2025-09-06,2025-10-08,2025-10-17,47,47,1,45.14,Received
PO-480431,74,SUP-118,B000230,YYZ4,2025-09-06,2025-10-08,2025-10-17,168,168,3,10.67,Received
PO-480431,79,SUP-118,B000237,YYZ4,2025-09-06,2025-10-08,2025-10-17,84,84,0,34.69,Received
PO-480431,85,SUP-118,B000238,YVR2,2025-09-06,2025-10-08,2025-10-17,207,207,3,33.37,Received
PO-480431,87,SUP-118,B000243,YUL5,2025-09-06,2025-10-08,2025-10-17,112,112,1,45.01,Received
PO-480431,83,SUP-118,B000327,YYZ4,2025-09-06,2025-10-08,2025-10-17,36,36,0,45.86,Received
PO-480431,78,SUP-118,B000330,YYZ4,2025-09-06,2025-10-08,2025-10-17,600,600,5,34.27,Received
PO-480431,73,SUP-118,B000340,YVR2,2025-09-06,2025-10-08,2025-10-17,52,52,1,41.74,Received
PO-480431,88,SUP-118,B000414,YUL5,2025-09-06,2025-10-08,2025-10-17,6144,6144,26,32.56,Received
PO-480041,2,SUP-103,B000000,YHZ1,2025-09-10,2025-09-22,2025-09-21,18,18,0,5.35,Received
PO-480041,94,SUP-103,B000006,YUL5,2025-09-10,2025-09-22,2025-09-21,48,45,1,10.47,Received
PO-480041,4,SUP-103,B000133,YYZ4,2025-09-10,2025-09-22,2025-09-21,8,7,0,15.18,Received
PO-480041,3,SUP-103,B000178,YEG3,2025-09-10,2025-09-22,2025-09-21,672,672,9,27.42,Received
PO-480041,5,SUP-103,B000194,YYZ4,2025-09-10,2025-09-22,2025-09-21,32,32,0,12.16,Received
PO-480041,95,SUP-103,B000291,YYZ4,2025-09-10,2025-09-22,2025-09-21,108,108,0,17.87,Received
PO-480041,99,SUP-103,B000295,YYZ4,2025-09-10,2025-09-22,2025-09-21,7,7,0,18.76,Received
PO-480041,98,SUP-103,B000348,YUL5,2025-09-10,2025-09-22,2025-09-21,280,280,1,9.96,Received
PO-480041,96,SUP-103,B000374,YYC1,2025-09-10,2025-09-22,2025-09-21,16,14,0,10.68,Received
PO-480041,97,SUP-103,B000399,YYZ4,2025-09-10,2025-09-22,2025-09-21,16,13,0,19.26,Received
PO-480041,1,SUP-103,B000413,YYZ4,2025-09-10,2025-09-22,2025-09-21,48,48,1,27.73,Received
PO-480042,18,SUP-103,B000000,YHZ1,2025-09-11,2025-09-23,2025-09-21,61,53,0,5.35,Received
PO-480042,11,SUP-103,B000006,YYZ4,2025-09-11,2025-09-23,2025-09-21,132,132,1,10.47,Received
PO-480042,22,SUP-103,B000024,YHZ1,2025-09-11,2025-09-23,2025-09-21,1440,1440,4,24.8,Received
PO-480042,15,SUP-103,B000079,YEG3,2025-09-11,2025-09-23,2025-09-21,96,96,1,12.85,Received
PO-480042,9,SUP-103,B000133,YYZ4,2025-09-11,2025-09-23,2025-09-21,20,16,0,15.18,Received
PO-480042,16,SUP-103,B000194,YYZ4,2025-09-11,2025-09-23,2025-09-21,32,32,0,12.16,Received
PO-480042,19,SUP-103,B000246,YVR2,2025-09-11,2025-09-23,2025-09-21,60,60,1,48.07,Received
PO-480042,13,SUP-103,B000278,YYZ4,2025-09-11,2025-09-23,2025-09-21,210,210,0,38.05,Received
PO-480042,10,SUP-103,B000291,YYZ4,2025-09-11,2025-09-23,2025-09-21,292,292,3,17.87,Received
PO-480042,17,SUP-103,B000295,YVR2,2025-09-11,2025-09-23,2025-09-21,38,38,0,18.76,Received
PO-480042,14,SUP-103,B000312,YWG2,2025-09-11,2025-09-23,2025-09-21,332,332,0,11.5,Received
PO-480042,12,SUP-103,B000353,YYC1,2025-09-11,2025-09-23,2025-09-21,26,26,0,13.18,Received
PO-480042,21,SUP-103,B000374,YYC1,2025-09-11,2025-09-23,2025-09-21,21,21,0,10.68,Received
PO-480042,6,SUP-103,B000382,YVR2,2025-09-11,2025-09-23,2025-09-21,909,824,6,9.75,Received
PO-480042,7,SUP-103,B000387,YVR2,2025-09-11,2025-09-23,2025-09-21,249,249,2,40.99,Received
PO-480042,8,SUP-103,B000399,YYZ4,2025-09-11,2025-09-23,2025-09-21,24,24,0,19.26,Received
PO-480042,20,SUP-103,B000413,YWG2,2025-09-11,2025-09-23,2025-09-21,48,48,1,27.73,Received
PO-480155,44,SUP-106,B000021,YUL5,2025-09-11,2025-10-05,2025-10-05,96,96,2,16.28,Received
PO-480155,42,SUP-106,B000033,YYZ4,2025-09-11,2025-10-05,2025-10-05,96,83,0,25.32,Received
PO-480155,40,SUP-106,B000039,YYZ4,2025-09-11,2025-10-05,2025-10-05,84,84,1,19.83,Received
PO-480155,49,SUP-106,B000066,YYZ4,2025-09-11,2025-10-05,2025-10-05,222,216,5,24.86,Received
PO-480155,46,SUP-106,B000098,YYZ4,2025-09-11,2025-10-05,2025-10-05,60,60,0,13.55,Received
PO-480155,41,SUP-106,B000101,YUL5,2025-09-11,2025-10-05,2025-10-05,113,113,3,32.63,Received
PO-480155,37,SUP-106,B000127,YYZ4,2025-09-11,2025-10-05,2025-10-05,60,60,1,15.81,Received
PO-480155,43,SUP-106,B000142,YVR2,2025-09-11,2025-10-05,2025-10-05,90,90,0,12.57,Received
PO-480155,50,SUP-106,B000202,YVR2,2025-09-11,2025-10-05,2025-10-05,768,768,9,26.75,Received
PO-480155,48,SUP-106,B000239,YVR2,2025-09-11,2025-10-05,2025-10-05,96,93,1,12.84,Received
PO-480155,39,SUP-106,B000255,YHZ1,2025-09-11,2025-10-05,2025-10-05,24,21,0,18.41,Received
PO-480155,38,SUP-106,B000294,YVR2,2025-09-11,2025-10-05,2025-10-05,456,401,7,42.52,Received
PO-480155,45,SUP-106,B000307,YYZ4,2025-09-11,2025-10-05,2025-10-05,24,24,0,10.55,Received
PO-480155,52,SUP-106,B000309,YYZ4,2025-09-11,2025-10-05,2025-10-05,144,144,1,6.6,Received
PO-480155,47,SUP-106,B000316,YYZ4,2025-09-11,2025-10-05,2025-10-05,80,80,1,11.05,Received
PO-480155,51,SUP-106,B000319,YYZ4,2025-09-11,2025-10-05,2025-10-05,72,72,0,45.53,Received
PO-480155,54,SUP-106,B000362,YYC1,2025-09-11,2025-10-05,2025-10-05,252,252,5,52.53,Received
PO-480155,53,SUP-106,B000383,YYZ4,2025-09-11,2025-10-05,2025-10-05,1272,1272,25,12.08,Received
PO-480246,27,SUP-111,B000007,YWG2,2025-09-13,2025-09-20,2025-09-21,8020,8020,8,5.45,Received
PO-480246,37,SUP-111,B000015,YYZ4,2025-09-13,2025-09-20,2025-09-21,48,48,0,3.74,Received
PO-480246,34,SUP-111,B000019,YYZ4,2025-09-13,2025-09-20,2025-09-21,977,977,3,12.51,Received
PO-480246,31,SUP-111,B000065,YYZ4,2025-09-13,2025-09-20,2025-09-21,48,48,0,8.16,Received
PO-480246,23,SUP-111,B000100,YYZ4,2025-09-13,2025-09-20,2025-09-21,48,48,0,2.0,Received
PO-480246,26,SUP-111,B000102,YWG2,2025-09-13,2025-09-20,2025-09-21,264,264,0,4.23,Received
PO-480246,28,SUP-111,B000109,YYZ4,2025-09-13,2025-09-20,2025-09-21,108,108,0,27.2,Received
PO-480246,36,SUP-111,B000111,YYZ4,2025-09-13,2025-09-20,2025-09-21,66,66,0,11.26,Received
PO-480246,38,SUP-111,B000122,YEG3,2025-09-13,2025-09-20,2025-09-21,348,287,1,13.42,Received
PO-480246,35,SUP-111,B000123,YVR2,2025-09-13,2025-09-20,2025-09-21,336,336,1,11.77,Received
PO-480246,25,SUP-111,B000147,YUL5,2025-09-13,2025-09-20,2025-09-21,177,177,0,34.39,Received
PO-480246,32,SUP-111,B000187,YUL5,2025-09-13,2025-09-20,2025-09-21,240,189,0,18.92,Received
PO-480246,24,SUP-111,B000191,YYZ4,2025-09-13,2025-09-20,2025-09-21,7,7,0,12.14,Received
PO-480246,33,SUP-111,B000218,YYC1,2025-09-13,2025-09-20,2025-09-21,84,84,0,3.34,Received
PO-480246,30,SUP-111,B000337,YWG2,2025-09-13,2025-09-20,2025-09-21,186,186,0,10.03,Received
PO-480246,29,SUP-111,B000418,YYC1,2025-09-13,2025-09-20,2025-09-21,240,240,1,20.14,Received
PO-480119,19,SUP-105,B000016,YYC1,2025-09-15,2025-09-24,2025-09-22,228,228,1,22.7,Received
PO-480119,8,SUP-105,B000023,YYC1,2025-09-15,2025-09-24,2025-09-22,16,16,0,55.53,Received
PO-480119,9,SUP-105,B000043,YYZ4,2025-09-15,2025-09-24,2025-09-22,36,36,0,81.24,Received
PO-480119,18,SUP-105,B000071,YVR2,2025-09-15,2025-09-24,2025-09-22,48,48,0,52.68,Received
PO-480119,24,SUP-105,B000092,YYC1,2025-09-15,2025-09-24,2025-09-22,48,48,0,37.96,Received
PO-480119,12,SUP-105,B000097,YYZ4,2025-09-15,2025-09-24,2025-09-22,72,72,0,48.69,Received
PO-480119,11,SUP-105,B000153,YEG3,2025-09-15,2025-09-24,2025-09-22,822,822,0,9.61,Received
PO-480119,14,SUP-105,B000213,YVR2,2025-09-15,2025-09-24,2025-09-22,160,160,1,46.02,Received
PO-480119,21,SUP-105,B000216,YYZ4,2025-09-15,2025-09-24,2025-09-22,156,156,1,49.89,Received
PO-480119,13,SUP-105,B000259,YYZ4,2025-09-15,2025-09-24,2025-09-22,85,85,0,17.17,Received
PO-480119,23,SUP-105,B000263,YVR2,2025-09-15,2025-09-24,2025-09-22,296,296,1,50.34,Received
PO-480119,16,SUP-105,B000284,YYZ4,2025-09-15,2025-09-24,2025-09-22,134,134,0,19.61,Received
PO-480119,10,SUP-105,B000308,YHZ1,2025-09-15,2025-09-24,2025-09-22,72,72,0,10.93,Received
PO-480119,17,SUP-105,B000361,YYC1,2025-09-15,2025-09-24,2025-09-22,192,192,0,25.9,Received
PO-480119,22,SUP-105,B000369,YVR2,2025-09-15,2025-09-24,2025-09-22,48,40,0,12.66,Received
PO-480119,20,SUP-105,B000380,YEG3,2025-09-15,2025-09-24,2025-09-22,28,28,0,31.53,Received
PO-480119,15,SUP-105,B000410,YYZ4,2025-09-15,2025-09-24,2025-09-22,96,96,0,31.02,Received
PO-480043,24,SUP-103,B000000,YHZ1,2025-09-17,2025-09-29,2025-09-29,46,46,0,5.35,Received
PO-480043,30,SUP-103,B000006,YUL5,2025-09-17,2025-09-29,2025-09-29,324,281,4,10.47,Received
PO-480043,27,SUP-103,B000024,YVR2,2025-09-17,2025-09-29,2025-09-29,408,408,1,24.8,Received
PO-480043,35,SUP-103,B000079,YWG2,2025-09-17,2025-09-29,2025-09-29,64,64,1,12.85,Received
PO-480043,23,SUP-103,B000119,YYC1,2025-09-17,2025-09-29,2025-09-29,12,11,0,15.29,Received
PO-480043,31,SUP-103,B000133,YVR2,2025-09-17,2025-09-29,2025-09-29,16,16,0,15.18,Received
PO-480043,34,SUP-103,B000178,YEG3,2025-09-17,2025-09-29,2025-09-29,240,240,1,27.42,Received
PO-480043,26,SUP-103,B000194,YYZ4,2025-09-17,2025-09-29,2025-09-29,32,32,0,12.16,Received
PO-480043,28,SUP-103,B000246,YYZ4,2025-09-17,2025-09-29,2025-09-29,48,42,0,48.07,Received
PO-480043,25,SUP-103,B000273,YUL5,2025-09-17,2025-09-29,2025-09-29,32,32,0,23.72,Received
PO-480043,36,SUP-103,B000278,YHZ1,2025-09-17,2025-09-29,2025-09-29,24,24,0,38.05,Received
PO-480043,38,SUP-103,B000374,YYC1,2025-09-17,2025-09-29,2025-09-29,17,17,0,10.68,Received
PO-480043,37,SUP-103,B000382,YHZ1,2025-09-17,2025-09-29,2025-09-29,689,689,8,9.75,Received
PO-480043,29,SUP-103,B000387,YEG3,2025-09-17,2025-09-29,2025-09-29,367,367,5,40.99,Received
PO-480043,33,SUP-103,B000399,YYZ4,2025-09-17,2025-09-29,2025-09-29,224,196,3,19.26,Received
PO-480043,32,SUP-103,B000413,YWG2,2025-09-17,2025-09-29,2025-09-29,72,59,1,27.73,Received
PO-480044,43,SUP-103,B000119,YYZ4,2025-09-18,2025-09-30,2025-09-26,18,18,0,15.29,Received
PO-480044,39,SUP-103,B000178,YYZ4,2025-09-18,2025-09-30,2025-09-26,1800,1800,22,27.42,Received
PO-480044,45,SUP-103,B000273,YYZ4,2025-09-18,2025-09-30,2025-09-26,64,64,1,23.72,Received
PO-480044,41,SUP-103,B000278,YVR2,2025-09-18,2025-09-30,2025-09-26,60,60,0,38.05,Received
PO-480044,40,SUP-103,B000295,YYZ4,2025-09-18,2025-09-30,2025-09-26,40,40,0,18.76,Received
PO-480044,48,SUP-103,B000312,YYZ4,2025-09-18,2025-09-30,2025-09-26,75,75,1,11.5,Received
PO-480044,47,SUP-103,B000348,YEG3,2025-09-18,2025-09-30,2025-09-26,672,672,3,9.96,Received
PO-480044,46,SUP-103,B000353,YYZ4,2025-09-18,2025-09-30,2025-09-26,17,17,0,13.18,Received
PO-480044,49,SUP-103,B000374,YYC1,2025-09-18,2025-09-30,2025-09-26,16,13,0,10.68,Received
PO-480044,44,SUP-103,B000387,YWG2,2025-09-18,2025-09-30,2025-09-26,393,393,3,40.99,Received
PO-480044,42,SUP-103,B000399,YYC1,2025-09-18,2025-09-30,2025-09-26,16,16,0,19.26,Received
PO-480044,50,SUP-103,B000413,YWG2,2025-09-18,2025-09-30,2025-09-26,192,192,1,27.73,Received
PO-480120,32,SUP-105,B000016,YYC1,2025-09-19,2025-09-28,2025-09-29,156,156,1,22.7,Received
PO-480120,29,SUP-105,B000025,YYZ4,2025-09-19,2025-09-28,2025-09-29,48,45,0,34.44,Received
PO-480120,34,SUP-105,B000092,YYC1,2025-09-19,2025-09-28,2025-09-29,48,45,0,37.96,Received
PO-480120,30,SUP-105,B000213,YUL5,2025-09-19,2025-09-28,2025-09-29,80,80,0,46.02,Received
PO-480120,33,SUP-105,B000259,YHZ1,2025-09-19,2025-09-28,2025-09-29,90,90,0,17.17,Received
PO-480120,31,SUP-105,B000282,YHZ1,2025-09-19,2025-09-28,2025-09-29,614,573,1,55.18,Received
PO-480120,28,SUP-105,B000361,YYZ4,2025-09-19,2025-09-28,2025-09-29,192,192,0,25.9,Received
PO-480120,27,SUP-105,B000369,YYZ4,2025-09-19,2025-09-28,2025-09-29,48,48,0,12.66,Received
PO-480120,25,SUP-105,B000380,YYC1,2025-09-19,2025-09-28,2025-09-29,80,80,0,31.53,Received
PO-480120,26,SUP-105,B000410,YHZ1,2025-09-19,2025-09-28,2025-09-29,96,96,0,31.02,Received
PO-480478,92,SUP-120,B000012,YEG3,2025-09-20,2025-09-26,2025-09-27,288,288,1,9.46,Received
PO-480478,96,SUP-120,B000130,YUL5,2025-09-20,2025-09-26,2025-09-27,72,69,0,4.08,Received
PO-480478,98,SUP-120,B000195,YVR2,2025-09-20,2025-09-26,2025-09-27,24,24,0,6.65,Received
PO-480478,97,SUP-120,B000196,YYZ4,2025-09-20,2025-09-26,2025-09-27,4,4,0,7.3,Received
PO-480478,95,SUP-120,B000197,YUL5,2025-09-20,2025-09-26,2025-09-27,48,48,0,7.26,Received
PO-480478,99,SUP-120,B000199,YWG2,2025-09-20,2025-09-26,2025-09-27,64,64,0,17.21,Received
PO-480478,93,SUP-120,B000269,YYZ4,2025-09-20,2025-09-26,2025-09-27,24,24,0,2.24,Received
PO-480478,90,SUP-120,B000310,YEG3,2025-09-20,2025-09-26,2025-09-27,164,149,0,2.96,Received
PO-480478,94,SUP-120,B000321,YYZ4,2025-09-20,2025-09-26,2025-09-27,80,80,0,8.49,Received
PO-480478,91,SUP-120,B000338,YHZ1,2025-09-20,2025-09-26,2025-09-27,224,224,1,3.88,Received
PO-480178,49,SUP-107,B000014,YVR2,2025-09-21,2025-10-25,2025-10-17,96,96,1,22.31,Received
PO-480178,47,SUP-107,B000044,YYC1,2025-09-21,2025-10-25,2025-10-17,654,566,4,49.42,Received
PO-480178,56,SUP-107,B000064,YVR2,2025-09-21,2025-10-25,2025-10-17,226,226,3,40.08,Received
PO-480178,48,SUP-107,B000085,YYZ4,2025-09-21,2025-10-25,2025-10-17,180,180,1,85.16,Received
PO-480178,51,SUP-107,B000104,YVR2,2025-09-21,2025-10-25,2025-10-17,90,90,0,16.04,Received
PO-480178,50,SUP-107,B000114,YYC1,2025-09-21,2025-10-25,2025-10-17,616,616,5,74.15,Received
PO-480178,46,SUP-107,B000117,YEG3,2025-09-21,2025-10-25,2025-10-17,144,144,0,10.32,Received
PO-480178,53,SUP-107,B000121,YUL5,2025-09-21,2025-10-25,2025-10-17,12,12,0,27.65,Received
PO-480178,54,SUP-107,B000148,YUL5,2025-09-21,2025-10-25,2025-10-17,624,624,6,21.53,Received
PO-480178,55,SUP-107,B000173,YVR2,2025-09-21,2025-10-25,2025-10-17,36,36,0,20.12,Received
PO-480178,44,SUP-107,B000200,YYZ4,2025-09-21,2025-10-25,2025-10-17,316,316,3,42.44,Received
PO-480178,45,SUP-107,B000336,YVR2,2025-09-21,2025-10-25,2025-10-17,54,49,0,61.89,Received
PO-480178,43,SUP-107,B000350,YYC1,2025-09-21,2025-10-25,2025-10-17,192,192,1,48.35,Received
PO-480178,57,SUP-107,B000356,YVR2,2025-09-21,2025-10-25,2025-10-17,90,80,1,30.35,Received
PO-480178,52,SUP-107,B000394,YYC1,2025-09-21,2025-10-25,2025-10-17,474,474,2,19.24,Received
PO-480247,46,SUP-111,B000007,YVR2,2025-09-21,2025-09-28,2025-09-27,2242,2242,3,5.45,Received
PO-480247,43,SUP-111,B000015,YEG3,2025-09-21,2025-09-28,2025-09-27,48,48,0,3.74,Received
PO-480247,45,SUP-111,B000062,YYZ4,2025-09-21,2025-09-28,2025-09-27,144,144,0,13.09,Received
PO-480247,41,SUP-111,B000109,YWG2,2025-09-21,2025-09-28,2025-09-27,612,612,0,27.2,Received
PO-480247,42,SUP-111,B000111,YUL5,2025-09-21,2025-09-28,2025-09-27,66,66,0,11.26,Received
PO-480247,39,SUP-111,B000187,YUL5,2025-09-21,2025-09-28,2025-09-27,96,96,0,18.92,Received
PO-480247,40,SUP-111,B000203,YYZ4,2025-09-21,2025-09-28,2025-09-27,56,56,0,5.75,Received
PO-480247,44,SUP-111,B000404,YHZ1,2025-09-21,2025-09-28,2025-09-27,536,536,2,6.26,Received
PO-480479,9,SUP-120,B000008,YYZ4,2025-09-22,2025-09-28,2025-09-30,808,808,2,3.7,Received
PO-480479,1,SUP-120,B000012,YEG3,2025-09-22,2025-09-28,2025-09-30,60,60,0,9.46,Received
PO-480479,4,SUP-120,B000052,YEG3,2025-09-22,2025-09-28,2025-09-30,145,126,0,3.12,Received
PO-480479,8,SUP-120,B000130,YYZ4,2025-09-22,2025-09-28,2025-09-30,72,72,0,4.08,Received
PO-480479,5,SUP-120,B000195,YVR2,2025-09-22,2025-09-28,2025-09-30,16,16,0,6.65,Received
PO-480479,7,SUP-120,B000196,YYC1,2025-09-22,2025-09-28,2025-09-30,2,2,0,7.3,Received
PO-480479,6,SUP-120,B000197,YVR2,2025-09-22,2025-09-28,2025-09-30,24,21,0,7.26,Received
PO-480479,2,SUP-120,B000210,YUL5,2025-09-22,2025-09-28,2025-09-30,120,120,0,2.12,Received
PO-480479,11,SUP-120,B000250,YYZ4,2025-09-22,2025-09-28,2025-09-30,52,52,0,3.15,Received
PO-480479,10,SUP-120,B000269,YYZ4,2025-09-22,2025-09-28,2025-09-30,24,24,0,2.24,Received
PO-480479,3,SUP-120,B000310,YHZ1,2025-09-22,2025-09-28,2025-09-30,136,136,0,2.96,Received
PO-480005,47,SUP-101,B000031,YUL5,2025-09-23,2025-11-04,2025-11-21,516,516,15,50.63,Received
PO-480005,51,SUP-101,B000096,YUL5,2025-09-23,2025-11-04,2025-11-21,49,49,1,125.28,Received
PO-480005,50,SUP-101,B000165,YWG2,2025-09-23,2025-11-04,2025-11-21,2312,2312,57,35.18,Received
PO-480005,46,SUP-101,B000201,YVR2,2025-09-23,2025-11-04,2025-11-21,288,288,7,40.84,Received
PO-480005,44,SUP-101,B000229,YEG3,2025-09-23,2025-11-04,2025-11-21,2920,2920,91,69.87,Received
PO-480005,48,SUP-101,B000266,YUL5,2025-09-23,2025-11-04,2025-11-21,307,307,0,77.37,Received
PO-480005,45,SUP-101,B000349,YEG3,2025-09-23,2025-11-04,2025-11-21,372,372,7,53.59,Received
PO-480005,49,SUP-101,B000366,YHZ1,2025-09-23,2025-11-04,2025-11-21,752,752,6,36.73,Received
PO-480248,56,SUP-111,B000005,YYZ4,2025-09-23,2025-09-30,2025-10-01,36,36,0,11.5,Received
PO-480248,54,SUP-111,B000007,YYZ4,2025-09-23,2025-09-30,2025-10-01,4113,4113,12,5.45,Received
PO-480248,51,SUP-111,B000015,YYZ4,2025-09-23,2025-09-30,2025-10-01,176,176,0,3.74,Received
PO-480248,50,SUP-111,B000065,YYZ4,2025-09-23,2025-09-30,2025-10-01,224,224,1,8.16,Received
PO-480248,47,SUP-111,B000100,YUL5,2025-09-23,2025-09-30,2025-10-01,24,24,0,2.0,Received
PO-480248,55,SUP-111,B000122,YHZ1,2025-09-23,2025-09-30,2025-10-01,307,307,1,13.42,Received
PO-480248,48,SUP-111,B000145,YYZ4,2025-09-23,2025-09-30,2025-10-01,48,48,0,13.18,Received
PO-480248,49,SUP-111,B000187,YYZ4,2025-09-23,2025-09-30,2025-10-01,96,96,0,18.92,Received
PO-480248,52,SUP-111,B000404,YWG2,2025-09-23,2025-09-30,2025-10-01,448,448,1,6.26,Received
PO-480248,53,SUP-111,B000418,YVR2,2025-09-23,2025-09-30,2025-10-01,384,384,1,20.14,Received
PO-480086,70,SUP-104,B000054,YYZ4,2025-09-26,2025-10-06,2025-10-04,32,32,0,12.38,Received
PO-480086,66,SUP-104,B000060,YVR2,2025-09-26,2025-10-06,2025-10-04,396,396,4,14.56,Received
PO-480086,60,SUP-104,B000077,YYZ4,2025-09-26,2025-10-06,2025-10-04,192,192,1,55.44,Received
PO-480086,65,SUP-104,B000088,YYZ4,2025-09-26,2025-10-06,2025-10-04,426,370,3,22.27,Received
PO-480086,61,SUP-104,B000093,YYC1,2025-09-26,2025-10-06,2025-10-04,24,24,0,3.57,Received
PO-480086,63,SUP-104,B000095,YWG2,2025-09-26,2025-10-06,2025-10-04,192,192,2,4.5,Received
PO-480086,67,SUP-104,B000168,YYC1,2025-09-26,2025-10-06,2025-10-04,48,48,0,8.87,Received
PO-480086,59,SUP-104,B000214,YUL5,2025-09-26,2025-10-06,2025-10-04,96,96,1,9.98,Received
PO-480086,56,SUP-104,B000256,YWG2,2025-09-26,2025-10-06,2025-10-04,96,96,0,17.41,Received
PO-480086,58,SUP-104,B000290,YVR2,2025-09-26,2025-10-06,2025-10-04,1136,1136,10,2.29,Received
PO-480086,71,SUP-104,B000367,YUL5,2025-09-26,2025-10-06,2025-10-04,94,94,1,4.19,Received
PO-480086,69,SUP-104,B000371,YYZ4,2025-09-26,2025-10-06,2025-10-04,138,138,0,9.71,Received
PO-480086,62,SUP-104,B000388,YWG2,2025-09-26,2025-10-06,2025-10-04,66,66,1,19.55,Received
PO-480086,57,SUP-104,B000390,YHZ1,2025-09-26,2025-10-06,2025-10-04,525,442,1,10.78,Received
PO-480086,64,SUP-104,B000412,YHZ1,2025-09-26,2025-10-06,2025-10-04,1434,1344,8,5.35,Received
PO-480086,68,SUP-104,B000417,YYC1,2025-09-26,2025-10-06,2025-10-04,18,18,0,17.43,Received
PO-480249,62,SUP-111,B000007,YWG2,2025-09-26,2025-10-03,2025-10-03,4909,4909,12,5.45,Received
PO-480249,65,SUP-111,B000065,YYZ4,2025-09-26,2025-10-03,2025-10-03,240,240,1,8.16,Received
PO-480249,59,SUP-111,B000072,YEG3,2025-09-26,2025-10-03,2025-10-03,84,84,0,16.47,Received
PO-480249,60,SUP-111,B000109,YYZ4,2025-09-26,2025-10-03,2025-10-03,84,84,0,27.2,Received
PO-480249,66,SUP-111,B000122,YVR2,2025-09-26,2025-10-03,2025-10-03,142,142,0,13.42,Received
PO-480249,58,SUP-111,B000123,YUL5,2025-09-26,2025-10-03,2025-10-03,312,312,1,11.77,Received
PO-480249,57,SUP-111,B000187,YUL5,2025-09-26,2025-10-03,2025-10-03,192,192,1,18.92,Received
PO-480249,64,SUP-111,B000191,YVR2,2025-09-26,2025-10-03,2025-10-03,5,5,0,12.14,Received
PO-480249,63,SUP-111,B000215,YYC1,2025-09-26,2025-10-03,2025-10-03,156,156,0,17.08,Received
PO-480249,61,SUP-111,B000218,YUL5,2025-09-26,2025-10-03,2025-10-03,72,72,0,3.34,Received
PO-480249,67,SUP-111,B000232,YYC1,2025-09-26,2025-10-03,2025-10-03,49,49,0,7.58,Received
PO-480480,19,SUP-120,B000012,YYZ4,2025-09-26,2025-10-02,2025-10-03,36,29,0,9.46,Received
PO-480480,17,SUP-120,B000052,YUL5,2025-09-26,2025-10-02,2025-10-03,191,191,0,3.12,Received
PO-480480,12,SUP-120,B000130,YYZ4,2025-09-26,2025-10-02,2025-10-03,36,36,0,4.08,Received
PO-480480,16,SUP-120,B000197,YYZ4,2025-09-26,2025-10-02,2025-10-03,48,48,0,7.26,Received
PO-480480,21,SUP-120,B000199,YWG2,2025-09-26,2025-10-02,2025-10-03,152,152,0,17.21,Received
PO-480480,20,SUP-120,B000250,YYC1,2025-09-26,2025-10-02,2025-10-03,192,192,0,3.15,Received
PO-480480,14,SUP-120,B000269,YYC1,2025-09-26,2025-10-02,2025-10-03,24,24,0,2.24,Received
PO-480480,18,SUP-120,B000310,YEG3,2025-09-26,2025-10-02,2025-10-03,188,188,0,2.96,Received
PO-480480,22,SUP-120,B000321,YWG2,2025-09-26,2025-10-02,2025-10-03,40,40,0,8.49,Received
PO-480480,15,SUP-120,B000338,YYZ4,2025-09-26,2025-10-02,2025-10-03,456,456,1,3.88,Received
PO-480480,13,SUP-120,B000365,YUL5,2025-09-26,2025-10-02,2025-10-03,114,108,0,4.97,Received
PO-480006,61,SUP-101,B000031,YYC1,2025-09-27,2025-11-08,2025-11-25,1656,1656,13,50.63,Received
PO-480006,53,SUP-101,B000096,YYZ4,2025-09-27,2025-11-08,2025-11-25,20,20,0,125.28,Received
PO-480006,55,SUP-101,B000132,YHZ1,2025-09-27,2025-11-08,2025-11-25,504,504,1,36.4,Received
PO-480006,60,SUP-101,B000160,YUL5,2025-09-27,2025-11-08,2025-11-25,734,734,10,152.23,Received
PO-480006,62,SUP-101,B000163,YYZ4,2025-09-27,2025-11-08,2025-11-25,24,24,1,17.6,Received
PO-480006,52,SUP-101,B000180,YUL5,2025-09-27,2025-11-08,2025-11-25,180,149,6,87.04,Received
PO-480006,63,SUP-101,B000207,YYZ4,2025-09-27,2025-11-08,2025-11-25,29,29,0,27.3,Received
PO-480006,56,SUP-101,B000261,YYZ4,2025-09-27,2025-11-08,2025-11-25,522,522,18,61.04,Received
PO-480006,59,SUP-101,B000275,YYC1,2025-09-27,2025-11-08,2025-11-25,1,1,0,27.48,Received
PO-480006,64,SUP-101,B000279,YHZ1,2025-09-27,2025-11-08,2025-11-25,60,60,0,30.79,Received
PO-480006,57,SUP-101,B000305,YUL5,2025-09-27,2025-11-08,2025-11-25,932,932,35,13.63,Received
PO-480006,58,SUP-101,B000364,YEG3,2025-09-27,2025-11-08,2025-11-25,96,96,3,60.7,Received
PO-480006,54,SUP-101,B000366,YHZ1,2025-09-27,2025-11-08,2025-11-25,344,344,11,36.73,Received
PO-480006,65,SUP-101,B000385,YUL5,2025-09-27,2025-11-08,2025-11-25,440,440,14,19.7,Received
PO-480121,43,SUP-105,B000016,YYZ4,2025-09-27,2025-10-06,2025-10-03,528,528,2,22.7,Received
PO-480121,45,SUP-105,B000023,YYZ4,2025-09-27,2025-10-06,2025-10-03,40,40,0,55.53,Received
PO-480121,42,SUP-105,B000025,YVR2,2025-09-27,2025-10-06,2025-10-03,32,32,0,34.44,Received
PO-480121,51,SUP-105,B000043,YHZ1,2025-09-27,2025-10-06,2025-10-03,12,10,0,81.24,Received
PO-480121,50,SUP-105,B000071,YYZ4,2025-09-27,2025-10-06,2025-10-03,48,42,0,52.68,Received
PO-480121,48,SUP-105,B000092,YYZ4,2025-09-27,2025-10-06,2025-10-03,48,48,0,37.96,Received
PO-480121,36,SUP-105,B000097,YYC1,2025-09-27,2025-10-06,2025-10-03,48,48,0,48.69,Received
PO-480121,44,SUP-105,B000153,YWG2,2025-09-27,2025-10-06,2025-10-03,612,612,3,9.61,Received
PO-480121,46,SUP-105,B000213,YYZ4,2025-09-27,2025-10-06,2025-10-03,704,704,0,46.02,Received
PO-480121,41,SUP-105,B000216,YYZ4,2025-09-27,2025-10-06,2025-10-03,108,108,1,49.89,Received
PO-480121,49,SUP-105,B000259,YHZ1,2025-09-27,2025-10-06,2025-10-03,53,51,0,17.17,Received
PO-480121,35,SUP-105,B000263,YHZ1,2025-09-27,2025-10-06,2025-10-03,640,640,2,50.34,Received
PO-480121,38,SUP-105,B000284,YWG2,2025-09-27,2025-10-06,2025-10-03,566,566,1,19.61,Received
PO-480121,39,SUP-105,B000308,YYZ4,2025-09-27,2025-10-06,2025-10-03,168,168,1,10.93,Received
PO-480121,52,SUP-105,B000320,YVR2,2025-09-27,2025-10-06,2025-10-03,108,108,0,15.12,Received
PO-480121,40,SUP-105,B000369,YEG3,2025-09-27,2025-10-06,2025-10-03,48,48,0,12.66,Received
PO-480121,47,SUP-105,B000380,YYZ4,2025-09-27,2025-10-06,2025-10-03,168,168,1,31.53,Received
PO-480121,37,SUP-105,B000410,YHZ1,2025-09-27,2025-10-06,2025-10-03,96,96,0,31.02,Received
PO-480449,86,SUP-119,B000013,YVR2,2025-09-27,2025-10-27,2025-10-21,96,96,0,7.12,Received
PO-480449,90,SUP-119,B000032,YWG2,2025-09-27,2025-10-27,2025-10-21,54,54,1,10.45,Received
PO-480449,91,SUP-119,B000125,YYZ4,2025-09-27,2025-10-27,2025-10-21,48,48,1,8.87,Received
PO-480449,87,SUP-119,B000159,YVR2,2025-09-27,2025-10-27,2025-10-21,288,288,7,5.08,Received
PO-480449,89,SUP-119,B000206,YYZ4,2025-09-27,2025-10-27,2025-10-21,80,80,1,15.92,Received
PO-480449,88,SUP-119,B000331,YYC1,2025-09-27,2025-10-27,2025-10-21,12,12,0,5.86,Received
PO-480250,69,SUP-111,B000005,YYC1,2025-09-28,2025-10-05,2025-10-06,60,60,0,11.5,Received
PO-480250,76,SUP-111,B000015,YEG3,2025-09-28,2025-10-05,2025-10-06,72,72,0,3.74,Received
PO-480250,74,SUP-111,B000019,YWG2,2025-09-28,2025-10-05,2025-10-06,372,372,0,12.51,Received
PO-480250,72,SUP-111,B000065,YYC1,2025-09-28,2025-10-05,2025-10-06,40,40,0,8.16,Received
PO-480250,75,SUP-111,B000102,YWG2,2025-09-28,2025-10-05,2025-10-06,604,604,3,4.23,Received
PO-480250,73,SUP-111,B000123,YVR2,2025-09-28,2025-10-05,2025-10-06,48,48,0,11.77,Received
PO-480250,70,SUP-111,B000145,YHZ1,2025-09-28,2025-10-05,2025-10-06,48,43,0,13.18,Received
PO-480250,77,SUP-111,B000215,YEG3,2025-09-28,2025-10-05,2025-10-06,384,329,0,17.08,Received
PO-480250,68,SUP-111,B000351,YEG3,2025-09-28,2025-10-05,2025-10-06,696,696,0,7.71,Received
PO-480250,71,SUP-111,B000404,YUL5,2025-09-28,2025-10-05,2025-10-06,800,800,3,6.26,Received
PO-480196,47,SUP-108,B000084,YVR2,2025-09-30,2025-11-07,2025-11-13,144,144,2,10.08,Received
PO-480196,45,SUP-108,B000226,YUL5,2025-09-30,2025-11-07,2025-11-13,516,448,1,18.36,Received
PO-480196,50,SUP-108,B000254,YHZ1,2025-09-30,2025-11-07,2025-11-13,648,648,14,7.63,Received
PO-480196,44,SUP-108,B000268,YYZ4,2025-09-30,2025-11-07,2025-11-13,25,25,1,24.53,Received
PO-480196,46,SUP-108,B000299,YUL5,2025-09-30,2025-11-07,2025-11-13,408,408,1,8.34,Received
PO-480196,51,SUP-108,B000313,YHZ1,2025-09-30,2025-11-07,2025-11-13,664,664,7,19.4,Received
PO-480196,49,SUP-108,B000332,YWG2,2025-09-30,2025-11-07,2025-11-13,248,248,5,37.15,Received
PO-480196,48,SUP-108,B000397,YUL5,2025-09-30,2025-11-07,2025-11-13,200,200,2,29.7,Received
PO-480388,71,SUP-116,B000164,YYZ4,2025-09-30,2025-11-04,2025-10-30,88,70,0,52.28,Received
PO-480388,68,SUP-116,B000185,YUL5,2025-09-30,2025-11-04,2025-10-30,432,432,1,23.78,Received
PO-480388,74,SUP-116,B000228,YVR2,2025-09-30,2025-11-04,2025-10-30,648,648,4,51.13,Received
PO-480388,75,SUP-116,B000318,YUL5,2025-09-30,2025-11-04,2025-10-30,284,284,1,27.75,Received
PO-480388,76,SUP-116,B000335,YUL5,2025-09-30,2025-11-04,2025-10-30,408,408,0,57.26,Received
PO-480388,72,SUP-116,B000358,YYC1,2025-09-30,2025-11-04,2025-10-30,49,49,0,85.05,Received
PO-480388,73,SUP-116,B000360,YEG3,2025-09-30,2025-11-04,2025-10-30,20,20,0,13.52,Received
PO-480388,77,SUP-116,B000375,YVR2,2025-09-30,2025-11-04,2025-10-30,396,340,1,81.72,Received
PO-480388,70,SUP-116,B000384,YYZ4,2025-09-30,2025-11-04,2025-10-30,101,101,0,152.21,Received
PO-480388,69,SUP-116,B000401,YYZ4,2025-09-30,2025-11-04,2025-10-30,85,73,0,26.64,Received
PO-480017,96,SUP-102,B000001,YYC1,2025-10-01,2025-11-16,2025-11-11,624,624,31,32.03,Received
PO-480017,92,SUP-102,B000011,YYZ4,2025-10-01,2025-11-16,2025-11-11,80,80,4,29.3,Received
PO-480017,98,SUP-102,B000046,YYC1,2025-10-01,2025-11-16,2025-11-11,540,540,4,14.59,Received
PO-480017,93,SUP-102,B000048,YYC1,2025-10-01,2025-11-16,2025-11-11,612,612,9,31.84,Received
PO-480017,94,SUP-102,B000074,YYZ4,2025-10-01,2025-11-16,2025-11-11,1214,1017,56,11.14,Received
PO-480017,97,SUP-102,B000075,YWG2,2025-10-01,2025-11-16,2025-11-11,1948,1948,79,56.39,Received
PO-480017,84,SUP-102,B000080,YUL5,2025-10-01,2025-11-16,2025-11-11,224,224,11,21.75,Received
PO-480017,85,SUP-102,B000089,YUL5,2025-10-01,2025-11-16,2025-11-11,264,264,11,29.26,Received
PO-480017,90,SUP-102,B000090,YYZ4,2025-10-01,2025-11-16,2025-11-11,1536,1536,50,30.31,Received
PO-480017,91,SUP-102,B000236,YUL5,2025-10-01,2025-11-16,2025-11-11,408,408,21,6.13,Received
PO-480017,89,SUP-102,B000280,YYC1,2025-10-01,2025-11-16,2025-11-11,3528,3528,107,18.32,Received
PO-480017,1,SUP-102,B000306,YEG3,2025-10-01,2025-11-16,2025-11-11,1512,1512,30,64.71,Received
PO-480017,99,SUP-102,B000346,YVR2,2025-10-01,2025-11-16,2025-11-11,1159,909,17,26.44,Received
PO-480017,87,SUP-102,B000355,YYZ4,2025-10-01,2025-11-16,2025-11-11,78,78,0,14.03,Received
PO-480017,2,SUP-102,B000373,YEG3,2025-10-01,2025-11-16,2025-11-11,440,440,12,146.03,Received
PO-480017,88,SUP-102,B000381,YUL5,2025-10-01,2025-11-16,2025-11-11,924,924,48,8.46,Received
PO-480017,86,SUP-102,B000391,YYZ4,2025-10-01,2025-11-16,2025-11-11,1590,1590,68,28.53,Received
PO-480017,95,SUP-102,B000396,YUL5,2025-10-01,2025-11-16,2025-11-11,254,254,7,39.28,Received
PO-480410,23,SUP-117,B000004,YYZ4,2025-10-02,2025-11-11,2025-11-19,5,4,0,9.82,Received
PO-480410,27,SUP-117,B000036,YUL5,2025-10-02,2025-11-11,2025-11-19,265,265,4,29.55,Received
PO-480410,25,SUP-117,B000058,YUL5,2025-10-02,2025-11-11,2025-11-19,504,448,1,12.88,Received
PO-480410,33,SUP-117,B000162,YUL5,2025-10-02,2025-11-11,2025-11-19,192,192,3,11.86,Received
PO-480410,28,SUP-117,B000169,YUL5,2025-10-02,2025-11-11,2025-11-19,5460,5460,23,31.28,Received
PO-480410,22,SUP-117,B000172,YYZ4,2025-10-02,2025-11-11,2025-11-19,96,96,2,5.51,Received
PO-480410,26,SUP-117,B000177,YWG2,2025-10-02,2025-11-11,2025-11-19,684,684,16,2.41,Received
PO-480410,32,SUP-117,B000188,YHZ1,2025-10-02,2025-11-11,2025-11-19,24,24,0,8.95,Received
PO-480410,24,SUP-117,B000217,YHZ1,2025-10-02,2025-11-11,2025-11-19,64,64,1,37.59,Received
PO-480410,21,SUP-117,B000253,YVR2,2025-10-02,2025-11-11,2025-11-19,1512,1512,38,5.33,Received
PO-480410,31,SUP-117,B000265,YYC1,2025-10-02,2025-11-11,2025-11-19,2256,2256,73,5.9,Received
PO-480410,29,SUP-117,B000400,YYZ4,2025-10-02,2025-11-11,2025-11-19,192,192,2,7.68,Received
PO-480410,30,SUP-117,B000402,YYZ4,2025-10-02,2025-11-11,2025-11-19,117,111,2,12.23,Received
PO-480156,66,SUP-106,B000033,YEG3,2025-10-04,2025-10-28,2025-11-06,78,78,1,25.32,Received
PO-480156,70,SUP-106,B000037,YEG3,2025-10-04,2025-10-28,2025-11-06,96,96,3,22.46,Received
PO-480156,56,SUP-106,B000066,YUL5,2025-10-04,2025-10-28,2025-11-06,1032,1032,23,24.86,Received
PO-480156,55,SUP-106,B000098,YYZ4,2025-10-04,2025-10-28,2025-11-06,24,24,0,13.55,Received
PO-480156,67,SUP-106,B000127,YYZ4,2025-10-04,2025-10-28,2025-11-06,78,78,2,15.81,Received
PO-480156,62,SUP-106,B000142,YYZ4,2025-10-04,2025-10-28,2025-11-06,84,84,2,12.57,Received
PO-480156,60,SUP-106,B000239,YVR2,2025-10-04,2025-10-28,2025-11-06,96,96,0,12.84,Received
PO-480156,57,SUP-106,B000255,YHZ1,2025-10-04,2025-10-28,2025-11-06,24,24,0,18.41,Received
PO-480156,69,SUP-106,B000288,YWG2,2025-10-04,2025-10-28,2025-11-06,156,156,2,9.3,Received
PO-480156,58,SUP-106,B000294,YYZ4,2025-10-04,2025-10-28,2025-11-06,696,696,4,42.52,Received
PO-480156,61,SUP-106,B000301,YYC1,2025-10-04,2025-10-28,2025-11-06,328,328,3,37.32,Received
PO-480156,59,SUP-106,B000307,YUL5,2025-10-04,2025-10-28,2025-11-06,12,12,0,10.55,Received
PO-480156,65,SUP-106,B000309,YHZ1,2025-10-04,2025-10-28,2025-11-06,416,416,5,6.6,Received
PO-480156,63,SUP-106,B000316,YUL5,2025-10-04,2025-10-28,2025-11-06,96,96,0,11.05,Received
PO-480156,64,SUP-106,B000319,YYZ4,2025-10-04,2025-10-28,2025-11-06,120,120,3,45.53,Received
PO-480156,71,SUP-106,B000378,YVR2,2025-10-04,2025-10-28,2025-11-06,14586,14586,230,9.25,Received
PO-480156,68,SUP-106,B000383,YUL5,2025-10-04,2025-10-28,2025-11-06,1192,1192,1,12.08,Received
PO-480251,79,SUP-111,B000019,YUL5,2025-10-06,2025-10-13,2025-10-16,323,323,1,12.51,Received
PO-480251,80,SUP-111,B000072,YEG3,2025-10-06,2025-10-13,2025-10-16,500,500,2,16.47,Received
PO-480251,81,SUP-111,B000123,YUL5,2025-10-06,2025-10-13,2025-10-16,264,230,0,11.77,Received
PO-480251,82,SUP-111,B000218,YUL5,2025-10-06,2025-10-13,2025-10-16,448,448,1,3.34,Received
PO-480251,78,SUP-111,B000283,YYC1,2025-10-06,2025-10-13,2025-10-16,1032,1032,4,5.71,Received
PO-480251,83,SUP-111,B000404,YUL5,2025-10-06,2025-10-13,2025-10-16,240,240,0,6.26,Received
PO-480481,23,SUP-120,B000008,YEG3,2025-10-06,2025-10-12,2025-10-12,384,384,1,3.7,Received
PO-480481,30,SUP-120,B000012,YUL5,2025-10-06,2025-10-12,2025-10-12,80,80,0,9.46,Received
PO-480481,24,SUP-120,B000052,YYZ4,2025-10-06,2025-10-12,2025-10-12,156,144,0,3.12,Received
PO-480481,28,SUP-120,B000130,YUL5,2025-10-06,2025-10-12,2025-10-12,144,144,0,4.08,Received
PO-480481,29,SUP-120,B000195,YVR2,2025-10-06,2025-10-12,2025-10-12,56,56,0,6.65,Received
PO-480481,34,SUP-120,B000210,YYZ4,2025-10-06,2025-10-12,2025-10-12,264,264,1,2.12,Received
PO-480481,32,SUP-120,B000250,YYC1,2025-10-06,2025-10-12,2025-10-12,92,84,0,3.15,Received
PO-480481,31,SUP-120,B000269,YYC1,2025-10-06,2025-10-12,2025-10-12,24,24,0,2.24,Received
PO-480481,25,SUP-120,B000310,YEG3,2025-10-06,2025-10-12,2025-10-12,152,152,0,2.96,Received
PO-480481,33,SUP-120,B000321,YYZ4,2025-10-06,2025-10-12,2025-10-12,56,56,0,8.49,Received
PO-480481,27,SUP-120,B000338,YHZ1,2025-10-06,2025-10-12,2025-10-12,224,224,1,3.88,Received
PO-480481,26,SUP-120,B000365,YUL5,2025-10-06,2025-10-12,2025-10-12,84,74,0,4.97,Received
PO-480432,97,SUP-118,B000069,YYC1,2025-10-07,2025-11-08,2025-10-27,156,156,2,11.1,Received
PO-480432,94,SUP-118,B000108,YHZ1,2025-10-07,2025-11-08,2025-10-27,9212,9212,78,27.52,Received
PO-480432,96,SUP-118,B000110,YVR2,2025-10-07,2025-11-08,2025-10-27,220,220,1,27.06,Received
PO-480432,89,SUP-118,B000124,YHZ1,2025-10-07,2025-11-08,2025-10-27,48,48,1,19.28,Received
PO-480432,98,SUP-118,B000155,YYZ4,2025-10-07,2025-11-08,2025-10-27,32,32,0,16.62,Received
PO-480432,95,SUP-118,B000156,YEG3,2025-10-07,2025-11-08,2025-10-27,504,504,1,14.32,Received
PO-480432,92,SUP-118,B000166,YWG2,2025-10-07,2025-11-08,2025-10-27,576,576,8,22.72,Received
PO-480432,93,SUP-118,B000221,YUL5,2025-10-07,2025-11-08,2025-10-27,31,31,0,45.14,Received
PO-480432,2,SUP-118,B000230,YWG2,2025-10-07,2025-11-08,2025-10-27,64,64,1,10.67,Received
PO-480432,1,SUP-118,B000243,YUL5,2025-10-07,2025-11-08,2025-10-27,172,172,2,45.01,Received
PO-480432,99,SUP-118,B000330,YVR2,2025-10-07,2025-11-08,2025-10-27,2064,2064,2,34.27,Received
PO-480432,91,SUP-118,B000340,YYZ4,2025-10-07,2025-11-08,2025-10-27,72,72,0,41.74,Received
PO-480432,90,SUP-118,B000398,YYZ4,2025-10-07,2025-11-08,2025-10-27,142,142,2,25.87,Received
PO-480389,79,SUP-116,B000179,YVR2,2025-10-10,2025-11-14,2025-11-07,198,198,1,62.15,Received
PO-480389,87,SUP-116,B000185,YYZ4,2025-10-10,2025-11-14,2025-11-07,1296,1296,8,23.78,Received
PO-480389,85,SUP-116,B000223,YYZ4,2025-10-10,2025-11-14,2025-11-07,120,120,1,48.99,Received
PO-480389,84,SUP-116,B000228,YEG3,2025-10-10,2025-11-14,2025-11-07,192,175,1,51.13,Received
PO-480389,81,SUP-116,B000234,YYC1,2025-10-10,2025-11-14,2025-11-07,56,56,0,68.84,Received
PO-480389,82,SUP-116,B000240,YUL5,2025-10-10,2025-11-14,2025-11-07,480,416,1,9.44,Received
PO-480389,86,SUP-116,B000318,YYC1,2025-10-10,2025-11-14,2025-11-07,84,84,0,27.75,Received
PO-480389,78,SUP-116,B000335,YEG3,2025-10-10,2025-11-14,2025-11-07,208,208,0,57.26,Received
PO-480389,80,SUP-116,B000358,YYC1,2025-10-10,2025-11-14,2025-11-07,98,98,0,85.05,Received
PO-480389,83,SUP-116,B000401,YYZ4,2025-10-10,2025-11-14,2025-11-07,133,133,1,26.64,Received
PO-480507,23,SUP-121,B000045,YYZ4,2025-10-13,2025-12-02,2025-11-26,60,60,4,57.92,Received
PO-480507,21,SUP-121,B000161,YUL5,2025-10-13,2025-12-02,2025-11-26,441,441,4,20.9,Received
PO-480507,22,SUP-121,B000174,YWG2,2025-10-13,2025-12-02,2025-11-26,243,236,5,29.82,Received
PO-480507,24,SUP-121,B000220,YYC1,2025-10-13,2025-12-02,2025-11-26,72,72,1,19.35,Received
PO-480507,20,SUP-121,B000323,YVR2,2025-10-13,2025-12-02,2025-11-26,37,34,0,11.42,Received
PO-480507,26,SUP-121,B000392,YVR2,2025-10-13,2025-12-02,2025-11-26,988,988,38,42.02,Received
PO-480507,25,SUP-121,B000408,YVR2,2025-10-13,2025-12-02,2025-11-26,72,64,0,43.76,Received
PO-480507,19,SUP-121,B000409,YYZ4,2025-10-13,2025-12-02,2025-11-26,468,468,15,15.72,Received
PO-480197,53,SUP-108,B000084,YWG2,2025-10-14,2025-11-21,2025-12-01,192,181,4,10.08,Received
PO-480197,57,SUP-108,B000144,YEG3,2025-10-14,2025-11-21,2025-12-01,1188,1188,28,16.5,Received
PO-480197,58,SUP-108,B000226,YUL5,2025-10-14,2025-11-21,2025-12-01,300,300,5,18.36,Received
PO-480197,56,SUP-108,B000254,YVR2,2025-10-14,2025-11-21,2025-12-01,120,120,2,7.63,Received
PO-480197,60,SUP-108,B000268,YYZ4,2025-10-14,2025-11-21,2025-12-01,93,89,2,24.53,Received
PO-480197,55,SUP-108,B000299,YUL5,2025-10-14,2025-11-21,2025-12-01,64,64,2,8.34,Received
PO-480197,54,SUP-108,B000313,YYZ4,2025-10-14,2025-11-21,2025-12-01,664,664,15,19.4,Received
PO-480197,52,SUP-108,B000332,YWG2,2025-10-14,2025-11-21,2025-12-01,896,896,18,37.15,Received
PO-480197,59,SUP-108,B000397,YYZ4,2025-10-14,2025-11-21,2025-12-01,112,112,1,29.7,Received
PO-480224,38,SUP-110,B000020,YVR2,2025-10-14,2025-11-19,2025-12-10,192,170,8,26.71,Received
PO-480224,37,SUP-110,B000103,YYC1,2025-10-14,2025-11-19,2025-12-10,96,96,4,12.96,Received
PO-480224,40,SUP-110,B000184,YVR2,2025-10-14,2025-11-19,2025-12-10,464,464,15,18.21,Received
PO-480224,41,SUP-110,B000344,YYZ4,2025-10-14,2025-11-19,2025-12-10,134,134,3,25.74,Received
PO-480224,36,SUP-110,B000347,YYC1,2025-10-14,2025-11-19,2025-12-10,172,172,1,8.39,Received
PO-480224,39,SUP-110,B000407,YUL5,2025-10-14,2025-11-19,2025-12-10,688,688,27,13.84,Received
PO-480224,42,SUP-110,B000411,YUL5,2025-10-14,2025-11-19,2025-12-10,72,72,3,16.13,Received
PO-480286,21,SUP-112,B000086,YYZ4,2025-10-15,2025-10-29,2025-11-02,76,76,0,8.8,Received
PO-480286,18,SUP-112,B000087,YYZ4,2025-10-15,2025-10-29,2025-11-02,288,288,3,35.54,Received
PO-480286,24,SUP-112,B000118,YHZ1,2025-10-15,2025-10-29,2025-11-02,1176,1176,1,14.9,Received
PO-480286,22,SUP-112,B000146,YWG2,2025-10-15,2025-10-29,2025-11-02,344,344,3,22.0,Received
PO-480286,17,SUP-112,B000151,YYC1,2025-10-15,2025-10-29,2025-11-02,682,682,7,10.75,Received
PO-480286,25,SUP-112,B000189,YYC1,2025-10-15,2025-10-29,2025-11-02,172,172,3,11.62,Received
PO-480286,27,SUP-112,B000192,YYC1,2025-10-15,2025-10-29,2025-11-02,14,14,0,35.26,Received
PO-480286,29,SUP-112,B000204,YUL5,2025-10-15,2025-10-29,2025-11-02,108,105,1,25.35,Received
PO-480286,19,SUP-112,B000242,YHZ1,2025-10-15,2025-10-29,2025-11-02,504,485,2,7.44,Received
PO-480286,23,SUP-112,B000286,YYC1,2025-10-15,2025-10-29,2025-11-02,456,456,6,43.29,Received
PO-480286,20,SUP-112,B000292,YYC1,2025-10-15,2025-10-29,2025-11-02,70,70,1,32.23,Received
PO-480286,28,SUP-112,B000296,YYC1,2025-10-15,2025-10-29,2025-11-02,24,24,0,28.09,Received
PO-480286,16,SUP-112,B000304,YEG3,2025-10-15,2025-10-29,2025-11-02,319,319,0,13.26,Received
PO-480286,26,SUP-112,B000354,YYC1,2025-10-15,2025-10-29,2025-11-02,168,168,2,3.98,Received
PO-480286,31,SUP-112,B000357,YHZ1,2025-10-15,2025-10-29,2025-11-02,176,176,0,2.48,Received
PO-480286,30,SUP-112,B000416,YYZ4,2025-10-15,2025-10-29,2025-11-02,150,150,1,26.43,Received
PO-480018,16,SUP-102,B000001,YUL5,2025-10-17,2025-12-02,2025-12-24,516,516,20,32.03,Received
PO-480018,8,SUP-102,B000046,YYC1,2025-10-17,2025-12-02,2025-12-24,456,456,19,14.59,Received
PO-480018,4,SUP-102,B000048,YYZ4,2025-10-17,2025-12-02,2025-12-24,324,324,12,31.84,Received
PO-480018,6,SUP-102,B000080,YUL5,2025-10-17,2025-12-02,2025-12-24,93,93,1,21.75,Received
PO-480018,3,SUP-102,B000115,YEG3,2025-10-17,2025-12-02,2025-12-24,336,336,4,32.44,Received
PO-480018,10,SUP-102,B000131,YVR2,2025-10-17,2025-12-02,2025-12-24,128,128,2,72.17,Received
PO-480018,11,SUP-102,B000208,YWG2,2025-10-17,2025-12-02,2025-12-24,84,84,2,18.0,Received
PO-480018,13,SUP-102,B000236,YUL5,2025-10-17,2025-12-02,2025-12-24,462,420,12,6.13,Received
PO-480018,14,SUP-102,B000280,YYC1,2025-10-17,2025-12-02,2025-12-24,1920,1920,104,18.32,Received
PO-480018,5,SUP-102,B000317,YVR2,2025-10-17,2025-12-02,2025-12-24,56,56,2,16.4,Received
PO-480018,12,SUP-102,B000322,YUL5,2025-10-17,2025-12-02,2025-12-24,336,336,6,12.01,Received
PO-480018,15,SUP-102,B000355,YYZ4,2025-10-17,2025-12-02,2025-12-24,330,330,1,14.03,Received
PO-480018,7,SUP-102,B000381,YVR2,2025-10-17,2025-12-02,2025-12-24,534,534,24,8.46,Received
PO-480018,9,SUP-102,B000396,YUL5,2025-10-17,2025-12-02,2025-12-24,89,89,5,39.28,Received
PO-480482,37,SUP-120,B000008,YUL5,2025-10-17,2025-10-23,2025-10-23,108,108,0,3.7,Received
PO-480482,48,SUP-120,B000012,YEG3,2025-10-17,2025-10-23,2025-10-23,328,328,1,9.46,Received
PO-480482,41,SUP-120,B000052,YEG3,2025-10-17,2025-10-23,2025-10-23,83,83,0,3.12,Received
PO-480482,38,SUP-120,B000130,YYZ4,2025-10-17,2025-10-23,2025-10-23,60,60,0,4.08,Received
PO-480482,40,SUP-120,B000195,YVR2,2025-10-17,2025-10-23,2025-10-23,16,16,0,6.65,Received
PO-480482,45,SUP-120,B000196,YYZ4,2025-10-17,2025-10-23,2025-10-23,7,7,0,7.3,Received
PO-480482,39,SUP-120,B000197,YUL5,2025-10-17,2025-10-23,2025-10-23,72,69,0,7.26,Received
PO-480482,36,SUP-120,B000199,YYC1,2025-10-17,2025-10-23,2025-10-23,124,124,0,17.21,Received
PO-480482,44,SUP-120,B000210,YEG3,2025-10-17,2025-10-23,2025-10-23,252,237,0,2.12,Received
PO-480482,49,SUP-120,B000250,YHZ1,2025-10-17,2025-10-23,2025-10-23,60,60,0,3.15,Received
PO-480482,42,SUP-120,B000269,YYZ4,2025-10-17,2025-10-23,2025-10-23,24,24,0,2.24,Received
PO-480482,35,SUP-120,B000310,YYZ4,2025-10-17,2025-10-23,2025-10-23,344,344,2,2.96,Received
PO-480482,47,SUP-120,B000321,YWG2,2025-10-17,2025-10-23,2025-10-23,104,104,0,8.49,Received
PO-480482,43,SUP-120,B000338,YYZ4,2025-10-17,2025-10-23,2025-10-23,312,286,0,3.88,Received
PO-480482,46,SUP-120,B000365,YVR2,2025-10-17,2025-10-23,2025-10-23,150,150,0,4.97,Received
PO-480225,52,SUP-110,B000020,YVR2,2025-10-19,2025-11-24,2025-12-16,24,24,0,26.71,Received
PO-480225,46,SUP-110,B000038,YWG2,2025-10-19,2025-11-24,2025-12-16,48,48,0,29.94,Received
PO-480225,45,SUP-110,B000050,YEG3,2025-10-19,2025-11-24,2025-12-16,120,120,0,10.46,Received
PO-480225,56,SUP-110,B000055,YUL5,2025-10-19,2025-11-24,2025-12-16,36,36,2,23.61,Received
PO-480225,55,SUP-110,B000082,YUL5,2025-10-19,2025-11-24,2025-12-16,4788,4788,44,43.59,Received
PO-480225,48,SUP-110,B000103,YYZ4,2025-10-19,2025-11-24,2025-12-16,384,384,15,12.96,Received
PO-480225,50,SUP-110,B000113,YUL5,2025-10-19,2025-11-24,2025-12-16,384,384,12,5.59,Received
PO-480225,47,SUP-110,B000158,YVR2,2025-10-19,2025-11-24,2025-12-16,80,80,0,23.4,Received
PO-480225,54,SUP-110,B000183,YYZ4,2025-10-19,2025-11-24,2025-12-16,198,198,6,21.45,Received
PO-480225,51,SUP-110,B000325,YVR2,2025-10-19,2025-11-24,2025-12-16,192,192,9,11.69,Received
PO-480225,49,SUP-110,B000347,YHZ1,2025-10-19,2025-11-24,2025-12-16,32,32,1,8.39,Received
PO-480225,53,SUP-110,B000363,YYZ4,2025-10-19,2025-11-24,2025-12-16,36,31,1,18.43,Received
PO-480225,43,SUP-110,B000407,YHZ1,2025-10-19,2025-11-24,2025-12-16,520,520,14,13.84,Received
PO-480225,44,SUP-110,B000411,YYZ4,2025-10-19,2025-11-24,2025-12-16,96,96,1,16.13,Received
PO-480019,23,SUP-102,B000011,YYZ4,2025-10-20,2025-12-05,2025-12-01,33,33,1,29.3,Received
PO-480019,27,SUP-102,B000046,YYC1,2025-10-20,2025-12-05,2025-12-01,744,744,13,14.59,Received
PO-480019,25,SUP-102,B000075,YUL5,2025-10-20,2025-12-05,2025-12-01,2294,2294,88,56.39,Received
PO-480019,19,SUP-102,B000080,YUL5,2025-10-20,2025-12-05,2025-12-01,69,69,0,21.75,Received
PO-480019,20,SUP-102,B000089,YEG3,2025-10-20,2025-12-05,2025-12-01,1152,1152,43,29.26,Received
PO-480019,17,SUP-102,B000115,YUL5,2025-10-20,2025-12-05,2025-12-01,576,576,7,32.44,Received
PO-480019,26,SUP-102,B000131,YVR2,2025-10-20,2025-12-05,2025-12-01,440,440,25,72.17,Received
PO-480019,21,SUP-102,B000190,YHZ1,2025-10-20,2025-12-05,2025-12-01,12744,12744,122,24.81,Received
PO-480019,22,SUP-102,B000208,YWG2,2025-10-20,2025-12-05,2025-12-01,204,204,5,18.0,Received
PO-480019,18,SUP-102,B000346,YYZ4,2025-10-20,2025-12-05,2025-12-01,1028,1028,5,26.44,Received
PO-480019,24,SUP-102,B000373,YHZ1,2025-10-20,2025-12-05,2025-12-01,180,180,7,146.03,Received
PO-480287,33,SUP-112,B000086,YUL5,2025-10-20,2025-11-03,2025-11-11,76,65,1,8.8,Received
PO-480287,35,SUP-112,B000224,YYC1,2025-10-20,2025-11-03,2025-11-11,1056,862,9,5.13,Received
PO-480287,36,SUP-112,B000249,YUL5,2025-10-20,2025-11-03,2025-11-11,48,48,1,24.19,Received
PO-480287,34,SUP-112,B000272,YVR2,2025-10-20,2025-11-03,2025-11-11,30,30,0,5.34,Received
PO-480287,37,SUP-112,B000296,YYC1,2025-10-20,2025-11-03,2025-11-11,24,24,0,28.09,Received
PO-480287,32,SUP-112,B000354,YYZ4,2025-10-20,2025-11-03,2025-11-11,192,192,2,3.98,Received
PO-480287,38,SUP-112,B000393,YWG2,2025-10-20,2025-11-03,2025-11-11,48,48,1,36.15,Received
PO-480483,57,SUP-120,B000008,YYZ4,2025-10-23,2025-10-29,2025-10-28,80,80,0,3.7,Received
PO-480483,53,SUP-120,B000012,YUL5,2025-10-23,2025-10-29,2025-10-28,192,192,0,9.46,Received
PO-480483,54,SUP-120,B000130,YVR2,2025-10-23,2025-10-29,2025-10-28,180,180,1,4.08,Received
PO-480483,56,SUP-120,B000195,YVR2,2025-10-23,2025-10-29,2025-10-28,16,16,0,6.65,Received
PO-480483,50,SUP-120,B000196,YYZ4,2025-10-23,2025-10-29,2025-10-28,4,4,0,7.3,Received
PO-480483,58,SUP-120,B000197,YVR2,2025-10-23,2025-10-29,2025-10-28,48,48,0,7.26,Received
PO-480483,55,SUP-120,B000199,YYC1,2025-10-23,2025-10-29,2025-10-28,244,244,0,17.21,Received
PO-480483,59,SUP-120,B000250,YYC1,2025-10-23,2025-10-29,2025-10-28,28,25,0,3.15,Received
PO-480483,52,SUP-120,B000321,YWG2,2025-10-23,2025-10-29,2025-10-28,24,24,0,8.49,Received
PO-480483,51,SUP-120,B000338,YUL5,2025-10-23,2025-10-29,2025-10-28,360,307,1,3.88,Received
PO-480521,62,SUP-122,B000003,YYZ4,2025-10-24,2025-11-24,2025-11-20,468,468,2,116.68,Received
PO-480521,61,SUP-122,B000067,YEG3,2025-10-24,2025-11-24,2025-11-20,576,576,5,26.62,Received
PO-480521,53,SUP-122,B000068,YUL5,2025-10-24,2025-11-24,2025-11-20,12,12,0,53.46,Received
PO-480521,60,SUP-122,B000141,YYC1,2025-10-24,2025-11-24,2025-11-20,572,572,2,44.89,Received
PO-480521,56,SUP-122,B000235,YYZ4,2025-10-24,2025-11-24,2025-11-20,24,24,0,59.11,Received
PO-480521,55,SUP-122,B000264,YEG3,2025-10-24,2025-11-24,2025-11-20,24,24,0,32.04,Received
PO-480521,58,SUP-122,B000271,YVR2,2025-10-24,2025-11-24,2025-11-20,64,64,0,23.34,Received
PO-480521,57,SUP-122,B000285,YYZ4,2025-10-24,2025-11-24,2025-11-20,38,38,0,99.56,Received
PO-480521,54,SUP-122,B000341,YHZ1,2025-10-24,2025-11-24,2025-11-20,1075,1075,7,57.14,Received
PO-480521,59,SUP-122,B000352,YVR2,2025-10-24,2025-11-24,2025-11-20,12,12,0,42.99,Received
PO-480179,67,SUP-107,B000014,YVR2,2025-10-28,2025-12-01,2025-11-22,240,221,1,22.31,Received
PO-480179,71,SUP-107,B000044,YYZ4,2025-10-28,2025-12-01,2025-11-22,138,133,1,49.42,Received
PO-480179,61,SUP-107,B000064,YVR2,2025-10-28,2025-12-01,2025-11-22,233,233,1,40.08,Received
PO-480179,65,SUP-107,B000085,YYZ4,2025-10-28,2025-12-01,2025-11-22,72,72,0,85.16,Received
PO-480179,70,SUP-107,B000104,YVR2,2025-10-28,2025-12-01,2025-11-22,210,210,1,16.04,Received
PO-480179,66,SUP-107,B000114,YYZ4,2025-10-28,2025-12-01,2025-11-22,252,252,2,74.15,Received
PO-480179,59,SUP-107,B000117,YEG3,2025-10-28,2025-12-01,2025-11-22,108,108,0,10.32,Received
PO-480179,62,SUP-107,B000148,YYZ4,2025-10-28,2025-12-01,2025-11-22,132,132,1,21.53,Received
PO-480179,63,SUP-107,B000173,YYZ4,2025-10-28,2025-12-01,2025-11-22,36,36,0,20.12,Received
PO-480179,68,SUP-107,B000200,YUL5,2025-10-28,2025-12-01,2025-11-22,88,88,1,42.44,Received
PO-480179,64,SUP-107,B000336,YEG3,2025-10-28,2025-12-01,2025-11-22,204,204,1,61.89,Received
PO-480179,69,SUP-107,B000350,YYZ4,2025-10-28,2025-12-01,2025-11-22,192,192,1,48.35,Received
PO-480179,58,SUP-107,B000356,YVR2,2025-10-28,2025-12-01,2025-11-22,210,210,0,30.35,Received
PO-480179,60,SUP-107,B000394,YUL5,2025-10-28,2025-12-01,2025-11-22,1932,1932,13,19.24,Received
PO-480288,41,SUP-112,B000146,YYZ4,2025-10-28,2025-11-11,2025-11-13,48,38,0,22.0,Received
PO-480288,45,SUP-112,B000167,YUL5,2025-10-28,2025-11-11,2025-11-13,48,47,1,7.6,Received
PO-480288,46,SUP-112,B000204,YYC1,2025-10-28,2025-11-11,2025-11-13,180,180,0,25.35,Received
PO-480288,39,SUP-112,B000286,YYC1,2025-10-28,2025-11-11,2025-11-13,60,47,1,43.29,Received
PO-480288,40,SUP-112,B000297,YYZ4,2025-10-28,2025-11-11,2025-11-13,17,17,0,20.76,Received
PO-480288,43,SUP-112,B000354,YUL5,2025-10-28,2025-11-11,2025-11-13,288,288,3,3.98,Received
PO-480288,42,SUP-112,B000357,YHZ1,2025-10-28,2025-11-11,2025-11-13,288,288,5,2.48,Received
PO-480288,44,SUP-112,B000393,YYC1,2025-10-28,2025-11-11,2025-11-13,288,288,5,36.15,Received
PO-480433,5,SUP-118,B000027,YWG2,2025-10-28,2025-11-29,2025-12-04,24,19,0,12.44,Received
PO-480433,11,SUP-118,B000083,YVR2,2025-10-28,2025-11-29,2025-12-04,701,701,12,25.64,Received
PO-480433,14,SUP-118,B000107,YYC1,2025-10-28,2025-11-29,2025-12-04,4386,4386,14,6.42,Received
PO-480433,10,SUP-118,B000108,YYZ4,2025-10-28,2025-11-29,2025-12-04,1445,1445,9,27.52,Received
PO-480433,12,SUP-118,B000110,YYC1,2025-10-28,2025-11-29,2025-12-04,432,432,3,27.06,Received
PO-480433,9,SUP-118,B000155,YYZ4,2025-10-28,2025-11-29,2025-12-04,163,163,3,16.62,Received
PO-480433,7,SUP-118,B000156,YHZ1,2025-10-28,2025-11-29,2025-12-04,450,450,7,14.32,Received
PO-480433,8,SUP-118,B000222,YYZ4,2025-10-28,2025-11-29,2025-12-04,108,108,1,12.18,Received
PO-480433,6,SUP-118,B000237,YYZ4,2025-10-28,2025-11-29,2025-12-04,60,60,1,34.69,Received
PO-480433,3,SUP-118,B000243,YWG2,2025-10-28,2025-11-29,2025-12-04,208,208,0,45.01,Received
PO-480433,13,SUP-118,B000311,YWG2,2025-10-28,2025-11-29,2025-12-04,49,49,1,23.78,Received
PO-480433,4,SUP-118,B000340,YYC1,2025-10-28,2025-11-29,2025-12-04,564,564,5,41.74,Received
PO-480325,74,SUP-113,B000059,YYZ4,2025-10-30,2025-11-15,2025-11-15,486,486,1,55.06,Received
PO-480325,70,SUP-113,B000063,YEG3,2025-10-30,2025-11-15,2025-11-15,164,164,1,20.49,Received
PO-480325,73,SUP-113,B000078,YYZ4,2025-10-30,2025-11-15,2025-11-15,18,18,0,172.65,Received
PO-480325,77,SUP-113,B000106,YYC1,2025-10-30,2025-11-15,2025-11-15,96,96,0,11.64,Received
PO-480325,71,SUP-113,B000135,YVR2,2025-10-30,2025-11-15,2025-11-15,48,48,1,13.09,Received
PO-480325,79,SUP-113,B000182,YEG3,2025-10-30,2025-11-15,2025-11-15,1408,1408,16,8.68,Received
PO-480325,76,SUP-113,B000298,YHZ1,2025-10-30,2025-11-15,2025-11-15,264,264,4,39.04,Received
PO-480325,80,SUP-113,B000326,YYZ4,2025-10-30,2025-11-15,2025-11-15,216,216,4,9.48,Received
PO-480325,72,SUP-113,B000334,YYZ4,2025-10-30,2025-11-15,2025-11-15,20,18,0,8.22,Received
PO-480325,78,SUP-113,B000395,YHZ1,2025-10-30,2025-11-15,2025-11-15,24,24,0,9.53,Received
PO-480325,75,SUP-113,B000419,YYZ4,2025-10-30,2025-11-15,2025-11-15,104,101,1,34.2,Received
PO-480045,51,SUP-103,B000000,YYZ4,2025-10-31,2025-11-12,2025-11-12,137,137,1,5.35,Received
PO-480045,65,SUP-103,B000024,YVR2,2025-10-31,2025-11-12,2025-11-12,1428,1428,1,24.8,Received
PO-480045,53,SUP-103,B000079,YYZ4,2025-10-31,2025-11-12,2025-11-12,152,152,2,12.85,Received
PO-480045,54,SUP-103,B000133,YYZ4,2025-10-31,2025-11-12,2025-11-12,8,8,0,15.18,Received
PO-480045,62,SUP-103,B000178,YHZ1,2025-10-31,2025-11-12,2025-11-12,2328,2328,3,27.42,Received
PO-480045,68,SUP-103,B000194,YYZ4,2025-10-31,2025-11-12,2025-11-12,32,32,0,12.16,Received
PO-480045,61,SUP-103,B000246,YVR2,2025-10-31,2025-11-12,2025-11-12,84,84,1,48.07,Received
PO-480045,66,SUP-103,B000273,YHZ1,2025-10-31,2025-11-12,2025-11-12,32,32,0,23.72,Received
PO-480045,57,SUP-103,B000278,YVR2,2025-10-31,2025-11-12,2025-11-12,24,24,0,38.05,Received
PO-480045,55,SUP-103,B000291,YVR2,2025-10-31,2025-11-12,2025-11-12,168,168,2,17.87,Received
PO-480045,67,SUP-103,B000295,YYZ4,2025-10-31,2025-11-12,2025-11-12,10,10,0,18.76,Received
PO-480045,59,SUP-103,B000312,YEG3,2025-10-31,2025-11-12,2025-11-12,1124,1032,13,11.5,Received
PO-480045,63,SUP-103,B000348,YYZ4,2025-10-31,2025-11-12,2025-11-12,616,616,2,9.96,Received
PO-480045,60,SUP-103,B000353,YYZ4,2025-10-31,2025-11-12,2025-11-12,19,19,0,13.18,Received
PO-480045,64,SUP-103,B000382,YWG2,2025-10-31,2025-11-12,2025-11-12,337,337,3,9.75,Received
PO-480045,52,SUP-103,B000387,YEG3,2025-10-31,2025-11-12,2025-11-12,202,202,1,40.99,Received
PO-480045,58,SUP-103,B000399,YYC1,2025-10-31,2025-11-12,2025-11-12,136,136,0,19.26,Received
PO-480045,56,SUP-103,B000413,YYZ4,2025-10-31,2025-11-12,2025-11-12,48,48,1,27.73,Received
PO-480198,67,SUP-108,B000084,YEG3,2025-10-31,2025-12-08,2025-12-05,96,96,1,10.08,Received
PO-480198,63,SUP-108,B000144,YEG3,2025-10-31,2025-12-08,2025-12-05,198,198,1,16.5,Received
PO-480198,68,SUP-108,B000226,YYZ4,2025-10-31,2025-12-08,2025-12-05,536,536,11,18.36,Received
PO-480198,62,SUP-108,B000254,YUL5,2025-10-31,2025-12-08,2025-12-05,192,192,4,7.63,Received
PO-480198,61,SUP-108,B000268,YYZ4,2025-10-31,2025-12-08,2025-12-05,42,41,1,24.53,Received
PO-480198,65,SUP-108,B000299,YYZ4,2025-10-31,2025-12-08,2025-12-05,344,344,4,8.34,Received
PO-480198,64,SUP-108,B000313,YVR2,2025-10-31,2025-12-08,2025-12-05,3256,3256,6,19.4,Received
PO-480198,66,SUP-108,B000332,YVR2,2025-10-31,2025-12-08,2025-12-05,408,408,8,37.15,Received
PO-480198,69,SUP-108,B000397,YUL5,2025-10-31,2025-12-08,2025-12-05,56,56,1,29.7,Received
PO-480252,84,SUP-111,B000015,YEG3,2025-11-01,2025-11-08,2025-11-06,160,160,1,3.74,Received
PO-480252,89,SUP-111,B000100,YUL5,2025-11-01,2025-11-08,2025-11-06,144,144,1,2.0,Received
PO-480252,87,SUP-111,B000111,YEG3,2025-11-01,2025-11-08,2025-11-06,48,48,0,11.26,Received
PO-480252,90,SUP-111,B000122,YVR2,2025-11-01,2025-11-08,2025-11-06,1145,1145,2,13.42,Received
PO-480252,88,SUP-111,B000187,YYC1,2025-11-01,2025-11-08,2025-11-06,240,240,0,18.92,Received
PO-480252,92,SUP-111,B000203,YVR2,2025-11-01,2025-11-08,2025-11-06,96,92,0,5.75,Received
PO-480252,85,SUP-111,B000215,YUL5,2025-11-01,2025-11-08,2025-11-06,644,644,1,17.08,Received
PO-480252,86,SUP-111,B000351,YHZ1,2025-11-01,2025-11-08,2025-11-06,1336,1336,0,7.71,Received
PO-480252,91,SUP-111,B000418,YYZ4,2025-11-01,2025-11-08,2025-11-06,768,768,2,20.14,Received
PO-480046,75,SUP-103,B000006,YYC1,2025-11-03,2025-11-15,2025-11-11,60,60,0,10.47,Received
PO-480046,73,SUP-103,B000079,YEG3,2025-11-03,2025-11-15,2025-11-11,104,104,0,12.85,Received
PO-480046,79,SUP-103,B000133,YVR2,2025-11-03,2025-11-15,2025-11-11,8,8,0,15.18,Received
PO-480046,76,SUP-103,B000194,YEG3,2025-11-03,2025-11-15,2025-11-11,56,56,1,12.16,Received
PO-480046,72,SUP-103,B000291,YVR2,2025-11-03,2025-11-15,2025-11-11,88,88,1,17.87,Received
PO-480046,74,SUP-103,B000312,YEG3,2025-11-03,2025-11-15,2025-11-11,260,260,1,11.5,Received
PO-480046,80,SUP-103,B000348,YYZ4,2025-11-03,2025-11-15,2025-11-11,248,248,3,9.96,Received
PO-480046,78,SUP-103,B000353,YVR2,2025-11-03,2025-11-15,2025-11-11,16,15,0,13.18,Received
PO-480046,70,SUP-103,B000382,YUL5,2025-11-03,2025-11-15,2025-11-11,1669,1669,6,9.75,Received
PO-480046,71,SUP-103,B000387,YWG2,2025-11-03,2025-11-15,2025-11-11,388,388,3,40.99,Received
PO-480046,69,SUP-103,B000399,YYZ4,2025-11-03,2025-11-15,2025-11-11,32,28,0,19.26,Received
PO-480046,77,SUP-103,B000413,YWG2,2025-11-03,2025-11-15,2025-11-11,48,48,0,27.73,Received
PO-480087,74,SUP-104,B000060,YYZ4,2025-11-04,2025-11-14,2025-11-14,468,452,3,14.56,Received
PO-480087,79,SUP-104,B000077,YWG2,2025-11-04,2025-11-14,2025-11-14,192,192,0,55.44,Received
PO-480087,84,SUP-104,B000088,YWG2,2025-11-04,2025-11-14,2025-11-14,53,53,0,22.27,Received
PO-480087,80,SUP-104,B000093,YYZ4,2025-11-04,2025-11-14,2025-11-14,48,48,0,3.57,Received
PO-480087,78,SUP-104,B000095,YYC1,2025-11-04,2025-11-14,2025-11-14,792,642,1,4.5,Received
PO-480087,77,SUP-104,B000140,YYZ4,2025-11-04,2025-11-14,2025-11-14,120,109,1,5.15,Received
PO-480087,86,SUP-104,B000150,YUL5,2025-11-04,2025-11-14,2025-11-14,24,24,0,2.47,Received
PO-480087,82,SUP-104,B000214,YYZ4,2025-11-04,2025-11-14,2025-11-14,96,93,0,9.98,Received
PO-480087,76,SUP-104,B000233,YYZ4,2025-11-04,2025-11-14,2025-11-14,24,24,0,30.93,Received
PO-480087,87,SUP-104,B000256,YYZ4,2025-11-04,2025-11-14,2025-11-14,96,96,0,17.41,Received
PO-480087,81,SUP-104,B000290,YWG2,2025-11-04,2025-11-14,2025-11-14,864,864,3,2.29,Received
PO-480087,75,SUP-104,B000367,YYZ4,2025-11-04,2025-11-14,2025-11-14,41,41,0,4.19,Received
PO-480087,72,SUP-104,B000371,YUL5,2025-11-04,2025-11-14,2025-11-14,24,24,0,9.71,Received
PO-480087,85,SUP-104,B000388,YWG2,2025-11-04,2025-11-14,2025-11-14,24,24,0,19.55,Received
PO-480087,83,SUP-104,B000412,YUL5,2025-11-04,2025-11-14,2025-11-14,240,231,1,5.35,Received
PO-480087,73,SUP-104,B000417,YYZ4,2025-11-04,2025-11-14,2025-11-14,6,6,0,17.43,Received
PO-480047,89,SUP-103,B000024,YWG2,2025-11-07,2025-11-19,2025-11-18,1080,1080,12,24.8,Received
PO-480047,90,SUP-103,B000178,YUL5,2025-11-07,2025-11-19,2025-11-18,288,288,3,27.42,Received
PO-480047,84,SUP-103,B000278,YYZ4,2025-11-07,2025-11-19,2025-11-18,198,198,0,38.05,Received
PO-480047,88,SUP-103,B000291,YVR2,2025-11-07,2025-11-19,2025-11-18,96,96,1,17.87,Received
PO-480047,82,SUP-103,B000312,YYC1,2025-11-07,2025-11-19,2025-11-18,529,529,2,11.5,Received
PO-480047,83,SUP-103,B000348,YYZ4,2025-11-07,2025-11-19,2025-11-18,600,600,5,9.96,Received
PO-480047,85,SUP-103,B000353,YYC1,2025-11-07,2025-11-19,2025-11-18,8,8,0,13.18,Received
PO-480047,86,SUP-103,B000387,YWG2,2025-11-07,2025-11-19,2025-11-18,214,214,3,40.99,Received
PO-480047,81,SUP-103,B000399,YVR2,2025-11-07,2025-11-19,2025-11-18,16,16,0,19.26,Received
PO-480047,87,SUP-103,B000413,YWG2,2025-11-07,2025-11-19,2025-11-18,96,96,1,27.73,Received
PO-480088,91,SUP-104,B000060,YYZ4,2025-11-07,2025-11-17,2025-11-19,1196,1196,6,14.56,Received
PO-480088,92,SUP-104,B000095,YVR2,2025-11-07,2025-11-17,2025-11-19,408,408,2,4.5,Received
PO-480088,97,SUP-104,B000140,YYZ4,2025-11-07,2025-11-17,2025-11-19,108,108,0,5.15,Received
PO-480088,2,SUP-104,B000150,YUL5,2025-11-07,2025-11-17,2025-11-19,24,22,0,2.47,Received
PO-480088,90,SUP-104,B000168,YYC1,2025-11-07,2025-11-17,2025-11-19,72,72,0,8.87,Received
PO-480088,88,SUP-104,B000233,YWG2,2025-11-07,2025-11-17,2025-11-19,24,24,0,30.93,Received
PO-480088,89,SUP-104,B000256,YHZ1,2025-11-07,2025-11-17,2025-11-19,96,96,0,17.41,Received
PO-480088,99,SUP-104,B000257,YUL5,2025-11-07,2025-11-17,2025-11-19,740,740,4,12.7,Received
PO-480088,1,SUP-104,B000290,YUL5,2025-11-07,2025-11-17,2025-11-19,120,116,1,2.29,Received
PO-480088,95,SUP-104,B000367,YUL5,2025-11-07,2025-11-17,2025-11-19,142,142,0,4.19,Received
PO-480088,96,SUP-104,B000371,YYZ4,2025-11-07,2025-11-17,2025-11-19,60,60,0,9.71,Received
PO-480088,94,SUP-104,B000388,YWG2,2025-11-07,2025-11-17,2025-11-19,12,12,0,19.55,Received
PO-480088,93,SUP-104,B000412,YHZ1,2025-11-07,2025-11-17,2025-11-19,498,498,3,5.35,Received
PO-480088,98,SUP-104,B000417,YYC1,2025-11-07,2025-11-17,2025-11-19,6,6,0,17.43,Received
PO-480226,57,SUP-110,B000017,YEG3,2025-11-07,2025-12-13,2026-01-04,7440,7440,299,37.04,Received
PO-480226,66,SUP-110,B000055,YUL5,2025-11-07,2025-12-13,2026-01-04,92,92,2,23.61,Received
PO-480226,65,SUP-110,B000103,YYZ4,2025-11-07,2025-12-13,2026-01-04,168,153,5,12.96,Received
PO-480226,58,SUP-110,B000113,YYZ4,2025-11-07,2025-12-13,2026-01-04,96,96,3,5.59,Received
PO-480226,63,SUP-110,B000129,YVR2,2025-11-07,2025-12-13,2026-01-04,15126,13809,279,47.77,Received
PO-480226,59,SUP-110,B000184,YYZ4,2025-11-07,2025-12-13,2026-01-04,2468,2255,47,18.21,Received
PO-480226,67,SUP-110,B000325,YYZ4,2025-11-07,2025-12-13,2026-01-04,492,462,17,11.69,Received
PO-480226,60,SUP-110,B000344,YUL5,2025-11-07,2025-12-13,2026-01-04,303,303,1,25.74,Received
PO-480226,61,SUP-110,B000347,YYZ4,2025-11-07,2025-12-13,2026-01-04,76,76,3,8.39,Received
PO-480226,64,SUP-110,B000363,YYZ4,2025-11-07,2025-12-13,2026-01-04,36,30,1,18.43,Received
PO-480226,68,SUP-110,B000379,YVR2,2025-11-07,2025-12-13,2026-01-04,2132,2132,64,6.69,Received
PO-480226,62,SUP-110,B000407,YHZ1,2025-11-07,2025-12-13,2026-01-04,464,464,21,13.84,Received
PO-480411,49,SUP-117,B000004,YYZ4,2025-11-08,2025-12-18,2026-01-06,2,2,0,9.82,Received
PO-480411,34,SUP-117,B000036,YYZ4,2025-11-08,2025-12-18,2026-01-06,86,74,0,29.55,Received
PO-480411,36,SUP-117,B000041,YUL5,2025-11-08,2025-12-18,2026-01-06,720,720,23,14.4,Received
PO-480411,44,SUP-117,B000058,YWG2,2025-11-08,2025-12-18,2026-01-06,234,234,5,12.88,Received
PO-480411,42,SUP-117,B000120,YVR2,2025-11-08,2025-12-18,2026-01-06,108,108,2,22.08,Received
PO-480411,43,SUP-117,B000128,YUL5,2025-11-08,2025-12-18,2026-01-06,2544,2544,31,12.39,Received
PO-480411,41,SUP-117,B000162,YYZ4,2025-11-08,2025-12-18,2026-01-06,192,192,4,11.86,Received
PO-480411,46,SUP-117,B000172,YYZ4,2025-11-08,2025-12-18,2026-01-06,48,48,1,5.51,Received
PO-480411,40,SUP-117,B000177,YEG3,2025-11-08,2025-12-18,2026-01-06,2388,2388,64,2.41,Received
PO-480411,37,SUP-117,B000188,YYZ4,2025-11-08,2025-12-18,2026-01-06,24,21,0,8.95,Received
PO-480411,35,SUP-117,B000217,YHZ1,2025-11-08,2025-12-18,2026-01-06,64,64,1,37.59,Received
PO-480411,50,SUP-117,B000253,YYZ4,2025-11-08,2025-12-18,2026-01-06,184,162,0,5.33,Received
PO-480411,47,SUP-117,B000265,YWG2,2025-11-08,2025-12-18,2026-01-06,504,504,14,5.9,Received
PO-480411,38,SUP-117,B000274,YYZ4,2025-11-08,2025-12-18,2026-01-06,108,108,2,20.72,Received
PO-480411,48,SUP-117,B000293,YHZ1,2025-11-08,2025-12-18,2026-01-06,129,129,2,14.75,Received
PO-480411,45,SUP-117,B000400,YYZ4,2025-11-08,2025-12-18,2026-01-06,24,23,1,7.68,Received
PO-480411,39,SUP-117,B000402,YUL5,2025-11-08,2025-12-18,2026-01-06,115,115,1,12.23,Received
PO-480089,7,SUP-104,B000054,YVR2,2025-11-09,2025-11-19,2025-11-18,40,40,0,12.38,Received
PO-480089,6,SUP-104,B000060,YYZ4,2025-11-09,2025-11-19,2025-11-18,304,263,1,14.56,Received
PO-480089,8,SUP-104,B000077,YYZ4,2025-11-09,2025-11-19,2025-11-18,192,192,2,55.44,Received
PO-480089,4,SUP-104,B000088,YWG2,2025-11-09,2025-11-19,2025-11-18,42,42,0,22.27,Received
PO-480089,14,SUP-104,B000093,YUL5,2025-11-09,2025-11-19,2025-11-18,24,24,0,3.57,Received
PO-480089,13,SUP-104,B000140,YVR2,2025-11-09,2025-11-19,2025-11-18,204,204,1,5.15,Received
PO-480089,12,SUP-104,B000150,YYZ4,2025-11-09,2025-11-19,2025-11-18,32,32,0,2.47,Received
PO-480089,10,SUP-104,B000168,YVR2,2025-11-09,2025-11-19,2025-11-18,120,120,1,8.87,Received
PO-480089,5,SUP-104,B000214,YYZ4,2025-11-09,2025-11-19,2025-11-18,96,96,0,9.98,Received
PO-480089,17,SUP-104,B000233,YYZ4,2025-11-09,2025-11-19,2025-11-18,24,24,0,30.93,Received
PO-480089,3,SUP-104,B000256,YYZ4,2025-11-09,2025-11-19,2025-11-18,96,96,1,17.41,Received
PO-480089,9,SUP-104,B000257,YYC1,2025-11-09,2025-11-19,2025-11-18,3120,2474,7,12.7,Received
PO-480089,15,SUP-104,B000290,YWG2,2025-11-09,2025-11-19,2025-11-18,544,544,4,2.29,Received
PO-480089,19,SUP-104,B000367,YEG3,2025-11-09,2025-11-19,2025-11-18,51,51,0,4.19,Received
PO-480089,11,SUP-104,B000388,YYZ4,2025-11-09,2025-11-19,2025-11-18,18,18,0,19.55,Received
PO-480089,18,SUP-104,B000390,YHZ1,2025-11-09,2025-11-19,2025-11-18,441,400,4,10.78,Received
PO-480089,16,SUP-104,B000412,YHZ1,2025-11-09,2025-11-19,2025-11-18,480,480,3,5.35,Received
PO-480157,73,SUP-106,B000033,YEG3,2025-11-09,2025-12-03,2025-12-16,240,240,3,25.32,Received
PO-480157,79,SUP-106,B000037,YEG3,2025-11-09,2025-12-03,2025-12-16,156,156,3,22.46,Received
PO-480157,80,SUP-106,B000039,YYZ4,2025-11-09,2025-12-03,2025-12-16,24,24,1,19.83,Received
PO-480157,74,SUP-106,B000142,YUL5,2025-11-09,2025-12-03,2025-12-16,48,48,0,12.57,Received
PO-480157,72,SUP-106,B000202,YYZ4,2025-11-09,2025-12-03,2025-12-16,1588,1588,42,26.75,Received
PO-480157,75,SUP-106,B000239,YYZ4,2025-11-09,2025-12-03,2025-12-16,96,96,1,12.84,Received
PO-480157,76,SUP-106,B000255,YHZ1,2025-11-09,2025-12-03,2025-12-16,24,24,0,18.41,Received
PO-480157,77,SUP-106,B000301,YYC1,2025-11-09,2025-12-03,2025-12-16,184,184,2,37.32,Received
PO-480157,81,SUP-106,B000307,YUL5,2025-11-09,2025-12-03,2025-12-16,48,48,0,10.55,Received
PO-480157,78,SUP-106,B000378,YEG3,2025-11-09,2025-12-03,2025-12-16,3348,2823,35,9.25,Received
PO-480122,54,SUP-105,B000016,YYC1,2025-11-10,2025-11-19,2025-11-20,192,192,1,22.7,Received
PO-480122,61,SUP-105,B000043,YHZ1,2025-11-10,2025-11-19,2025-11-20,60,60,0,81.24,Received
PO-480122,58,SUP-105,B000092,YUL5,2025-11-10,2025-11-19,2025-11-20,48,48,0,37.96,Received
PO-480122,59,SUP-105,B000097,YYC1,2025-11-10,2025-11-19,2025-11-20,36,36,0,48.69,Received
PO-480122,60,SUP-105,B000153,YYC1,2025-11-10,2025-11-19,2025-11-20,372,372,1,9.61,Received
PO-480122,55,SUP-105,B000263,YUL5,2025-11-10,2025-11-19,2025-11-20,200,200,0,50.34,Received
PO-480122,53,SUP-105,B000284,YYZ4,2025-11-10,2025-11-19,2025-11-20,958,958,1,19.61,Received
PO-480122,57,SUP-105,B000308,YHZ1,2025-11-10,2025-11-19,2025-11-20,72,69,0,10.93,Received
PO-480122,56,SUP-105,B000320,YYC1,2025-11-10,2025-11-19,2025-11-20,24,24,0,15.12,Received
PO-480122,62,SUP-105,B000361,YYC1,2025-11-10,2025-11-19,2025-11-20,192,192,1,25.9,Received
PO-480199,75,SUP-108,B000084,YHZ1,2025-11-10,2025-12-18,2025-12-24,96,96,0,10.08,Received
PO-480199,76,SUP-108,B000144,YEG3,2025-11-10,2025-12-18,2025-12-24,527,527,3,16.5,Received
PO-480199,73,SUP-108,B000226,YEG3,2025-11-10,2025-12-18,2025-12-24,152,152,1,18.36,Received
PO-480199,71,SUP-108,B000254,YUL5,2025-11-10,2025-12-18,2025-12-24,1032,1032,19,7.63,Received
PO-480199,72,SUP-108,B000268,YYZ4,2025-11-10,2025-12-18,2025-12-24,59,59,1,24.53,Received
PO-480199,77,SUP-108,B000299,YVR2,2025-11-10,2025-12-18,2025-12-24,120,120,2,8.34,Received
PO-480199,78,SUP-108,B000313,YEG3,2025-11-10,2025-12-18,2025-12-24,2272,2272,15,19.4,Received
PO-480199,70,SUP-108,B000332,YWG2,2025-11-10,2025-12-18,2025-12-24,56,56,1,37.15,Received
PO-480199,74,SUP-108,B000397,YYZ4,2025-11-10,2025-12-18,2025-12-24,56,56,0,29.7,Received
PO-480158,82,SUP-106,B000033,YYZ4,2025-11-12,2025-12-06,2025-12-06,114,114,3,25.32,Received
PO-480158,84,SUP-106,B000142,YUL5,2025-11-12,2025-12-06,2025-12-06,420,345,0,12.57,Received
PO-480158,87,SUP-106,B000202,YWG2,2025-11-12,2025-12-06,2025-12-06,11216,11216,30,26.75,Received
PO-480158,86,SUP-106,B000239,YVR2,2025-11-12,2025-12-06,2025-12-06,96,96,2,12.84,Received
PO-480158,83,SUP-106,B000294,YUL5,2025-11-12,2025-12-06,2025-12-06,120,120,2,42.52,Received
PO-480158,85,SUP-106,B000362,YYC1,2025-11-12,2025-12-06,2025-12-06,756,756,17,52.53,Received
PO-480412,59,SUP-117,B000036,YYC1,2025-11-13,2025-12-23,2025-12-30,173,173,6,29.55,Received
PO-480412,58,SUP-117,B000128,YYC1,2025-11-13,2025-12-23,2025-12-30,9480,9480,232,12.39,Received
PO-480412,51,SUP-117,B000162,YUL5,2025-11-13,2025-12-23,2025-12-30,360,319,5,11.86,Received
PO-480412,52,SUP-117,B000172,YUL5,2025-11-13,2025-12-23,2025-12-30,48,48,0,5.51,Received
PO-480412,53,SUP-117,B000177,YUL5,2025-11-13,2025-12-23,2025-12-30,1108,909,20,2.41,Received
PO-480412,57,SUP-117,B000188,YHZ1,2025-11-13,2025-12-23,2025-12-30,24,24,1,8.95,Received
PO-480412,60,SUP-117,B000245,YWG2,2025-11-13,2025-12-23,2025-12-30,1552,1552,28,2.38,Received
PO-480412,61,SUP-117,B000265,YWG2,2025-11-13,2025-12-23,2025-12-30,588,588,4,5.9,Received
PO-480412,54,SUP-117,B000342,YYZ4,2025-11-13,2025-12-23,2025-12-30,96,96,1,3.2,Received
PO-480412,55,SUP-117,B000400,YYC1,2025-11-13,2025-12-23,2025-12-30,48,48,0,7.68,Received
PO-480412,56,SUP-117,B000415,YWG2,2025-11-13,2025-12-23,2025-12-30,12,12,0,8.41,Received
PO-480123,65,SUP-105,B000016,YEG3,2025-11-15,2025-11-24,2025-11-25,408,408,2,22.7,Received
PO-480123,63,SUP-105,B000023,YYZ4,2025-11-15,2025-11-24,2025-11-25,16,16,0,55.53,Received
PO-480123,67,SUP-105,B000043,YHZ1,2025-11-15,2025-11-24,2025-11-25,8,8,0,81.24,Received
PO-480123,77,SUP-105,B000071,YVR2,2025-11-15,2025-11-24,2025-11-25,48,48,0,52.68,Received
PO-480123,66,SUP-105,B000092,YWG2,2025-11-15,2025-11-24,2025-11-25,48,48,0,37.96,Received
PO-480123,64,SUP-105,B000097,YYC1,2025-11-15,2025-11-24,2025-11-25,228,228,0,48.69,Received
PO-480123,72,SUP-105,B000153,YVR2,2025-11-15,2025-11-24,2025-11-25,360,352,1,9.61,Received
PO-480123,68,SUP-105,B000213,YYC1,2025-11-15,2025-11-24,2025-11-25,88,77,1,46.02,Received
PO-480123,78,SUP-105,B000216,YUL5,2025-11-15,2025-11-24,2025-11-25,432,432,0,49.89,Received
PO-480123,73,SUP-105,B000259,YHZ1,2025-11-15,2025-11-24,2025-11-25,60,60,0,17.17,Received
PO-480123,74,SUP-105,B000263,YYZ4,2025-11-15,2025-11-24,2025-11-25,1104,1104,6,50.34,Received
PO-480123,69,SUP-105,B000282,YUL5,2025-11-15,2025-11-24,2025-11-25,260,260,1,55.18,Received
PO-480123,75,SUP-105,B000284,YWG2,2025-11-15,2025-11-24,2025-11-25,188,154,1,19.61,Received
PO-480123,79,SUP-105,B000308,YUL5,2025-11-15,2025-11-24,2025-11-25,360,360,0,10.93,Received
PO-480123,70,SUP-105,B000320,YYC1,2025-11-15,2025-11-24,2025-11-25,24,24,0,15.12,Received
PO-480123,71,SUP-105,B000361,YYC1,2025-11-15,2025-11-24,2025-11-25,192,192,1,25.9,Received
PO-480123,76,SUP-105,B000369,YYZ4,2025-11-15,2025-11-24,2025-11-25,336,326,2,12.66,Received
PO-480123,80,SUP-105,B000380,YYC1,2025-11-15,2025-11-24,2025-11-25,148,148,1,31.53,Received
PO-480390,88,SUP-116,B000164,YHZ1,2025-11-15,2025-12-20,2025-12-31,256,256,1,52.28,Received
PO-480390,1,SUP-116,B000179,YHZ1,2025-11-15,2025-12-20,2025-12-31,220,220,1,62.15,Received
PO-480390,94,SUP-116,B000185,YYZ4,2025-11-15,2025-12-20,2025-12-31,768,768,3,23.78,Received
PO-480390,89,SUP-116,B000223,YHZ1,2025-11-15,2025-12-20,2025-12-31,108,108,0,48.99,Received
PO-480390,90,SUP-116,B000228,YEG3,2025-11-15,2025-12-20,2025-12-31,144,144,0,51.13,Received
PO-480390,2,SUP-116,B000234,YYC1,2025-11-15,2025-12-20,2025-12-31,57,52,0,68.84,Received
PO-480390,92,SUP-116,B000240,YUL5,2025-11-15,2025-12-20,2025-12-31,432,432,1,9.44,Received
PO-480390,97,SUP-116,B000318,YYC1,2025-11-15,2025-12-20,2025-12-31,220,220,1,27.75,Received
PO-480390,95,SUP-116,B000335,YEG3,2025-11-15,2025-12-20,2025-12-31,744,744,1,57.26,Received
PO-480390,99,SUP-116,B000358,YYZ4,2025-11-15,2025-12-20,2025-12-31,99,99,1,85.05,Received
PO-480390,91,SUP-116,B000360,YYZ4,2025-11-15,2025-12-20,2025-12-31,40,40,0,13.52,Received
PO-480390,93,SUP-116,B000375,YVR2,2025-11-15,2025-12-20,2025-12-31,128,128,1,81.72,Received
PO-480390,98,SUP-116,B000384,YYZ4,2025-11-15,2025-12-20,2025-12-31,147,147,1,152.21,Received
PO-480390,96,SUP-116,B000401,YYZ4,2025-11-15,2025-12-20,2025-12-31,48,48,0,26.64,Received
PO-480413,67,SUP-117,B000004,YYZ4,2025-11-16,2025-12-26,2026-01-07,7,7,0,9.82,Received
PO-480413,62,SUP-117,B000120,YYZ4,2025-11-16,2025-12-26,2026-01-07,144,144,4,22.08,Received
PO-480413,65,SUP-117,B000169,YYC1,2025-11-16,2025-12-26,2026-01-07,2166,1880,12,31.28,Received
PO-480413,64,SUP-117,B000172,YYZ4,2025-11-16,2025-12-26,2026-01-07,48,48,0,5.51,Received
PO-480413,66,SUP-117,B000245,YVR2,2025-11-16,2025-12-26,2026-01-07,1368,1368,15,2.38,Received
PO-480413,63,SUP-117,B000402,YYC1,2025-11-16,2025-12-26,2026-01-07,441,441,2,12.23,Received
PO-480289,57,SUP-112,B000061,YYZ4,2025-11-17,2025-12-01,2025-12-03,42,42,0,9.8,Received
PO-480289,54,SUP-112,B000087,YHZ1,2025-11-17,2025-12-01,2025-12-03,872,872,4,35.54,Received
PO-480289,58,SUP-112,B000189,YWG2,2025-11-17,2025-12-01,2025-12-03,120,120,0,11.62,Received
PO-480289,49,SUP-112,B000192,YYC1,2025-11-17,2025-12-01,2025-12-03,6,6,0,35.26,Received
PO-480289,51,SUP-112,B000204,YUL5,2025-11-17,2025-12-01,2025-12-03,428,428,7,25.35,Received
PO-480289,56,SUP-112,B000224,YYC1,2025-11-17,2025-12-01,2025-12-03,1632,1500,23,5.13,Received
PO-480289,53,SUP-112,B000242,YWG2,2025-11-17,2025-12-01,2025-12-03,1224,1224,4,7.44,Received
PO-480289,48,SUP-112,B000249,YUL5,2025-11-17,2025-12-01,2025-12-03,114,114,1,24.19,Received
PO-480289,50,SUP-112,B000292,YVR2,2025-11-17,2025-12-01,2025-12-03,750,750,7,32.23,Received
PO-480289,52,SUP-112,B000296,YYZ4,2025-11-17,2025-12-01,2025-12-03,144,144,2,28.09,Received
PO-480289,55,SUP-112,B000297,YYZ4,2025-11-17,2025-12-01,2025-12-03,31,31,0,20.76,Received
PO-480289,59,SUP-112,B000304,YWG2,2025-11-17,2025-12-01,2025-12-03,311,311,5,13.26,Received
PO-480289,47,SUP-112,B000354,YYC1,2025-11-17,2025-12-01,2025-12-03,480,422,4,3.98,Received
PO-480090,33,SUP-104,B000060,YVR2,2025-11-18,2025-11-28,2025-11-26,1064,1064,7,14.56,Received
PO-480090,30,SUP-104,B000077,YWG2,2025-11-18,2025-11-28,2025-11-26,192,161,1,55.44,Received
PO-480090,35,SUP-104,B000093,YYC1,2025-11-18,2025-11-28,2025-11-26,120,120,1,3.57,Received
PO-480090,29,SUP-104,B000095,YVR2,2025-11-18,2025-11-28,2025-11-26,408,408,1,4.5,Received
PO-480090,28,SUP-104,B000140,YYC1,2025-11-18,2025-11-28,2025-11-26,300,300,1,5.15,Received
PO-480090,24,SUP-104,B000150,YUL5,2025-11-18,2025-11-28,2025-11-26,8,8,0,2.47,Received
PO-480090,26,SUP-104,B000168,YVR2,2025-11-18,2025-11-28,2025-11-26,228,228,2,8.87,Received
PO-480090,31,SUP-104,B000214,YYZ4,2025-11-18,2025-11-28,2025-11-26,96,96,0,9.98,Received
PO-480090,32,SUP-104,B000233,YWG2,2025-11-18,2025-11-28,2025-11-26,24,24,0,30.93,Received
PO-480090,22,SUP-104,B000256,YYZ4,2025-11-18,2025-11-28,2025-11-26,96,96,1,17.41,Received
PO-480090,23,SUP-104,B000257,YUL5,2025-11-18,2025-11-28,2025-11-26,1992,1992,16,12.7,Received
PO-480090,21,SUP-104,B000367,YUL5,2025-11-18,2025-11-28,2025-11-26,59,59,0,4.19,Received
PO-480090,25,SUP-104,B000371,YYZ4,2025-11-18,2025-11-28,2025-11-26,24,24,0,9.71,Received
PO-480090,34,SUP-104,B000388,YEG3,2025-11-18,2025-11-28,2025-11-26,60,60,0,19.55,Received
PO-480090,20,SUP-104,B000390,YYZ4,2025-11-18,2025-11-28,2025-11-26,564,564,5,10.78,Received
PO-480090,27,SUP-104,B000417,YYZ4,2025-11-18,2025-11-28,2025-11-26,6,6,0,17.43,Received
PO-480180,79,SUP-107,B000014,YVR2,2025-11-18,2025-12-22,2026-01-08,240,240,2,22.31,Received
PO-480180,81,SUP-107,B000044,YYC1,2025-11-18,2025-12-22,2026-01-08,180,180,0,49.42,Received
PO-480180,80,SUP-107,B000064,YEG3,2025-11-18,2025-12-22,2026-01-08,92,92,1,40.08,Received
PO-480180,85,SUP-107,B000085,YYZ4,2025-11-18,2025-12-22,2026-01-08,102,102,0,85.16,Received
PO-480180,76,SUP-107,B000104,YYZ4,2025-11-18,2025-12-22,2026-01-08,84,84,1,16.04,Received
PO-480180,78,SUP-107,B000114,YUL5,2025-11-18,2025-12-22,2026-01-08,268,268,0,74.15,Received
PO-480180,73,SUP-107,B000121,YYZ4,2025-11-18,2025-12-22,2026-01-08,7,7,0,27.65,Received
PO-480180,75,SUP-107,B000148,YYZ4,2025-11-18,2025-12-22,2026-01-08,132,132,1,21.53,Received
PO-480180,74,SUP-107,B000173,YVR2,2025-11-18,2025-12-22,2026-01-08,252,252,1,20.12,Received
PO-480180,83,SUP-107,B000200,YYZ4,2025-11-18,2025-12-22,2026-01-08,160,160,1,42.44,Received
PO-480180,77,SUP-107,B000336,YYZ4,2025-11-18,2025-12-22,2026-01-08,42,42,0,61.89,Received
PO-480180,72,SUP-107,B000350,YYC1,2025-11-18,2025-12-22,2026-01-08,192,186,1,48.35,Received
PO-480180,82,SUP-107,B000356,YYZ4,2025-11-18,2025-12-22,2026-01-08,114,114,1,30.35,Received
PO-480180,84,SUP-107,B000394,YEG3,2025-11-18,2025-12-22,2026-01-08,324,261,0,19.24,Received
PO-480253,4,SUP-111,B000007,YHZ1,2025-11-18,2025-11-25,2025-11-28,3648,3648,5,5.45,Received
PO-480253,96,SUP-111,B000065,YHZ1,2025-11-18,2025-11-25,2025-11-28,168,168,1,8.16,Received
PO-480253,97,SUP-111,B000109,YYZ4,2025-11-18,2025-11-25,2025-11-28,36,36,0,27.2,Received
PO-480253,5,SUP-111,B000111,YUL5,2025-11-18,2025-11-25,2025-11-28,90,90,0,11.26,Received
PO-480253,1,SUP-111,B000122,YEG3,2025-11-18,2025-11-25,2025-11-28,272,272,0,13.42,Received
PO-480253,3,SUP-111,B000123,YUL5,2025-11-18,2025-11-25,2025-11-28,156,156,1,11.77,Received
PO-480253,98,SUP-111,B000187,YUL5,2025-11-18,2025-11-25,2025-11-28,96,96,0,18.92,Received
PO-480253,6,SUP-111,B000191,YVR2,2025-11-18,2025-11-25,2025-11-28,5,5,0,12.14,Received
PO-480253,95,SUP-111,B000203,YYZ4,2025-11-18,2025-11-25,2025-11-28,80,80,0,5.75,Received
PO-480253,93,SUP-111,B000215,YHZ1,2025-11-18,2025-11-25,2025-11-28,220,220,1,17.08,Received
PO-480253,2,SUP-111,B000351,YHZ1,2025-11-18,2025-11-25,2025-11-28,400,400,1,7.71,Received
PO-480253,94,SUP-111,B000404,YVR2,2025-11-18,2025-11-25,2025-11-28,880,880,0,6.26,Received
PO-480253,99,SUP-111,B000418,YUL5,2025-11-18,2025-11-25,2025-11-28,672,672,0,20.14,Received
PO-480290,72,SUP-112,B000026,YYC1,2025-11-18,2025-12-02,2025-12-05,48,48,0,18.63,Received
PO-480290,68,SUP-112,B000076,YYZ4,2025-11-18,2025-12-02,2025-12-05,24,24,0,31.77,Received
PO-480290,69,SUP-112,B000087,YHZ1,2025-11-18,2025-12-02,2025-12-05,144,144,1,35.54,Received
PO-480290,67,SUP-112,B000146,YYZ4,2025-11-18,2025-12-02,2025-12-05,48,48,1,22.0,Received
PO-480290,63,SUP-112,B000151,YYZ4,2025-11-18,2025-12-02,2025-12-05,347,347,0,10.75,Received
PO-480290,62,SUP-112,B000167,YUL5,2025-11-18,2025-12-02,2025-12-05,48,48,0,7.6,Received
PO-480290,74,SUP-112,B000204,YYZ4,2025-11-18,2025-12-02,2025-12-05,352,352,4,25.35,Received
PO-480290,65,SUP-112,B000242,YEG3,2025-11-18,2025-12-02,2025-12-05,900,900,7,7.44,Received
PO-480290,75,SUP-112,B000248,YYZ4,2025-11-18,2025-12-02,2025-12-05,156,156,1,20.2,Received
PO-480290,64,SUP-112,B000249,YYZ4,2025-11-18,2025-12-02,2025-12-05,72,72,1,24.19,Received
PO-480290,76,SUP-112,B000286,YYC1,2025-11-18,2025-12-02,2025-12-05,216,216,2,43.29,Received
PO-480290,70,SUP-112,B000297,YYZ4,2025-11-18,2025-12-02,2025-12-05,17,17,0,20.76,Received
PO-480290,66,SUP-112,B000304,YYZ4,2025-11-18,2025-12-02,2025-12-05,291,291,3,13.26,Received
PO-480290,77,SUP-112,B000324,YWG2,2025-11-18,2025-12-02,2025-12-05,136,136,1,50.1,Received
PO-480290,73,SUP-112,B000339,YYZ4,2025-11-18,2025-12-02,2025-12-05,160,160,0,17.86,Received
PO-480290,60,SUP-112,B000354,YEG3,2025-11-18,2025-12-02,2025-12-05,144,144,2,3.98,Received
PO-480290,71,SUP-112,B000393,YYZ4,2025-11-18,2025-12-02,2025-12-05,96,96,1,36.15,Received
PO-480290,61,SUP-112,B000416,YYZ4,2025-11-18,2025-12-02,2025-12-05,240,240,2,26.43,Received
PO-480375,8,SUP-115,B000040,YVR2,2025-11-18,2025-12-21,2025-12-29,587,479,7,78.85,Received
PO-480375,13,SUP-115,B000047,YWG2,2025-11-18,2025-12-21,2025-12-29,1110,1110,2,63.07,Received
PO-480375,10,SUP-115,B000057,YYZ4,2025-11-18,2025-12-21,2025-12-29,160,160,1,20.35,Received
PO-480375,7,SUP-115,B000116,YWG2,2025-11-18,2025-12-21,2025-12-29,862,862,4,59.9,Received
PO-480375,12,SUP-115,B000138,YYZ4,2025-11-18,2025-12-21,2025-12-29,283,283,1,25.11,Received
PO-480375,9,SUP-115,B000241,YYZ4,2025-11-18,2025-12-21,2025-12-29,480,480,3,43.91,Received
PO-480375,11,SUP-115,B000287,YVR2,2025-11-18,2025-12-21,2025-12-29,68,68,1,94.57,Received
PO-480375,14,SUP-115,B000333,YYC1,2025-11-18,2025-12-21,2025-12-29,185,185,2,53.66,Received
PO-480375,15,SUP-115,B000359,YYZ4,2025-11-18,2025-12-21,2025-12-29,336,336,2,69.57,Received
PO-480254,9,SUP-111,B000065,YHZ1,2025-11-19,2025-11-26,2025-11-25,616,616,1,8.16,Received
PO-480254,10,SUP-111,B000109,YYZ4,2025-11-19,2025-11-26,2025-11-25,228,228,0,27.2,Received
PO-480254,13,SUP-111,B000111,YEG3,2025-11-19,2025-11-26,2025-11-25,48,48,0,11.26,Received
PO-480254,12,SUP-111,B000122,YWG2,2025-11-19,2025-11-26,2025-11-25,428,410,2,13.42,Received
PO-480254,11,SUP-111,B000203,YUL5,2025-11-19,2025-11-26,2025-11-25,140,131,1,5.75,Received
PO-480254,14,SUP-111,B000232,YUL5,2025-11-19,2025-11-26,2025-11-25,237,237,0,7.58,Received
PO-480254,8,SUP-111,B000283,YYC1,2025-11-19,2025-11-26,2025-11-25,486,486,0,5.71,Received
PO-480254,15,SUP-111,B000337,YWG2,2025-11-19,2025-11-26,2025-11-25,132,116,0,10.03,Received
PO-480254,7,SUP-111,B000404,YVR2,2025-11-19,2025-11-26,2025-11-25,224,224,0,6.26,Received
PO-480391,12,SUP-116,B000164,YEG3,2025-11-19,2025-12-24,2025-12-28,256,217,1,52.28,Received
PO-480391,4,SUP-116,B000179,YVR2,2025-11-19,2025-12-24,2025-12-28,194,194,0,62.15,Received
PO-480391,7,SUP-116,B000185,YUL5,2025-11-19,2025-12-24,2025-12-28,1584,1584,5,23.78,Received
PO-480391,13,SUP-116,B000223,YYZ4,2025-11-19,2025-12-24,2025-12-28,216,216,1,48.99,Received
PO-480391,5,SUP-116,B000228,YEG3,2025-11-19,2025-12-24,2025-12-28,1608,1608,10,51.13,Received
PO-480391,11,SUP-116,B000318,YYZ4,2025-11-19,2025-12-24,2025-12-28,140,140,1,27.75,Received
PO-480391,8,SUP-116,B000335,YUL5,2025-11-19,2025-12-24,2025-12-28,520,520,1,57.26,Received
PO-480391,10,SUP-116,B000358,YYZ4,2025-11-19,2025-12-24,2025-12-28,84,69,0,85.05,Received
PO-480391,6,SUP-116,B000360,YYZ4,2025-11-19,2025-12-24,2025-12-28,24,24,0,13.52,Received
PO-480391,3,SUP-116,B000375,YWG2,2025-11-19,2025-12-24,2025-12-28,236,236,1,81.72,Received
PO-480391,9,SUP-116,B000384,YUL5,2025-11-19,2025-12-24,2025-12-28,43,43,0,152.21,Received
PO-480326,88,SUP-113,B000028,YYZ4,2025-11-23,2025-12-09,2025-12-14,97,97,2,33.32,Received
PO-480326,81,SUP-113,B000078,YYZ4,2025-11-23,2025-12-09,2025-12-14,24,24,0,172.65,Received
PO-480326,84,SUP-113,B000091,YYZ4,2025-11-23,2025-12-09,2025-12-14,24,24,0,40.85,Received
PO-480326,89,SUP-113,B000106,YYC1,2025-11-23,2025-12-09,2025-12-14,96,96,0,11.64,Received
PO-480326,86,SUP-113,B000182,YVR2,2025-11-23,2025-12-09,2025-12-14,1432,1432,19,8.68,Received
PO-480326,87,SUP-113,B000198,YHZ1,2025-11-23,2025-12-09,2025-12-14,564,564,1,27.58,Received
PO-480326,83,SUP-113,B000231,YEG3,2025-11-23,2025-12-09,2025-12-14,378,378,2,17.01,Received
PO-480326,90,SUP-113,B000326,YUL5,2025-11-23,2025-12-09,2025-12-14,120,120,0,9.48,Received
PO-480326,82,SUP-113,B000395,YYZ4,2025-11-23,2025-12-09,2025-12-14,24,24,0,9.53,Received
PO-480326,85,SUP-113,B000406,YHZ1,2025-11-23,2025-12-09,2025-12-14,49,49,1,12.22,Received
PO-480484,60,SUP-120,B000008,YEG3,2025-11-23,2025-11-29,2025-11-29,152,152,0,3.7,Received
PO-480484,63,SUP-120,B000052,YYZ4,2025-11-23,2025-11-29,2025-11-29,179,179,0,3.12,Received
PO-480484,65,SUP-120,B000199,YYZ4,2025-11-23,2025-11-29,2025-11-29,260,252,1,17.21,Received
PO-480484,64,SUP-120,B000250,YYC1,2025-11-23,2025-11-29,2025-11-29,60,60,0,3.15,Received
PO-480484,61,SUP-120,B000321,YYZ4,2025-11-23,2025-11-29,2025-11-29,152,152,0,8.49,Received
PO-480484,62,SUP-120,B000365,YUL5,2025-11-23,2025-11-29,2025-11-29,114,114,0,4.97,Received
PO-480124,85,SUP-105,B000016,YYZ4,2025-11-25,2025-12-04,2025-12-02,816,816,2,22.7,Received
PO-480124,95,SUP-105,B000023,YYC1,2025-11-25,2025-12-04,2025-12-02,16,16,0,55.53,Received
PO-480124,86,SUP-105,B000025,YVR2,2025-11-25,2025-12-04,2025-12-02,24,24,0,34.44,Received
PO-480124,87,SUP-105,B000043,YVR2,2025-11-25,2025-12-04,2025-12-02,12,12,0,81.24,Received
PO-480124,96,SUP-105,B000071,YVR2,2025-11-25,2025-12-04,2025-12-02,48,48,0,52.68,Received
PO-480124,82,SUP-105,B000092,YUL5,2025-11-25,2025-12-04,2025-12-02,48,48,0,37.96,Received
PO-480124,93,SUP-105,B000153,YEG3,2025-11-25,2025-12-04,2025-12-02,750,750,1,9.61,Received
PO-480124,83,SUP-105,B000216,YYC1,2025-11-25,2025-12-04,2025-12-02,258,258,1,49.89,Received
PO-480124,84,SUP-105,B000259,YYZ4,2025-11-25,2025-12-04,2025-12-02,60,51,0,17.17,Received
PO-480124,91,SUP-105,B000263,YVR2,2025-11-25,2025-12-04,2025-12-02,208,208,1,50.34,Received
PO-480124,90,SUP-105,B000282,YYZ4,2025-11-25,2025-12-04,2025-12-02,558,558,3,55.18,Received
PO-480124,94,SUP-105,B000284,YYZ4,2025-11-25,2025-12-04,2025-12-02,63,63,0,19.61,Received
PO-480124,81,SUP-105,B000320,YYZ4,2025-11-25,2025-12-04,2025-12-02,144,144,0,15.12,Received
PO-480124,89,SUP-105,B000361,YYZ4,2025-11-25,2025-12-04,2025-12-02,192,192,0,25.9,Received
PO-480124,97,SUP-105,B000369,YEG3,2025-11-25,2025-12-04,2025-12-02,288,288,2,12.66,Received
PO-480124,88,SUP-105,B000380,YYZ4,2025-11-25,2025-12-04,2025-12-02,92,92,0,31.53,Received
PO-480124,92,SUP-105,B000410,YHZ1,2025-11-25,2025-12-04,2025-12-02,96,96,0,31.02,Received
PO-480485,71,SUP-120,B000008,YEG3,2025-11-25,2025-12-01,2025-11-30,160,160,0,3.7,Received
PO-480485,66,SUP-120,B000012,YYZ4,2025-11-25,2025-12-01,2025-11-30,124,124,0,9.46,Received
PO-480485,73,SUP-120,B000052,YYZ4,2025-11-25,2025-12-01,2025-11-30,221,221,0,3.12,Received
PO-480485,68,SUP-120,B000196,YYC1,2025-11-25,2025-12-01,2025-11-30,3,3,0,7.3,Received
PO-480485,74,SUP-120,B000197,YYZ4,2025-11-25,2025-12-01,2025-11-30,84,79,0,7.26,Received
PO-480485,69,SUP-120,B000210,YEG3,2025-11-25,2025-12-01,2025-11-30,408,408,0,2.12,Received
PO-480485,67,SUP-120,B000250,YHZ1,2025-11-25,2025-12-01,2025-11-30,124,124,0,3.15,Received
PO-480485,72,SUP-120,B000310,YEG3,2025-11-25,2025-12-01,2025-11-30,88,88,0,2.96,Received
PO-480485,70,SUP-120,B000321,YWG2,2025-11-25,2025-12-01,2025-11-30,24,24,0,8.49,Received
PO-480485,75,SUP-120,B000338,YYZ4,2025-11-25,2025-12-01,2025-11-30,392,392,2,3.88,Received
PO-480125,1,SUP-105,B000025,YYZ4,2025-11-26,2025-12-05,2025-12-04,88,76,0,34.44,Received
PO-480125,98,SUP-105,B000097,YVR2,2025-11-26,2025-12-05,2025-12-04,48,48,0,48.69,Received
PO-480125,2,SUP-105,B000216,YYZ4,2025-11-26,2025-12-05,2025-12-04,138,138,0,49.89,Received
PO-480125,99,SUP-105,B000259,YVR2,2025-11-26,2025-12-05,2025-12-04,125,125,0,17.17,Received
PO-480125,4,SUP-105,B000282,YVR2,2025-11-26,2025-12-05,2025-12-04,324,324,2,55.18,Received
PO-480125,3,SUP-105,B000320,YYZ4,2025-11-26,2025-12-05,2025-12-04,108,108,0,15.12,Received
PO-480291,78,SUP-112,B000026,YYZ4,2025-11-26,2025-12-10,2025-12-09,48,43,0,18.63,Received
PO-480291,88,SUP-112,B000076,YYZ4,2025-11-26,2025-12-10,2025-12-09,126,123,0,31.77,Received
PO-480291,86,SUP-112,B000146,YVR2,2025-11-26,2025-12-10,2025-12-09,20,20,0,22.0,Received
PO-480291,87,SUP-112,B000167,YYZ4,2025-11-26,2025-12-10,2025-12-09,48,48,0,7.6,Received
PO-480291,79,SUP-112,B000192,YYZ4,2025-11-26,2025-12-10,2025-12-09,7,7,0,35.26,Received
PO-480291,80,SUP-112,B000249,YYZ4,2025-11-26,2025-12-10,2025-12-09,24,24,0,24.19,Received
PO-480291,84,SUP-112,B000272,YYZ4,2025-11-26,2025-12-10,2025-12-09,72,72,1,5.34,Received
PO-480291,85,SUP-112,B000296,YYC1,2025-11-26,2025-12-10,2025-12-09,176,176,1,28.09,Received
PO-480291,82,SUP-112,B000297,YHZ1,2025-11-26,2025-12-10,2025-12-09,22,22,0,20.76,Received
PO-480291,81,SUP-112,B000304,YEG3,2025-11-26,2025-12-10,2025-12-09,353,306,2,13.26,Received
PO-480291,83,SUP-112,B000324,YYC1,2025-11-26,2025-12-10,2025-12-09,424,424,0,50.1,Received
PO-480291,89,SUP-112,B000416,YYZ4,2025-11-26,2025-12-10,2025-12-09,150,134,1,26.43,Received
PO-480450,95,SUP-119,B000018,YYZ4,2025-11-26,2025-12-26,2025-12-24,24,24,0,15.1,Received
PO-480450,92,SUP-119,B000032,YYZ4,2025-11-26,2025-12-26,2025-12-24,6,6,0,10.45,Received
PO-480450,94,SUP-119,B000112,YYZ4,2025-11-26,2025-12-26,2025-12-24,96,96,1,43.81,Received
PO-480450,97,SUP-119,B000159,YVR2,2025-11-26,2025-12-26,2025-12-24,196,196,1,5.08,Received
PO-480450,93,SUP-119,B000175,YUL5,2025-11-26,2025-12-26,2025-12-24,864,864,1,13.44,Received
PO-480450,96,SUP-119,B000206,YVR2,2025-11-26,2025-12-26,2025-12-24,236,236,0,15.92,Received
PO-480255,19,SUP-111,B000005,YVR2,2025-11-27,2025-12-04,2025-12-05,84,84,0,11.5,Received
PO-480255,22,SUP-111,B000109,YYZ4,2025-11-27,2025-12-04,2025-12-05,96,96,0,27.2,Received
PO-480255,21,SUP-111,B000122,YHZ1,2025-11-27,2025-12-04,2025-12-05,1039,1039,4,13.42,Received
PO-480255,16,SUP-111,B000191,YYZ4,2025-11-27,2025-12-04,2025-12-05,7,7,0,12.14,Received
PO-480255,17,SUP-111,B000218,YYZ4,2025-11-27,2025-12-04,2025-12-05,176,176,0,3.34,Received
PO-480255,18,SUP-111,B000232,YYZ4,2025-11-27,2025-12-04,2025-12-05,324,324,0,7.58,Received
PO-480255,20,SUP-111,B000337,YWG2,2025-11-27,2025-12-04,2025-12-05,114,109,0,10.03,Received
PO-480292,94,SUP-112,B000086,YYZ4,2025-12-01,2025-12-15,2025-12-12,436,436,1,8.8,Received
PO-480292,92,SUP-112,B000189,YWG2,2025-12-01,2025-12-15,2025-12-12,104,104,2,11.62,Received
PO-480292,93,SUP-112,B000204,YUL5,2025-12-01,2025-12-15,2025-12-12,156,156,0,25.35,Received
PO-480292,91,SUP-112,B000224,YVR2,2025-12-01,2025-12-15,2025-12-12,192,192,1,5.13,Received
PO-480292,96,SUP-112,B000249,YYZ4,2025-12-01,2025-12-15,2025-12-12,66,66,1,24.19,Received
PO-480292,95,SUP-112,B000286,YYZ4,2025-12-01,2025-12-15,2025-12-12,168,168,1,43.29,Received
PO-480292,97,SUP-112,B000304,YYC1,2025-12-01,2025-12-15,2025-12-12,151,151,0,13.26,Received
PO-480292,90,SUP-112,B000393,YWG2,2025-12-01,2025-12-15,2025-12-12,48,45,0,36.15,Received
PO-480256,24,SUP-111,B000015,YWG2,2025-12-04,2025-12-11,2025-12-10,136,136,0,3.74,Received
PO-480256,28,SUP-111,B000019,YVR2,2025-12-04,2025-12-11,2025-12-10,2423,2423,0,12.51,Received
PO-480256,29,SUP-111,B000072,YYZ4,2025-12-04,2025-12-11,2025-12-10,128,128,0,16.47,Received
PO-480256,27,SUP-111,B000145,YYZ4,2025-12-04,2025-12-11,2025-12-10,48,48,0,13.18,Received
PO-480256,26,SUP-111,B000215,YHZ1,2025-12-04,2025-12-11,2025-12-10,588,588,1,17.08,Received
PO-480256,25,SUP-111,B000232,YUL5,2025-12-04,2025-12-11,2025-12-10,171,171,0,7.58,Received
PO-480256,23,SUP-111,B000404,YYC1,2025-12-04,2025-12-11,2025-12-10,200,200,1,6.26,Received
PO-480293,12,SUP-112,B000118,YYZ4,2025-12-05,2025-12-19,2025-12-16,600,600,1,14.9,Received
PO-480293,15,SUP-112,B000167,YYZ4,2025-12-05,2025-12-19,2025-12-16,48,48,1,7.6,Received
PO-480293,98,SUP-112,B000189,YYZ4,2025-12-05,2025-12-19,2025-12-16,116,104,1,11.62,Received
PO-480293,6,SUP-112,B000192,YYC1,2025-12-05,2025-12-19,2025-12-16,24,24,0,35.26,Received
PO-480293,3,SUP-112,B000224,YUL5,2025-12-05,2025-12-19,2025-12-16,192,192,3,5.13,Received
PO-480293,14,SUP-112,B000248,YVR2,2025-12-05,2025-12-19,2025-12-16,71,58,0,20.2,Received
PO-480293,13,SUP-112,B000249,YYC1,2025-12-05,2025-12-19,2025-12-16,36,36,0,24.19,Received
PO-480293,9,SUP-112,B000272,YYZ4,2025-12-05,2025-12-19,2025-12-16,162,162,2,5.34,Received
PO-480293,5,SUP-112,B000286,YEG3,2025-12-05,2025-12-19,2025-12-16,240,240,3,43.29,Received
PO-480293,8,SUP-112,B000292,YYZ4,2025-12-05,2025-12-19,2025-12-16,66,66,0,32.23,Received
PO-480293,7,SUP-112,B000304,YYZ4,2025-12-05,2025-12-19,2025-12-16,334,334,1,13.26,Received
PO-480293,2,SUP-112,B000324,YWG2,2025-12-05,2025-12-19,2025-12-16,120,120,1,50.1,Received
PO-480293,1,SUP-112,B000339,YYZ4,2025-12-05,2025-12-19,2025-12-16,256,256,3,17.86,Received
PO-480293,10,SUP-112,B000354,YUL5,2025-12-05,2025-12-19,2025-12-16,312,312,4,3.98,Received
PO-480293,4,SUP-112,B000357,YYZ4,2025-12-05,2025-12-19,2025-12-16,544,544,9,2.48,Received
PO-480293,99,SUP-112,B000393,YHZ1,2025-12-05,2025-12-19,2025-12-16,144,144,1,36.15,Received
PO-480293,11,SUP-112,B000416,YWG2,2025-12-05,2025-12-19,2025-12-16,558,558,4,26.43,Received
PO-480392,25,SUP-116,B000179,YYZ4,2025-12-06,2026-01-10,2026-01-26,89,89,1,62.15,Received
PO-480392,15,SUP-116,B000185,YYZ4,2025-12-06,2026-01-10,2026-01-26,240,240,1,23.78,Received
PO-480392,24,SUP-116,B000223,YYC1,2025-12-06,2026-01-10,2026-01-26,420,420,0,48.99,Received
PO-480392,23,SUP-116,B000228,YYZ4,2025-12-06,2026-01-10,2026-01-26,132,132,0,51.13,Received
PO-480392,20,SUP-116,B000234,YHZ1,2025-12-06,2026-01-10,2026-01-26,65,65,0,68.84,Received
PO-480392,14,SUP-116,B000240,YUL5,2025-12-06,2026-01-10,2026-01-26,656,656,2,9.44,Received
PO-480392,17,SUP-116,B000318,YWG2,2025-12-06,2026-01-10,2026-01-26,380,380,1,27.75,Received
PO-480392,19,SUP-116,B000335,YUL5,2025-12-06,2026-01-10,2026-01-26,380,380,1,57.26,Received
PO-480392,21,SUP-116,B000358,YUL5,2025-12-06,2026-01-10,2026-01-26,543,543,3,85.05,Received
PO-480392,16,SUP-116,B000360,YEG3,2025-12-06,2026-01-10,2026-01-26,60,60,0,13.52,Received
PO-480392,18,SUP-116,B000375,YUL5,2025-12-06,2026-01-10,2026-01-26,524,524,0,81.72,Received
PO-480392,22,SUP-116,B000384,YUL5,2025-12-06,2026-01-10,2026-01-26,50,50,0,152.21,Received
PO-480522,65,SUP-122,B000067,YYZ4,2025-12-06,2026-01-06,2025-12-30,1680,1680,2,26.62,Received
PO-480522,68,SUP-122,B000068,YYZ4,2025-12-06,2026-01-06,2025-12-30,24,24,0,53.46,Received
PO-480522,64,SUP-122,B000141,YYZ4,2025-12-06,2026-01-06,2025-12-30,308,308,2,44.89,Received
PO-480522,66,SUP-122,B000235,YHZ1,2025-12-06,2026-01-06,2025-12-30,64,64,0,59.11,Received
PO-480522,63,SUP-122,B000264,YYZ4,2025-12-06,2026-01-06,2025-12-30,78,73,0,32.04,Received
PO-480522,70,SUP-122,B000271,YHZ1,2025-12-06,2026-01-06,2025-12-30,152,126,0,23.34,Received
PO-480522,67,SUP-122,B000285,YYZ4,2025-12-06,2026-01-06,2025-12-30,20,20,0,99.56,Received
PO-480522,69,SUP-122,B000341,YVR2,2025-12-06,2026-01-06,2025-12-30,330,330,1,57.14,Received
PO-480257,39,SUP-111,B000007,YVR2,2025-12-07,2025-12-14,2025-12-14,3973,3973,7,5.45,Received
PO-480257,36,SUP-111,B000015,YYZ4,2025-12-07,2025-12-14,2025-12-14,72,72,0,3.74,Received
PO-480257,30,SUP-111,B000062,YUL5,2025-12-07,2025-12-14,2025-12-14,144,144,0,13.09,Received
PO-480257,38,SUP-111,B000065,YYC1,2025-12-07,2025-12-14,2025-12-14,192,192,0,8.16,Received
PO-480257,34,SUP-111,B000111,YEG3,2025-12-07,2025-12-14,2025-12-14,96,96,0,11.26,Received
PO-480257,31,SUP-111,B000123,YVR2,2025-12-07,2025-12-14,2025-12-14,48,48,0,11.77,Received
PO-480257,32,SUP-111,B000145,YYZ4,2025-12-07,2025-12-14,2025-12-14,48,48,0,13.18,Received
PO-480257,33,SUP-111,B000191,YVR2,2025-12-07,2025-12-14,2025-12-14,3,3,0,12.14,Received
PO-480257,40,SUP-111,B000218,YYC1,2025-12-07,2025-12-14,2025-12-14,152,152,0,3.34,Received
PO-480257,41,SUP-111,B000283,YWG2,2025-12-07,2025-12-14,2025-12-14,642,642,1,5.71,Received
PO-480257,37,SUP-111,B000351,YWG2,2025-12-07,2025-12-14,2025-12-14,1160,1160,4,7.71,Received
PO-480257,35,SUP-111,B000404,YWG2,2025-12-07,2025-12-14,2025-12-14,288,288,0,6.26,Received
PO-480451,3,SUP-119,B000018,YYZ4,2025-12-07,2026-01-06,2025-12-25,60,60,0,15.1,Received
PO-480451,4,SUP-119,B000073,YYZ4,2025-12-07,2026-01-06,2025-12-25,48,48,1,4.65,Received
PO-480451,6,SUP-119,B000112,YYC1,2025-12-07,2026-01-06,2025-12-25,96,96,0,43.81,Received
PO-480451,1,SUP-119,B000125,YUL5,2025-12-07,2026-01-06,2025-12-25,184,184,3,8.87,Received
PO-480451,2,SUP-119,B000159,YYC1,2025-12-07,2026-01-06,2025-12-25,360,360,6,5.08,Received
PO-480451,98,SUP-119,B000175,YUL5,2025-12-07,2026-01-06,2025-12-25,558,558,1,13.44,Received
PO-480451,5,SUP-119,B000206,YVR2,2025-12-07,2026-01-06,2025-12-25,64,64,1,15.92,Received
PO-480451,99,SUP-119,B000331,YYZ4,2025-12-07,2026-01-06,2025-12-25,12,12,0,5.86,Received
PO-480091,42,SUP-104,B000060,YYZ4,2025-12-08,2025-12-18,2025-12-18,264,264,2,14.56,Received
PO-480091,37,SUP-104,B000214,YYZ4,2025-12-08,2025-12-18,2025-12-18,96,96,1,9.98,Received
PO-480091,40,SUP-104,B000233,YUL5,2025-12-08,2025-12-18,2025-12-18,36,36,0,30.93,Received
PO-480091,38,SUP-104,B000290,YVR2,2025-12-08,2025-12-18,2025-12-18,304,304,0,2.29,Received
PO-480091,39,SUP-104,B000367,YUL5,2025-12-08,2025-12-18,2025-12-18,211,211,1,4.19,Received
PO-480091,41,SUP-104,B000371,YUL5,2025-12-08,2025-12-18,2025-12-18,24,24,0,9.71,Received
PO-480091,36,SUP-104,B000412,YYZ4,2025-12-08,2025-12-18,2025-12-18,378,378,2,5.35,Received
PO-480393,31,SUP-116,B000179,YYZ4,2025-12-08,2026-01-12,2026-01-14,326,326,1,62.15,Received
PO-480393,27,SUP-116,B000223,YYZ4,2025-12-08,2026-01-12,2026-01-14,240,222,1,48.99,Received
PO-480393,29,SUP-116,B000228,YYZ4,2025-12-08,2026-01-12,2026-01-14,1368,1368,2,51.13,Received
PO-480393,30,SUP-116,B000318,YUL5,2025-12-08,2026-01-12,2026-01-14,668,668,4,27.75,Received
PO-480393,34,SUP-116,B000335,YHZ1,2025-12-08,2026-01-12,2026-01-14,440,440,0,57.26,Received
PO-480393,33,SUP-116,B000358,YUL5,2025-12-08,2026-01-12,2026-01-14,76,76,0,85.05,Received
PO-480393,26,SUP-116,B000360,YYZ4,2025-12-08,2026-01-12,2026-01-14,36,36,0,13.52,Received
PO-480393,32,SUP-116,B000375,YVR2,2025-12-08,2026-01-12,2026-01-14,796,796,3,81.72,Received
PO-480393,28,SUP-116,B000401,YHZ1,2025-12-08,2026-01-12,2026-01-14,256,256,2,26.64,Received
PO-480020,34,SUP-102,B000011,YEG3,2025-12-09,2026-01-24,2026-02-07,17,17,0,29.3,Received
PO-480020,30,SUP-102,B000080,YUL5,2025-12-09,2026-01-24,2026-02-07,166,166,8,21.75,Received
PO-480020,29,SUP-102,B000081,YHZ1,2025-12-09,2026-01-24,2026-02-07,1761,1761,48,17.12,Received
PO-480020,33,SUP-102,B000089,YUL5,2025-12-09,2026-01-24,2026-02-07,1464,1464,48,29.26,Received
PO-480020,28,SUP-102,B000212,YVR2,2025-12-09,2026-01-24,2026-02-07,347,347,19,38.08,Received
PO-480020,32,SUP-102,B000267,YYC1,2025-12-09,2026-01-24,2026-02-07,432,432,8,35.69,Received
PO-480020,31,SUP-102,B000317,YYZ4,2025-12-09,2026-01-24,2026-02-07,116,116,1,16.4,Received
PO-480020,35,SUP-102,B000373,YHZ1,2025-12-09,2026-01-24,2026-02-07,904,904,18,146.03,Received
PO-480159,88,SUP-106,B000021,YYZ4,2025-12-10,2026-01-03,2026-01-18,216,211,6,16.28,Received
PO-480159,3,SUP-106,B000029,YWG2,2025-12-10,2026-01-03,2026-01-18,840,700,13,12.43,Received
PO-480159,95,SUP-106,B000033,YEG3,2025-12-10,2026-01-03,2026-01-18,96,96,2,25.32,Received
PO-480159,99,SUP-106,B000037,YEG3,2025-12-10,2026-01-03,2026-01-18,48,48,1,22.46,Received
PO-480159,1,SUP-106,B000039,YVR2,2025-12-10,2026-01-03,2026-01-18,84,84,1,19.83,Received
PO-480159,90,SUP-106,B000066,YYZ4,2025-12-10,2026-01-03,2026-01-18,654,555,7,24.86,Received
PO-480159,97,SUP-106,B000101,YUL5,2025-12-10,2026-01-03,2026-01-18,303,303,8,32.63,Received
PO-480159,91,SUP-106,B000127,YEG3,2025-12-10,2026-01-03,2026-01-18,66,61,1,15.81,Received
PO-480159,96,SUP-106,B000142,YUL5,2025-12-10,2026-01-03,2026-01-18,72,72,1,12.57,Received
PO-480159,89,SUP-106,B000251,YYZ4,2025-12-10,2026-01-03,2026-01-18,29,29,1,12.22,Received
PO-480159,2,SUP-106,B000255,YHZ1,2025-12-10,2026-01-03,2026-01-18,24,24,0,18.41,Received
PO-480159,5,SUP-106,B000288,YVR2,2025-12-10,2026-01-03,2026-01-18,156,156,1,9.3,Received
PO-480159,4,SUP-106,B000301,YYZ4,2025-12-10,2026-01-03,2026-01-18,56,56,0,37.32,Received
PO-480159,92,SUP-106,B000307,YUL5,2025-12-10,2026-01-03,2026-01-18,24,24,0,10.55,Received
PO-480159,94,SUP-106,B000319,YYZ4,2025-12-10,2026-01-03,2026-01-18,108,108,2,45.53,Received
PO-480159,93,SUP-106,B000362,YYZ4,2025-12-10,2026-01-03,2026-01-18,1716,1716,7,52.53,Received
PO-480159,98,SUP-106,B000389,YUL5,2025-12-10,2026-01-03,2026-01-18,48,48,1,28.39,Received
PO-480126,10,SUP-105,B000016,YEG3,2025-12-12,2025-12-21,2025-12-18,396,396,2,22.7,Received
PO-480126,18,SUP-105,B000023,YYC1,2025-12-12,2025-12-21,2025-12-18,48,48,0,55.53,Received
PO-480126,13,SUP-105,B000025,YYZ4,2025-12-12,2025-12-21,2025-12-18,64,64,0,34.44,Received
PO-480126,15,SUP-105,B000043,YYZ4,2025-12-12,2025-12-21,2025-12-18,8,8,0,81.24,Received
PO-480126,12,SUP-105,B000071,YUL5,2025-12-12,2025-12-21,2025-12-18,96,96,0,52.68,Received
PO-480126,9,SUP-105,B000092,YWG2,2025-12-12,2025-12-21,2025-12-18,48,48,0,37.96,Received
PO-480126,8,SUP-105,B000213,YVR2,2025-12-12,2025-12-21,2025-12-18,392,376,3,46.02,Received
PO-480126,6,SUP-105,B000216,YYZ4,2025-12-12,2025-12-21,2025-12-18,84,84,0,49.89,Received
PO-480126,11,SUP-105,B000259,YYC1,2025-12-12,2025-12-21,2025-12-18,464,464,3,17.17,Received
PO-480126,7,SUP-105,B000263,YHZ1,2025-12-12,2025-12-21,2025-12-18,108,108,1,50.34,Received
PO-480126,14,SUP-105,B000282,YVR2,2025-12-12,2025-12-21,2025-12-18,92,92,0,55.18,Received
PO-480126,16,SUP-105,B000308,YHZ1,2025-12-12,2025-12-21,2025-12-18,96,96,1,10.93,Received
PO-480126,5,SUP-105,B000320,YYC1,2025-12-12,2025-12-21,2025-12-18,108,108,0,15.12,Received
PO-480126,17,SUP-105,B000369,YYZ4,2025-12-12,2025-12-21,2025-12-18,48,48,0,12.66,Received
PO-480126,19,SUP-105,B000380,YEG3,2025-12-12,2025-12-21,2025-12-18,28,28,0,31.53,Received
PO-480327,99,SUP-113,B000070,YYC1,2025-12-12,2025-12-28,2026-01-05,533,533,7,8.73,Received
PO-480327,1,SUP-113,B000106,YEG3,2025-12-12,2025-12-28,2026-01-05,96,96,1,11.64,Received
PO-480327,92,SUP-113,B000135,YVR2,2025-12-12,2025-12-28,2026-01-05,48,48,1,13.09,Received
PO-480327,95,SUP-113,B000136,YUL5,2025-12-12,2025-12-28,2026-01-05,32,32,0,38.25,Received
PO-480327,93,SUP-113,B000154,YUL5,2025-12-12,2025-12-28,2026-01-05,192,192,0,6.27,Received
PO-480327,2,SUP-113,B000182,YVR2,2025-12-12,2025-12-28,2026-01-05,572,572,11,8.68,Received
PO-480327,98,SUP-113,B000186,YYZ4,2025-12-12,2025-12-28,2026-01-05,24,24,0,7.27,Received
PO-480327,94,SUP-113,B000198,YUL5,2025-12-12,2025-12-28,2026-01-05,168,168,2,27.58,Received
PO-480327,91,SUP-113,B000231,YEG3,2025-12-12,2025-12-28,2026-01-05,54,54,1,17.01,Received
PO-480327,96,SUP-113,B000334,YYZ4,2025-12-12,2025-12-28,2026-01-05,6,6,0,8.22,Received
PO-480327,97,SUP-113,B000395,YYZ4,2025-12-12,2025-12-28,2026-01-05,56,56,1,9.53,Received
PO-480486,86,SUP-120,B000008,YYZ4,2025-12-12,2025-12-18,2025-12-18,64,64,0,3.7,Received
PO-480486,80,SUP-120,B000012,YVR2,2025-12-12,2025-12-18,2025-12-18,48,48,0,9.46,Received
PO-480486,76,SUP-120,B000052,YUL5,2025-12-12,2025-12-18,2025-12-18,100,100,0,3.12,Received
PO-480486,89,SUP-120,B000130,YVR2,2025-12-12,2025-12-18,2025-12-18,192,192,1,4.08,Received
PO-480486,81,SUP-120,B000195,YVR2,2025-12-12,2025-12-18,2025-12-18,16,14,0,6.65,Received
PO-480486,83,SUP-120,B000196,YYC1,2025-12-12,2025-12-18,2025-12-18,3,3,0,7.3,Received
PO-480486,79,SUP-120,B000199,YWG2,2025-12-12,2025-12-18,2025-12-18,92,92,0,17.21,Received
PO-480486,84,SUP-120,B000210,YYZ4,2025-12-12,2025-12-18,2025-12-18,372,372,1,2.12,Received
PO-480486,87,SUP-120,B000250,YYC1,2025-12-12,2025-12-18,2025-12-18,72,72,0,3.15,Received
PO-480486,78,SUP-120,B000269,YYZ4,2025-12-12,2025-12-18,2025-12-18,24,24,0,2.24,Received
PO-480486,85,SUP-120,B000310,YYZ4,2025-12-12,2025-12-18,2025-12-18,32,32,0,2.96,Received
PO-480486,88,SUP-120,B000321,YWG2,2025-12-12,2025-12-18,2025-12-18,72,72,0,8.49,Received
PO-480486,77,SUP-120,B000338,YUL5,2025-12-12,2025-12-18,2025-12-18,136,136,0,3.88,Received
PO-480486,82,SUP-120,B000365,YYZ4,2025-12-12,2025-12-18,2025-12-18,102,102,0,4.97,Received
PO-480021,48,SUP-102,B000001,YUL5,2025-12-14,2026-01-29,2026-02-27,84,84,1,32.03,Received
PO-480021,37,SUP-102,B000011,YEG3,2025-12-14,2026-01-29,2026-02-27,57,57,3,29.3,Received
PO-480021,42,SUP-102,B000046,YEG3,2025-12-14,2026-01-29,2026-02-27,1740,1740,27,14.59,Received
PO-480021,36,SUP-102,B000074,YYC1,2025-12-14,2026-01-29,2026-02-27,363,363,16,11.14,Received
PO-480021,50,SUP-102,B000081,YEG3,2025-12-14,2026-01-29,2026-02-27,559,447,9,17.12,Received
PO-480021,41,SUP-102,B000089,YUL5,2025-12-14,2026-01-29,2026-02-27,1152,1152,17,29.26,Received
PO-480021,39,SUP-102,B000090,YHZ1,2025-12-14,2026-01-29,2026-02-27,15486,15486,32,30.31,Received
PO-480021,40,SUP-102,B000131,YVR2,2025-12-14,2026-01-29,2026-02-27,576,576,21,72.17,Received
PO-480021,44,SUP-102,B000212,YHZ1,2025-12-14,2026-01-29,2026-02-27,3770,3770,204,38.08,Received
PO-480021,43,SUP-102,B000252,YEG3,2025-12-14,2026-01-29,2026-02-27,317,317,15,52.05,Received
PO-480021,49,SUP-102,B000267,YHZ1,2025-12-14,2026-01-29,2026-02-27,1080,1080,42,35.69,Received
PO-480021,51,SUP-102,B000280,YVR2,2025-12-14,2026-01-29,2026-02-27,5904,5904,180,18.32,Received
PO-480021,47,SUP-102,B000306,YYC1,2025-12-14,2026-01-29,2026-02-27,888,888,12,64.71,Received
PO-480021,46,SUP-102,B000346,YVR2,2025-12-14,2026-01-29,2026-02-27,867,867,37,26.44,Received
PO-480021,45,SUP-102,B000355,YVR2,2025-12-14,2026-01-29,2026-02-27,198,198,2,14.03,Received
PO-480021,38,SUP-102,B000373,YEG3,2025-12-14,2026-01-29,2026-02-27,692,692,26,146.03,Received
PO-480048,96,SUP-103,B000024,YWG2,2025-12-15,2025-12-27,2025-12-25,504,504,6,24.8,Received
PO-480048,98,SUP-103,B000079,YEG3,2025-12-15,2025-12-27,2025-12-25,112,112,0,12.85,Received
PO-480048,94,SUP-103,B000119,YYZ4,2025-12-15,2025-12-27,2025-12-25,36,36,0,15.29,Received
PO-480048,93,SUP-103,B000133,YVR2,2025-12-15,2025-12-27,2025-12-25,28,28,0,15.18,Received
PO-480048,92,SUP-103,B000194,YEG3,2025-12-15,2025-12-27,2025-12-25,32,27,0,12.16,Received
PO-480048,91,SUP-103,B000246,YYZ4,2025-12-15,2025-12-27,2025-12-25,24,24,0,48.07,Received
PO-480048,3,SUP-103,B000273,YYZ4,2025-12-15,2025-12-27,2025-12-25,32,32,0,23.72,Received
PO-480048,1,SUP-103,B000278,YVR2,2025-12-15,2025-12-27,2025-12-25,12,12,0,38.05,Received
PO-480048,97,SUP-103,B000295,YVR2,2025-12-15,2025-12-27,2025-12-25,9,7,0,18.76,Received
PO-480048,99,SUP-103,B000312,YYC1,2025-12-15,2025-12-27,2025-12-25,451,451,2,11.5,Received
PO-480048,7,SUP-103,B000348,YEG3,2025-12-15,2025-12-27,2025-12-25,592,592,6,9.96,Received
PO-480048,6,SUP-103,B000374,YYC1,2025-12-15,2025-12-27,2025-12-25,17,17,0,10.68,Received
PO-480048,2,SUP-103,B000382,YEG3,2025-12-15,2025-12-27,2025-12-25,344,344,0,9.75,Received
PO-480048,95,SUP-103,B000387,YWG2,2025-12-15,2025-12-27,2025-12-25,234,206,0,40.99,Received
PO-480048,4,SUP-103,B000399,YYZ4,2025-12-15,2025-12-27,2025-12-25,24,24,0,19.26,Received
PO-480048,5,SUP-103,B000413,YWG2,2025-12-15,2025-12-27,2025-12-25,72,72,0,27.73,Received
PO-480127,26,SUP-105,B000016,YYC1,2025-12-18,2025-12-27,2025-12-24,216,204,0,22.7,Received
PO-480127,24,SUP-105,B000023,YYC1,2025-12-18,2025-12-27,2025-12-24,16,16,0,55.53,Received
PO-480127,31,SUP-105,B000025,YYZ4,2025-12-18,2025-12-27,2025-12-24,24,24,0,34.44,Received
PO-480127,23,SUP-105,B000043,YVR2,2025-12-18,2025-12-27,2025-12-24,12,12,0,81.24,Received
PO-480127,32,SUP-105,B000071,YYZ4,2025-12-18,2025-12-27,2025-12-24,48,48,0,52.68,Received
PO-480127,22,SUP-105,B000092,YUL5,2025-12-18,2025-12-27,2025-12-24,48,48,0,37.96,Received
PO-480127,28,SUP-105,B000153,YWG2,2025-12-18,2025-12-27,2025-12-24,450,450,0,9.61,Received
PO-480127,34,SUP-105,B000213,YVR2,2025-12-18,2025-12-27,2025-12-24,152,152,0,46.02,Received
PO-480127,30,SUP-105,B000259,YYC1,2025-12-18,2025-12-27,2025-12-24,70,70,0,17.17,Received
PO-480127,21,SUP-105,B000263,YVR2,2025-12-18,2025-12-27,2025-12-24,176,176,1,50.34,Received
PO-480127,35,SUP-105,B000282,YYZ4,2025-12-18,2025-12-27,2025-12-24,287,287,1,55.18,Received
PO-480127,33,SUP-105,B000284,YVR2,2025-12-18,2025-12-27,2025-12-24,305,305,2,19.61,Received
PO-480127,29,SUP-105,B000308,YEG3,2025-12-18,2025-12-27,2025-12-24,96,96,0,10.93,Received
PO-480127,36,SUP-105,B000361,YYC1,2025-12-18,2025-12-27,2025-12-24,192,192,1,25.9,Received
PO-480127,27,SUP-105,B000369,YEG3,2025-12-18,2025-12-27,2025-12-24,48,48,0,12.66,Received
PO-480127,25,SUP-105,B000380,YEG3,2025-12-18,2025-12-27,2025-12-24,200,200,1,31.53,Received
PO-480127,20,SUP-105,B000410,YHZ1,2025-12-18,2025-12-27,2025-12-24,96,96,0,31.02,Received
PO-480258,49,SUP-111,B000005,YYC1,2025-12-18,2025-12-25,2025-12-22,24,24,0,11.5,Received
PO-480258,53,SUP-111,B000007,YHZ1,2025-12-18,2025-12-25,2025-12-22,5042,5042,5,5.45,Received
PO-480258,43,SUP-111,B000062,YUL5,2025-12-18,2025-12-25,2025-12-22,96,96,0,13.09,Received
PO-480258,52,SUP-111,B000072,YUL5,2025-12-18,2025-12-25,2025-12-22,60,60,0,16.47,Received
PO-480258,50,SUP-111,B000102,YUL5,2025-12-18,2025-12-25,2025-12-22,692,692,0,4.23,Received
PO-480258,44,SUP-111,B000123,YYZ4,2025-12-18,2025-12-25,2025-12-22,96,96,0,11.77,Received
PO-480258,47,SUP-111,B000191,YYZ4,2025-12-18,2025-12-25,2025-12-22,2,2,0,12.14,Received
PO-480258,42,SUP-111,B000203,YVR2,2025-12-18,2025-12-25,2025-12-22,112,112,0,5.75,Received
PO-480258,51,SUP-111,B000215,YVR2,2025-12-18,2025-12-25,2025-12-22,120,120,1,17.08,Received
PO-480258,45,SUP-111,B000218,YYC1,2025-12-18,2025-12-25,2025-12-22,64,64,0,3.34,Received
PO-480258,46,SUP-111,B000337,YWG2,2025-12-18,2025-12-25,2025-12-22,96,96,0,10.03,Received
PO-480258,48,SUP-111,B000351,YEG3,2025-12-18,2025-12-25,2025-12-22,1104,1104,2,7.71,Received
PO-480434,25,SUP-118,B000069,YVR2,2025-12-19,2026-01-20,2026-01-10,180,180,1,11.1,Received
PO-480434,20,SUP-118,B000083,YYC1,2025-12-19,2026-01-20,2026-01-10,290,290,4,25.64,Received
PO-480434,22,SUP-118,B000108,YYC1,2025-12-19,2026-01-20,2026-01-10,2983,2806,34,27.52,Received
PO-480434,19,SUP-118,B000110,YVR2,2025-12-19,2026-01-20,2026-01-10,340,340,4,27.06,Received
PO-480434,16,SUP-118,B000124,YHZ1,2025-12-19,2026-01-20,2026-01-10,400,400,2,19.28,Received
PO-480434,21,SUP-118,B000155,YVR2,2025-12-19,2026-01-20,2026-01-10,70,70,1,16.62,Received
PO-480434,26,SUP-118,B000156,YEG3,2025-12-19,2026-01-20,2026-01-10,450,450,8,14.32,Received
PO-480434,30,SUP-118,B000166,YYC1,2025-12-19,2026-01-20,2026-01-10,168,168,2,22.72,Received
PO-480434,18,SUP-118,B000222,YVR2,2025-12-19,2026-01-20,2026-01-10,84,84,0,12.18,Received
PO-480434,23,SUP-118,B000230,YYZ4,2025-12-19,2026-01-20,2026-01-10,560,560,2,10.67,Received
PO-480434,24,SUP-118,B000238,YHZ1,2025-12-19,2026-01-20,2026-01-10,976,976,3,33.37,Received
PO-480434,27,SUP-118,B000243,YUL5,2025-12-19,2026-01-20,2026-01-10,176,176,3,45.01,Received
PO-480434,15,SUP-118,B000311,YYC1,2025-12-19,2026-01-20,2026-01-10,215,215,0,23.78,Received
PO-480434,29,SUP-118,B000330,YYC1,2025-12-19,2026-01-20,2026-01-10,528,528,4,34.27,Received
PO-480434,17,SUP-118,B000340,YVR2,2025-12-19,2026-01-20,2026-01-10,128,128,2,41.74,Received
PO-480434,28,SUP-118,B000372,YYC1,2025-12-19,2026-01-20,2026-01-10,269,269,0,17.44,Received
PO-480200,87,SUP-108,B000084,YHZ1,2025-12-20,2026-01-27,2026-02-13,96,96,2,10.08,Received
PO-480200,81,SUP-108,B000144,YHZ1,2025-12-20,2026-01-27,2026-02-13,126,126,1,16.5,Received
PO-480200,82,SUP-108,B000226,YUL5,2025-12-20,2026-01-27,2026-02-13,248,248,1,18.36,Received
PO-480200,83,SUP-108,B000254,YVR2,2025-12-20,2026-01-27,2026-02-13,360,360,7,7.63,Received
PO-480200,84,SUP-108,B000268,YUL5,2025-12-20,2026-01-27,2026-02-13,19,19,0,24.53,Received
PO-480200,85,SUP-108,B000299,YVR2,2025-12-20,2026-01-27,2026-02-13,64,64,1,8.34,Received
PO-480200,79,SUP-108,B000313,YUL5,2025-12-20,2026-01-27,2026-02-13,1816,1816,32,19.4,Received
PO-480200,80,SUP-108,B000332,YWG2,2025-12-20,2026-01-27,2026-02-13,328,328,2,37.15,Received
PO-480200,86,SUP-108,B000397,YEG3,2025-12-20,2026-01-27,2026-02-13,144,144,3,29.7,Received
PO-480328,6,SUP-113,B000059,YYZ4,2025-12-21,2026-01-06,2026-01-09,276,276,5,55.06,Received
PO-480328,4,SUP-113,B000091,YYC1,2025-12-21,2026-01-06,2026-01-09,48,48,1,40.85,Received
PO-480328,5,SUP-113,B000106,YYC1,2025-12-21,2026-01-06,2026-01-09,96,96,1,11.64,Received
PO-480328,7,SUP-113,B000135,YYZ4,2025-12-21,2026-01-06,2026-01-09,66,66,1,13.09,Received
PO-480328,8,SUP-113,B000136,YYZ4,2025-12-21,2026-01-06,2026-01-09,24,24,0,38.25,Received
PO-480328,3,SUP-113,B000154,YHZ1,2025-12-21,2026-01-06,2026-01-09,456,409,3,6.27,Received
PO-480328,9,SUP-113,B000231,YYZ4,2025-12-21,2026-01-06,2026-01-09,390,340,4,17.01,Received
PO-480376,25,SUP-115,B000010,YVR2,2025-12-21,2026-01-23,2026-01-19,6744,6744,69,22.5,Received
PO-480376,24,SUP-115,B000035,YYZ4,2025-12-21,2026-01-23,2026-01-19,96,96,0,30.33,Received
PO-480376,19,SUP-115,B000040,YYZ4,2025-12-21,2026-01-23,2026-01-19,190,190,2,78.85,Received
PO-480376,16,SUP-115,B000047,YYZ4,2025-12-21,2026-01-23,2026-01-19,396,396,4,63.07,Received
PO-480376,20,SUP-115,B000053,YUL5,2025-12-21,2026-01-23,2026-01-19,39,39,0,15.69,Received
PO-480376,21,SUP-115,B000126,YYZ4,2025-12-21,2026-01-23,2026-01-19,676,676,1,5.33,Received
PO-480376,23,SUP-115,B000241,YYC1,2025-12-21,2026-01-23,2026-01-19,1656,1314,4,43.91,Received
PO-480376,26,SUP-115,B000244,YEG3,2025-12-21,2026-01-23,2026-01-19,180,180,0,31.25,Received
PO-480376,18,SUP-115,B000300,YYZ4,2025-12-21,2026-01-23,2026-01-19,348,348,2,30.93,Received
PO-480376,22,SUP-115,B000333,YYZ4,2025-12-21,2026-01-23,2026-01-19,104,104,0,53.66,Received
PO-480376,17,SUP-115,B000377,YUL5,2025-12-21,2026-01-23,2026-01-19,16,16,0,61.98,Received
PO-480160,8,SUP-106,B000021,YUL5,2025-12-22,2026-01-15,2026-01-29,112,112,1,16.28,Received
PO-480160,17,SUP-106,B000037,YYC1,2025-12-22,2026-01-15,2026-01-29,30,30,0,22.46,Received
PO-480160,7,SUP-106,B000066,YYZ4,2025-12-22,2026-01-15,2026-01-29,708,708,3,24.86,Received
PO-480160,9,SUP-106,B000098,YYZ4,2025-12-22,2026-01-15,2026-01-29,84,84,1,13.55,Received
PO-480160,15,SUP-106,B000101,YUL5,2025-12-22,2026-01-15,2026-01-29,153,153,1,32.63,Received
PO-480160,10,SUP-106,B000142,YUL5,2025-12-22,2026-01-15,2026-01-29,492,492,12,12.57,Received
PO-480160,12,SUP-106,B000202,YEG3,2025-12-22,2026-01-15,2026-01-29,844,844,4,26.75,Received
PO-480160,18,SUP-106,B000255,YYZ4,2025-12-22,2026-01-15,2026-01-29,24,24,1,18.41,Received
PO-480160,11,SUP-106,B000294,YUL5,2025-12-22,2026-01-15,2026-01-29,228,228,2,42.52,Received
PO-480160,19,SUP-106,B000301,YUL5,2025-12-22,2026-01-15,2026-01-29,136,136,3,37.32,Received
PO-480160,6,SUP-106,B000307,YYZ4,2025-12-22,2026-01-15,2026-01-29,24,23,0,10.55,Received
PO-480160,16,SUP-106,B000316,YYZ4,2025-12-22,2026-01-15,2026-01-29,176,176,3,11.05,Received
PO-480160,14,SUP-106,B000383,YEG3,2025-12-22,2026-01-15,2026-01-29,312,282,4,12.08,Received
PO-480160,13,SUP-106,B000389,YYZ4,2025-12-22,2026-01-15,2026-01-29,96,96,0,28.39,Received
PO-480181,86,SUP-107,B000044,YYZ4,2025-12-22,2026-01-25,2026-01-28,372,362,2,49.42,Received
PO-480181,90,SUP-107,B000064,YVR2,2025-12-22,2026-01-25,2026-01-28,241,241,3,40.08,Received
PO-480181,89,SUP-107,B000104,YYZ4,2025-12-22,2026-01-25,2026-01-28,60,60,0,16.04,Received
PO-480181,87,SUP-107,B000117,YEG3,2025-12-22,2026-01-25,2026-01-28,192,192,1,10.32,Received
PO-480181,96,SUP-107,B000121,YUL5,2025-12-22,2026-01-25,2026-01-28,9,9,0,27.65,Received
PO-480181,91,SUP-107,B000148,YUL5,2025-12-22,2026-01-25,2026-01-28,132,132,1,21.53,Received
PO-480181,94,SUP-107,B000173,YYC1,2025-12-22,2026-01-25,2026-01-28,36,36,0,20.12,Received
PO-480181,88,SUP-107,B000200,YUL5,2025-12-22,2026-01-25,2026-01-28,132,125,0,42.44,Received
PO-480181,93,SUP-107,B000336,YEG3,2025-12-22,2026-01-25,2026-01-28,60,60,0,61.89,Received
PO-480181,92,SUP-107,B000350,YYZ4,2025-12-22,2026-01-25,2026-01-28,192,192,0,48.35,Received
PO-480181,95,SUP-107,B000394,YHZ1,2025-12-22,2026-01-25,2026-01-28,1272,1272,5,19.24,Received
PO-480487,2,SUP-120,B000008,YUL5,2025-12-22,2025-12-28,2025-12-28,224,224,0,3.7,Received
PO-480487,95,SUP-120,B000012,YUL5,2025-12-22,2025-12-28,2025-12-28,60,60,0,9.46,Received
PO-480487,92,SUP-120,B000052,YEG3,2025-12-22,2025-12-28,2025-12-28,142,126,0,3.12,Received
PO-480487,5,SUP-120,B000130,YYZ4,2025-12-22,2025-12-28,2025-12-28,96,93,0,4.08,Received
PO-480487,97,SUP-120,B000195,YYZ4,2025-12-22,2025-12-28,2025-12-28,16,16,0,6.65,Received
PO-480487,1,SUP-120,B000196,YYC1,2025-12-22,2025-12-28,2025-12-28,4,4,0,7.3,Received
PO-480487,94,SUP-120,B000197,YYZ4,2025-12-22,2025-12-28,2025-12-28,66,66,0,7.26,Received
PO-480487,4,SUP-120,B000199,YYZ4,2025-12-22,2025-12-28,2025-12-28,72,72,0,17.21,Received
PO-480487,93,SUP-120,B000210,YYC1,2025-12-22,2025-12-28,2025-12-28,108,108,0,2.12,Received
PO-480487,91,SUP-120,B000250,YHZ1,2025-12-22,2025-12-28,2025-12-28,52,52,0,3.15,Received
PO-480487,96,SUP-120,B000269,YYC1,2025-12-22,2025-12-28,2025-12-28,24,24,0,2.24,Received
PO-480487,99,SUP-120,B000310,YYZ4,2025-12-22,2025-12-28,2025-12-28,100,100,0,2.96,Received
PO-480487,98,SUP-120,B000321,YYC1,2025-12-22,2025-12-28,2025-12-28,16,16,0,8.49,Received
PO-480487,3,SUP-120,B000338,YHZ1,2025-12-22,2025-12-28,2025-12-28,120,120,0,3.88,Received
PO-480487,90,SUP-120,B000365,YYZ4,2025-12-22,2025-12-28,2025-12-28,66,66,0,4.97,Received
PO-480259,67,SUP-111,B000005,YYZ4,2025-12-23,2025-12-30,2025-12-28,72,72,0,11.5,Received
PO-480259,69,SUP-111,B000007,YUL5,2025-12-23,2025-12-30,2025-12-28,3225,3225,0,5.45,Received
PO-480259,56,SUP-111,B000015,YEG3,2025-12-23,2025-12-30,2025-12-28,176,176,0,3.74,Received
PO-480259,61,SUP-111,B000019,YYC1,2025-12-23,2025-12-30,2025-12-28,886,753,2,12.51,Received
PO-480259,57,SUP-111,B000062,YYC1,2025-12-23,2025-12-30,2025-12-28,96,82,0,13.09,Received
PO-480259,59,SUP-111,B000065,YYC1,2025-12-23,2025-12-30,2025-12-28,40,40,0,8.16,Received
PO-480259,60,SUP-111,B000102,YHZ1,2025-12-23,2025-12-30,2025-12-28,388,388,1,4.23,Received
PO-480259,54,SUP-111,B000111,YYZ4,2025-12-23,2025-12-30,2025-12-28,48,48,0,11.26,Received
PO-480259,63,SUP-111,B000122,YYC1,2025-12-23,2025-12-30,2025-12-28,1015,1015,3,13.42,Received
PO-480259,68,SUP-111,B000123,YUL5,2025-12-23,2025-12-30,2025-12-28,72,72,0,11.77,Received
PO-480259,66,SUP-111,B000147,YUL5,2025-12-23,2025-12-30,2025-12-28,102,83,0,34.39,Received
PO-480259,58,SUP-111,B000218,YUL5,2025-12-23,2025-12-30,2025-12-28,124,124,0,3.34,Received
PO-480259,64,SUP-111,B000232,YUL5,2025-12-23,2025-12-30,2025-12-28,201,160,0,7.58,Received
PO-480259,62,SUP-111,B000283,YEG3,2025-12-23,2025-12-30,2025-12-28,240,240,1,5.71,Received
PO-480259,70,SUP-111,B000337,YWG2,2025-12-23,2025-12-30,2025-12-28,48,48,0,10.03,Received
PO-480259,71,SUP-111,B000351,YEG3,2025-12-23,2025-12-30,2025-12-28,2032,2032,9,7.71,Received
PO-480259,65,SUP-111,B000404,YHZ1,2025-12-23,2025-12-30,2025-12-28,296,296,0,6.26,Received
PO-480259,55,SUP-111,B000418,YYC1,2025-12-23,2025-12-30,2025-12-28,192,192,0,20.14,Received
PO-480394,36,SUP-116,B000164,YEG3,2025-12-23,2026-01-27,2026-01-18,256,256,1,52.28,Received
PO-480394,38,SUP-116,B000185,YYZ4,2025-12-23,2026-01-27,2026-01-18,1488,1488,5,23.78,Received
PO-480394,44,SUP-116,B000223,YUL5,2025-12-23,2026-01-27,2026-01-18,180,180,1,48.99,Received
PO-480394,41,SUP-116,B000228,YYZ4,2025-12-23,2026-01-27,2026-01-18,768,768,4,51.13,Received
PO-480394,42,SUP-116,B000234,YHZ1,2025-12-23,2026-01-27,2026-01-18,57,57,0,68.84,Received
PO-480394,37,SUP-116,B000240,YUL5,2025-12-23,2026-01-27,2026-01-18,584,584,0,9.44,Received
PO-480394,45,SUP-116,B000335,YYZ4,2025-12-23,2026-01-27,2026-01-18,1100,1100,7,57.26,Received
PO-480394,39,SUP-116,B000358,YUL5,2025-12-23,2026-01-27,2026-01-18,225,225,1,85.05,Received
PO-480394,35,SUP-116,B000360,YYZ4,2025-12-23,2026-01-27,2026-01-18,44,44,0,13.52,Received
PO-480394,40,SUP-116,B000375,YUL5,2025-12-23,2026-01-27,2026-01-18,836,836,5,81.72,Received
PO-480394,43,SUP-116,B000384,YVR2,2025-12-23,2026-01-27,2026-01-18,168,168,1,152.21,Received
PO-480092,48,SUP-104,B000060,YYZ4,2025-12-25,2026-01-04,2026-01-02,76,76,0,14.56,Received
PO-480092,45,SUP-104,B000077,YYZ4,2025-12-25,2026-01-04,2026-01-02,192,192,1,55.44,Received
PO-480092,46,SUP-104,B000140,YYC1,2025-12-25,2026-01-04,2026-01-02,108,108,0,5.15,Received
PO-480092,49,SUP-104,B000150,YUL5,2025-12-25,2026-01-04,2026-01-02,8,8,0,2.47,Received
PO-480092,47,SUP-104,B000257,YVR2,2025-12-25,2026-01-04,2026-01-02,3412,3412,27,12.7,Received
PO-480092,43,SUP-104,B000367,YUL5,2025-12-25,2026-01-04,2026-01-02,63,63,0,4.19,Received
PO-480092,44,SUP-104,B000388,YYZ4,2025-12-25,2026-01-04,2026-01-02,12,12,0,19.55,Received
PO-480488,15,SUP-120,B000008,YYZ4,2025-12-25,2025-12-31,2026-01-01,156,156,0,3.7,Received
PO-480488,7,SUP-120,B000052,YUL5,2025-12-25,2025-12-31,2026-01-01,116,116,0,3.12,Received
PO-480488,13,SUP-120,B000130,YUL5,2025-12-25,2025-12-31,2026-01-01,24,24,0,4.08,Received
PO-480488,11,SUP-120,B000197,YUL5,2025-12-25,2025-12-31,2026-01-01,60,60,0,7.26,Received
PO-480488,8,SUP-120,B000199,YYZ4,2025-12-25,2025-12-31,2026-01-01,64,64,0,17.21,Received
PO-480488,16,SUP-120,B000210,YUL5,2025-12-25,2025-12-31,2026-01-01,192,169,1,2.12,Received
PO-480488,6,SUP-120,B000250,YYZ4,2025-12-25,2025-12-31,2026-01-01,136,136,0,3.15,Received
PO-480488,9,SUP-120,B000269,YYC1,2025-12-25,2025-12-31,2026-01-01,24,24,0,2.24,Received
PO-480488,12,SUP-120,B000310,YYZ4,2025-12-25,2025-12-31,2026-01-01,228,228,1,2.96,Received
PO-480488,14,SUP-120,B000321,YYC1,2025-12-25,2025-12-31,2026-01-01,32,32,0,8.49,Received
PO-480488,10,SUP-120,B000338,YYZ4,2025-12-25,2025-12-31,2026-01-01,440,440,0,3.88,Received
PO-480093,65,SUP-104,B000060,YYC1,2025-12-27,2026-01-06,2026-01-06,556,556,2,14.56,Received
PO-480093,60,SUP-104,B000088,YWG2,2025-12-27,2026-01-06,2026-01-06,136,136,1,22.27,Received
PO-480093,59,SUP-104,B000093,YYZ4,2025-12-27,2026-01-06,2026-01-06,144,144,1,3.57,Received
PO-480093,64,SUP-104,B000095,YEG3,2025-12-27,2026-01-06,2026-01-06,336,336,3,4.5,Received
PO-480093,57,SUP-104,B000140,YYZ4,2025-12-27,2026-01-06,2026-01-06,48,48,0,5.15,Received
PO-480093,62,SUP-104,B000150,YYZ4,2025-12-27,2026-01-06,2026-01-06,8,8,0,2.47,Received
PO-480093,56,SUP-104,B000168,YVR2,2025-12-27,2026-01-06,2026-01-06,54,54,0,8.87,Received
PO-480093,51,SUP-104,B000214,YUL5,2025-12-27,2026-01-06,2026-01-06,96,84,1,9.98,Received
PO-480093,61,SUP-104,B000233,YYZ4,2025-12-27,2026-01-06,2026-01-06,24,24,0,30.93,Received
PO-480093,52,SUP-104,B000256,YWG2,2025-12-27,2026-01-06,2026-01-06,96,96,1,17.41,Received
PO-480093,50,SUP-104,B000257,YEG3,2025-12-27,2026-01-06,2026-01-06,1752,1752,4,12.7,Received
PO-480093,63,SUP-104,B000290,YYZ4,2025-12-27,2026-01-06,2026-01-06,224,224,2,2.29,Received
PO-480093,53,SUP-104,B000367,YEG3,2025-12-27,2026-01-06,2026-01-06,91,91,0,4.19,Received
PO-480093,55,SUP-104,B000371,YUL5,2025-12-27,2026-01-06,2026-01-06,24,23,0,9.71,Received
PO-480093,54,SUP-104,B000390,YYC1,2025-12-27,2026-01-06,2026-01-06,240,240,1,10.78,Received
PO-480093,58,SUP-104,B000412,YUL5,2025-12-27,2026-01-06,2026-01-06,588,533,2,5.35,Received
PO-480329,15,SUP-113,B000028,YEG3,2025-12-27,2026-01-12,2026-01-16,15,14,0,33.32,Received
PO-480329,16,SUP-113,B000030,YUL5,2025-12-27,2026-01-12,2026-01-16,96,86,2,26.33,Received
PO-480329,20,SUP-113,B000063,YVR2,2025-12-27,2026-01-12,2026-01-16,106,106,0,20.49,Received
PO-480329,10,SUP-113,B000070,YEG3,2025-12-27,2026-01-12,2026-01-16,343,343,6,8.73,Received
PO-480329,12,SUP-113,B000078,YYZ4,2025-12-27,2026-01-12,2026-01-16,12,11,0,172.65,Received
PO-480329,13,SUP-113,B000091,YYZ4,2025-12-27,2026-01-12,2026-01-16,72,72,2,40.85,Received
PO-480329,17,SUP-113,B000106,YEG3,2025-12-27,2026-01-12,2026-01-16,96,87,1,11.64,Received
PO-480329,19,SUP-113,B000136,YYZ4,2025-12-27,2026-01-12,2026-01-16,24,24,0,38.25,Received
PO-480329,24,SUP-113,B000154,YUL5,2025-12-27,2026-01-12,2026-01-16,408,408,6,6.27,Received
PO-480329,23,SUP-113,B000186,YEG3,2025-12-27,2026-01-12,2026-01-16,24,24,0,7.27,Received
PO-480329,22,SUP-113,B000198,YUL5,2025-12-27,2026-01-12,2026-01-16,168,168,2,27.58,Received
PO-480329,18,SUP-113,B000231,YHZ1,2025-12-27,2026-01-12,2026-01-16,90,90,1,17.01,Received
PO-480329,25,SUP-113,B000298,YVR2,2025-12-27,2026-01-12,2026-01-16,160,160,3,39.04,Received
PO-480329,14,SUP-113,B000334,YYZ4,2025-12-27,2026-01-12,2026-01-16,17,17,0,8.22,Received
PO-480329,21,SUP-113,B000406,YHZ1,2025-12-27,2026-01-12,2026-01-16,54,54,1,12.22,Received
PO-480329,11,SUP-113,B000419,YVR2,2025-12-27,2026-01-12,2026-01-16,96,96,2,34.2,Received
PO-480260,75,SUP-111,B000005,YVR2,2025-12-28,2026-01-04,2026-01-04,48,38,0,11.5,Received
PO-480260,73,SUP-111,B000007,YEG3,2025-12-28,2026-01-04,2026-01-04,9084,9084,20,5.45,Received
PO-480260,87,SUP-111,B000015,YYZ4,2025-12-28,2026-01-04,2026-01-04,32,32,0,3.74,Received
PO-480260,86,SUP-111,B000019,YVR2,2025-12-28,2026-01-04,2026-01-04,1521,1521,7,12.51,Received
PO-480260,78,SUP-111,B000065,YVR2,2025-12-28,2026-01-04,2026-01-04,168,168,0,8.16,Received
PO-480260,85,SUP-111,B000072,YYZ4,2025-12-28,2026-01-04,2026-01-04,56,56,0,16.47,Received
PO-480260,80,SUP-111,B000100,YYZ4,2025-12-28,2026-01-04,2026-01-04,36,34,0,2.0,Received
PO-480260,76,SUP-111,B000109,YWG2,2025-12-28,2026-01-04,2026-01-04,396,396,2,27.2,Received
PO-480260,82,SUP-111,B000111,YEG3,2025-12-28,2026-01-04,2026-01-04,108,108,0,11.26,Received
PO-480260,84,SUP-111,B000122,YHZ1,2025-12-28,2026-01-04,2026-01-04,251,251,1,13.42,Received
PO-480260,79,SUP-111,B000123,YYZ4,2025-12-28,2026-01-04,2026-01-04,540,540,0,11.77,Received
PO-480260,88,SUP-111,B000147,YYZ4,2025-12-28,2026-01-04,2026-01-04,168,168,0,34.39,Received
PO-480260,72,SUP-111,B000191,YVR2,2025-12-28,2026-01-04,2026-01-04,4,4,0,12.14,Received
PO-480260,83,SUP-111,B000215,YWG2,2025-12-28,2026-01-04,2026-01-04,376,376,0,17.08,Received
PO-480260,81,SUP-111,B000218,YYZ4,2025-12-28,2026-01-04,2026-01-04,36,36,0,3.34,Received
PO-480260,74,SUP-111,B000337,YWG2,2025-12-28,2026-01-04,2026-01-04,192,192,0,10.03,Received
PO-480260,77,SUP-111,B000351,YVR2,2025-12-28,2026-01-04,2026-01-04,336,336,1,7.71,Received
PO-480182,98,SUP-107,B000014,YVR2,2025-12-30,2026-02-02,2026-02-05,432,395,3,22.31,Received
PO-480182,1,SUP-107,B000044,YWG2,2025-12-30,2026-02-02,2026-02-05,306,306,1,49.42,Received
PO-480182,3,SUP-107,B000064,YYZ4,2025-12-30,2026-02-02,2026-02-05,221,221,1,40.08,Received
PO-480182,97,SUP-107,B000085,YVR2,2025-12-30,2026-02-02,2026-02-05,78,78,1,85.16,Received
PO-480182,4,SUP-107,B000104,YEG3,2025-12-30,2026-02-02,2026-02-05,174,174,0,16.04,Received
PO-480182,6,SUP-107,B000114,YYZ4,2025-12-30,2026-02-02,2026-02-05,152,152,2,74.15,Received
PO-480182,8,SUP-107,B000117,YEG3,2025-12-30,2026-02-02,2026-02-05,168,168,1,10.32,Received
PO-480182,9,SUP-107,B000121,YYZ4,2025-12-30,2026-02-02,2026-02-05,5,5,0,27.65,Received
PO-480182,99,SUP-107,B000148,YYC1,2025-12-30,2026-02-02,2026-02-05,1788,1788,10,21.53,Received
PO-480182,11,SUP-107,B000173,YYZ4,2025-12-30,2026-02-02,2026-02-05,120,120,0,20.12,Received
PO-480182,10,SUP-107,B000200,YUL5,2025-12-30,2026-02-02,2026-02-05,52,52,1,42.44,Received
PO-480182,5,SUP-107,B000336,YVR2,2025-12-30,2026-02-02,2026-02-05,78,69,1,61.89,Received
PO-480182,2,SUP-107,B000350,YYZ4,2025-12-30,2026-02-02,2026-02-05,192,192,2,48.35,Received
PO-480182,7,SUP-107,B000394,YUL5,2025-12-30,2026-02-02,2026-02-05,840,840,7,19.24,Received
PO-480395,48,SUP-116,B000164,YHZ1,2025-12-31,2026-02-04,2026-02-03,312,312,2,52.28,Received
PO-480395,51,SUP-116,B000179,YYZ4,2025-12-31,2026-02-04,2026-02-03,143,143,1,62.15,Received
PO-480395,49,SUP-116,B000223,YHZ1,2025-12-31,2026-02-04,2026-02-03,240,240,1,48.99,Received
PO-480395,46,SUP-116,B000228,YYC1,2025-12-31,2026-02-04,2026-02-03,588,588,3,51.13,Received
PO-480395,47,SUP-116,B000234,YYC1,2025-12-31,2026-02-04,2026-02-03,35,33,0,68.84,Received
PO-480395,54,SUP-116,B000240,YVR2,2025-12-31,2026-02-04,2026-02-03,1120,1120,3,9.44,Received
PO-480395,50,SUP-116,B000335,YUL5,2025-12-31,2026-02-04,2026-02-03,448,448,3,57.26,Received
PO-480395,53,SUP-116,B000375,YUL5,2025-12-31,2026-02-04,2026-02-03,288,288,2,81.72,Received
PO-480395,52,SUP-116,B000401,YHZ1,2025-12-31,2026-02-04,2026-02-03,43,42,0,26.64,Received
PO-480201,94,SUP-108,B000084,YHZ1,2026-01-01,2026-02-08,2026-02-10,96,96,2,10.08,Received
PO-480201,88,SUP-108,B000144,YUL5,2026-01-01,2026-02-08,2026-02-10,374,374,1,16.5,Received
PO-480201,90,SUP-108,B000226,YWG2,2026-01-01,2026-02-08,2026-02-10,312,312,8,18.36,Received
PO-480201,92,SUP-108,B000254,YVR2,2026-01-01,2026-02-08,2026-02-10,72,66,2,7.63,Received
PO-480201,89,SUP-108,B000299,YVR2,2026-01-01,2026-02-08,2026-02-10,64,64,0,8.34,Received
PO-480201,91,SUP-108,B000313,YYZ4,2026-01-01,2026-02-08,2026-02-10,376,376,6,19.4,Received
PO-480201,93,SUP-108,B000332,YWG2,2026-01-01,2026-02-08,2026-02-10,376,355,4,37.15,Received
PO-480201,95,SUP-108,B000397,YUL5,2026-01-01,2026-02-08,2026-02-10,152,152,2,29.7,Received
PO-480202,3,SUP-108,B000084,YWG2,2026-01-02,2026-02-09,2026-02-09,336,336,5,10.08,Received
PO-480202,5,SUP-108,B000144,YYZ4,2026-01-02,2026-02-09,2026-02-09,205,205,3,16.5,Received
PO-480202,4,SUP-108,B000226,YUL5,2026-01-02,2026-02-09,2026-02-09,416,416,4,18.36,Received
PO-480202,97,SUP-108,B000254,YHZ1,2026-01-02,2026-02-09,2026-02-09,240,240,6,7.63,Received
PO-480202,96,SUP-108,B000268,YYZ4,2026-01-02,2026-02-09,2026-02-09,31,31,1,24.53,Received
PO-480202,99,SUP-108,B000299,YUL5,2026-01-02,2026-02-09,2026-02-09,64,64,0,8.34,Received
PO-480202,2,SUP-108,B000313,YWG2,2026-01-02,2026-02-09,2026-02-09,640,640,5,19.4,Received
PO-480202,1,SUP-108,B000332,YYZ4,2026-01-02,2026-02-09,2026-02-09,56,56,0,37.15,Received
PO-480202,98,SUP-108,B000397,YYZ4,2026-01-02,2026-02-09,2026-02-09,200,200,1,29.7,Received
PO-480227,73,SUP-110,B000183,YHZ1,2026-01-02,2026-02-07,2026-02-07,102,102,5,21.45,Received
PO-480227,70,SUP-110,B000184,YVR2,2026-01-02,2026-02-07,2026-02-07,3488,3488,142,18.21,Received
PO-480227,69,SUP-110,B000325,YYC1,2026-01-02,2026-02-07,2026-02-07,232,232,7,11.69,Received
PO-480227,71,SUP-110,B000344,YEG3,2026-01-02,2026-02-07,2026-02-07,332,332,7,25.74,Received
PO-480227,72,SUP-110,B000407,YVR2,2026-01-02,2026-02-07,2026-02-07,600,600,10,13.84,Received
PO-480227,74,SUP-110,B000411,YYZ4,2026-01-02,2026-02-07,2026-02-07,32,32,1,16.13,Received
PO-480261,99,SUP-111,B000005,YYC1,2026-01-02,2026-01-09,2026-01-09,60,60,0,11.5,Received
PO-480261,95,SUP-111,B000062,YYZ4,2026-01-02,2026-01-09,2026-01-09,144,135,0,13.09,Received
PO-480261,89,SUP-111,B000109,YYC1,2026-01-02,2026-01-09,2026-01-09,72,72,0,27.2,Received
PO-480261,91,SUP-111,B000122,YEG3,2026-01-02,2026-01-09,2026-01-09,540,540,1,13.42,Received
PO-480261,97,SUP-111,B000145,YHZ1,2026-01-02,2026-01-09,2026-01-09,48,48,0,13.18,Received
PO-480261,98,SUP-111,B000147,YYZ4,2026-01-02,2026-01-09,2026-01-09,69,69,0,34.39,Received
PO-480261,92,SUP-111,B000203,YVR2,2026-01-02,2026-01-09,2026-01-09,204,204,1,5.75,Received
PO-480261,94,SUP-111,B000215,YWG2,2026-01-02,2026-01-09,2026-01-09,256,256,1,17.08,Received
PO-480261,93,SUP-111,B000218,YYC1,2026-01-02,2026-01-09,2026-01-09,168,168,1,3.34,Received
PO-480261,96,SUP-111,B000351,YEG3,2026-01-02,2026-01-09,2026-01-09,832,832,1,7.71,Received
PO-480261,90,SUP-111,B000418,YYC1,2026-01-02,2026-01-09,2026-01-09,240,240,0,20.14,Received
PO-480228,81,SUP-110,B000020,YHZ1,2026-01-03,2026-02-08,2026-02-14,198,181,4,26.71,Received
PO-480228,78,SUP-110,B000038,YWG2,2026-01-03,2026-02-08,2026-02-14,64,64,1,29.94,Received
PO-480228,76,SUP-110,B000055,YUL5,2026-01-03,2026-02-08,2026-02-14,108,108,1,23.61,Received
PO-480228,77,SUP-110,B000158,YYZ4,2026-01-03,2026-02-08,2026-02-14,456,414,2,23.4,Received
PO-480228,80,SUP-110,B000183,YYZ4,2026-01-03,2026-02-08,2026-02-14,198,198,5,21.45,Received
PO-480228,79,SUP-110,B000184,YVR2,2026-01-03,2026-02-08,2026-02-14,2568,2568,13,18.21,Received
PO-480228,83,SUP-110,B000303,YEG3,2026-01-03,2026-02-08,2026-02-14,264,264,3,9.43,Received
PO-480228,82,SUP-110,B000325,YVR2,2026-01-03,2026-02-08,2026-02-14,944,944,37,11.69,Received
PO-480228,75,SUP-110,B000344,YYZ4,2026-01-03,2026-02-08,2026-02-14,195,166,7,25.74,Received
PO-480414,68,SUP-117,B000120,YVR2,2026-01-03,2026-02-12,2026-02-28,84,84,1,22.08,Received
PO-480414,73,SUP-117,B000149,YYZ4,2026-01-03,2026-02-12,2026-02-28,141,141,0,23.03,Received
PO-480414,74,SUP-117,B000162,YWG2,2026-01-03,2026-02-12,2026-02-28,288,288,2,11.86,Received
PO-480414,69,SUP-117,B000169,YYZ4,2026-01-03,2026-02-12,2026-02-28,8112,8112,255,31.28,Received
PO-480414,71,SUP-117,B000172,YYZ4,2026-01-03,2026-02-12,2026-02-28,48,41,1,5.51,Received
PO-480414,75,SUP-117,B000188,YHZ1,2026-01-03,2026-02-12,2026-02-28,84,84,1,8.95,Received
PO-480414,70,SUP-117,B000293,YUL5,2026-01-03,2026-02-12,2026-02-28,132,132,0,14.75,Received
PO-480414,76,SUP-117,B000400,YYC1,2026-01-03,2026-02-12,2026-02-28,72,72,1,7.68,Received
PO-480414,72,SUP-117,B000402,YYZ4,2026-01-03,2026-02-12,2026-02-28,73,73,0,12.23,Received
PO-480229,94,SUP-110,B000050,YEG3,2026-01-05,2026-02-10,2026-03-09,224,224,9,10.46,Received
PO-480229,92,SUP-110,B000082,YVR2,2026-01-05,2026-02-10,2026-03-09,3216,2783,36,43.59,Received
PO-480229,89,SUP-110,B000094,YYC1,2026-01-05,2026-02-10,2026-03-09,1364,1364,9,14.88,Received
PO-480229,88,SUP-110,B000113,YUL5,2026-01-05,2026-02-10,2026-03-09,192,192,6,5.59,Received
PO-480229,86,SUP-110,B000129,YUL5,2026-01-05,2026-02-10,2026-03-09,12960,12960,162,47.77,Received
PO-480229,87,SUP-110,B000158,YVR2,2026-01-05,2026-02-10,2026-03-09,80,80,3,23.4,Received
PO-480229,85,SUP-110,B000183,YYZ4,2026-01-05,2026-02-10,2026-03-09,36,36,1,21.45,Received
PO-480229,90,SUP-110,B000303,YYZ4,2026-01-05,2026-02-10,2026-03-09,96,96,3,9.43,Received
PO-480229,91,SUP-110,B000347,YHZ1,2026-01-05,2026-02-10,2026-03-09,120,120,5,8.39,Received
PO-480229,84,SUP-110,B000363,YHZ1,2026-01-05,2026-02-10,2026-03-09,24,24,0,18.43,Received
PO-480229,95,SUP-110,B000379,YYZ4,2026-01-05,2026-02-10,2026-03-09,956,956,39,6.69,Received
PO-480229,93,SUP-110,B000407,YHZ1,2026-01-05,2026-02-10,2026-03-09,544,544,0,13.84,Received
PO-480355,90,SUP-114,B000139,YUL5,2026-01-05,2026-02-18,2026-02-24,16,16,1,53.47,Received
PO-480355,92,SUP-114,B000193,YVR2,2026-01-05,2026-02-18,2026-02-24,132,132,7,39.69,Received
PO-480355,91,SUP-114,B000209,YYZ4,2026-01-05,2026-02-18,2026-02-24,45,43,1,40.77,Received
PO-480355,94,SUP-114,B000227,YYZ4,2026-01-05,2026-02-18,2026-02-24,48,48,3,55.69,Received
PO-480355,95,SUP-114,B000247,YHZ1,2026-01-05,2026-02-18,2026-02-24,48,46,1,29.87,Received
PO-480355,93,SUP-114,B000302,YYZ4,2026-01-05,2026-02-18,2026-02-24,16,16,1,37.95,Received
PO-480396,59,SUP-116,B000164,YYZ4,2026-01-06,2026-02-10,2026-02-13,128,128,0,52.28,Received
PO-480396,58,SUP-116,B000179,YYZ4,2026-01-06,2026-02-10,2026-02-13,105,105,1,62.15,Received
PO-480396,65,SUP-116,B000185,YYC1,2026-01-06,2026-02-10,2026-02-13,1584,1584,11,23.78,Received
PO-480396,55,SUP-116,B000223,YHZ1,2026-01-06,2026-02-10,2026-02-13,420,420,2,48.99,Received
PO-480396,62,SUP-116,B000228,YVR2,2026-01-06,2026-02-10,2026-02-13,1380,1380,2,51.13,Received
PO-480396,64,SUP-116,B000234,YHZ1,2026-01-06,2026-02-10,2026-02-13,57,47,0,68.84,Received
PO-480396,57,SUP-116,B000240,YVR2,2026-01-06,2026-02-10,2026-02-13,900,900,6,9.44,Received
PO-480396,61,SUP-116,B000318,YUL5,2026-01-06,2026-02-10,2026-02-13,88,88,1,27.75,Received
PO-480396,66,SUP-116,B000335,YEG3,2026-01-06,2026-02-10,2026-02-13,640,640,3,57.26,Received
PO-480396,68,SUP-116,B000358,YYZ4,2026-01-06,2026-02-10,2026-02-13,381,381,1,85.05,Received
PO-480396,67,SUP-116,B000360,YYZ4,2026-01-06,2026-02-10,2026-02-13,48,48,0,13.52,Received
PO-480396,56,SUP-116,B000375,YYZ4,2026-01-06,2026-02-10,2026-02-13,1320,1320,6,81.72,Received
PO-480396,60,SUP-116,B000384,YUL5,2026-01-06,2026-02-10,2026-02-13,87,87,1,152.21,Received
PO-480396,63,SUP-116,B000401,YUL5,2026-01-06,2026-02-10,2026-02-13,121,121,0,26.64,Received
PO-480489,21,SUP-120,B000012,YYZ4,2026-01-06,2026-01-12,2026-01-12,60,60,0,9.46,Received
PO-480489,17,SUP-120,B000052,YUL5,2026-01-06,2026-01-12,2026-01-12,138,138,0,3.12,Received
PO-480489,20,SUP-120,B000196,YYZ4,2026-01-06,2026-01-12,2026-01-12,5,5,0,7.3,Received
PO-480489,18,SUP-120,B000310,YYZ4,2026-01-06,2026-01-12,2026-01-12,284,284,1,2.96,Received
PO-480489,19,SUP-120,B000321,YWG2,2026-01-06,2026-01-12,2026-01-12,64,64,0,8.49,Received
PO-480489,22,SUP-120,B000365,YYZ4,2026-01-06,2026-01-12,2026-01-12,168,168,0,4.97,Received
PO-480161,20,SUP-106,B000029,YYC1,2026-01-07,2026-01-31,2026-02-13,176,176,2,12.43,Received
PO-480161,25,SUP-106,B000039,YYZ4,2026-01-07,2026-01-31,2026-02-13,60,60,1,19.83,Received
PO-480161,26,SUP-106,B000101,YYC1,2026-01-07,2026-01-31,2026-02-13,147,147,4,32.63,Received
PO-480161,22,SUP-106,B000251,YVR2,2026-01-07,2026-01-31,2026-02-13,90,90,2,12.22,Received
PO-480161,24,SUP-106,B000301,YUL5,2026-01-07,2026-01-31,2026-02-13,48,48,1,37.32,Received
PO-480161,21,SUP-106,B000378,YYC1,2026-01-07,2026-01-31,2026-02-13,11244,11244,35,9.25,Received
PO-480161,23,SUP-106,B000389,YUL5,2026-01-07,2026-01-31,2026-02-13,48,48,1,28.39,Received
PO-480294,19,SUP-112,B000026,YYC1,2026-01-08,2026-01-22,2026-01-23,48,48,0,18.63,Received
PO-480294,21,SUP-112,B000146,YVR2,2026-01-08,2026-01-22,2026-01-23,208,168,0,22.0,Received
PO-480294,16,SUP-112,B000192,YYZ4,2026-01-08,2026-01-22,2026-01-23,14,14,0,35.26,Received
PO-480294,18,SUP-112,B000324,YYC1,2026-01-08,2026-01-22,2026-01-23,124,124,2,50.1,Received
PO-480294,17,SUP-112,B000339,YVR2,2026-01-08,2026-01-22,2026-01-23,1192,945,10,17.86,Received
PO-480294,20,SUP-112,B000393,YVR2,2026-01-08,2026-01-22,2026-01-23,48,48,0,36.15,Received
PO-480262,14,SUP-111,B000005,YVR2,2026-01-09,2026-01-16,2026-01-14,84,84,0,11.5,Received
PO-480262,13,SUP-111,B000007,YYZ4,2026-01-09,2026-01-16,2026-01-14,5296,5296,3,5.45,Received
PO-480262,2,SUP-111,B000015,YWG2,2026-01-09,2026-01-16,2026-01-14,152,134,0,3.74,Received
PO-480262,15,SUP-111,B000019,YHZ1,2026-01-09,2026-01-16,2026-01-14,976,976,4,12.51,Received
PO-480262,8,SUP-111,B000065,YHZ1,2026-01-09,2026-01-16,2026-01-14,40,40,0,8.16,Received
PO-480262,6,SUP-111,B000072,YEG3,2026-01-09,2026-01-16,2026-01-14,160,160,0,16.47,Received
PO-480262,10,SUP-111,B000100,YYZ4,2026-01-09,2026-01-16,2026-01-14,156,156,0,2.0,Received
PO-480262,1,SUP-111,B000102,YYZ4,2026-01-09,2026-01-16,2026-01-14,288,225,1,4.23,Received
PO-480262,9,SUP-111,B000145,YYZ4,2026-01-09,2026-01-16,2026-01-14,48,48,0,13.18,Received
PO-480262,3,SUP-111,B000147,YYZ4,2026-01-09,2026-01-16,2026-01-14,70,70,0,34.39,Received
PO-480262,11,SUP-111,B000187,YUL5,2026-01-09,2026-01-16,2026-01-14,96,96,0,18.92,Received
PO-480262,17,SUP-111,B000191,YVR2,2026-01-09,2026-01-16,2026-01-14,4,4,0,12.14,Received
PO-480262,4,SUP-111,B000203,YYZ4,2026-01-09,2026-01-16,2026-01-14,164,164,1,5.75,Received
PO-480262,7,SUP-111,B000215,YWG2,2026-01-09,2026-01-16,2026-01-14,636,636,2,17.08,Received
PO-480262,5,SUP-111,B000283,YVR2,2026-01-09,2026-01-16,2026-01-14,2244,2085,1,5.71,Received
PO-480262,18,SUP-111,B000351,YWG2,2026-01-09,2026-01-16,2026-01-14,816,816,3,7.71,Received
PO-480262,12,SUP-111,B000404,YVR2,2026-01-09,2026-01-16,2026-01-14,112,112,0,6.26,Received
PO-480262,16,SUP-111,B000418,YUL5,2026-01-09,2026-01-16,2026-01-14,240,240,0,20.14,Received
PO-480128,40,SUP-105,B000043,YEG3,2026-01-11,2026-01-20,2026-01-20,8,8,0,81.24,Received
PO-480128,43,SUP-105,B000071,YVR2,2026-01-11,2026-01-20,2026-01-20,48,48,0,52.68,Received
PO-480128,39,SUP-105,B000153,YYZ4,2026-01-11,2026-01-20,2026-01-20,372,372,3,9.61,Received
PO-480128,41,SUP-105,B000282,YUL5,2026-01-11,2026-01-20,2026-01-20,91,91,0,55.18,Received
PO-480128,37,SUP-105,B000320,YYC1,2026-01-11,2026-01-20,2026-01-20,48,48,0,15.12,Received
PO-480128,42,SUP-105,B000369,YVR2,2026-01-11,2026-01-20,2026-01-20,48,39,0,12.66,Received
PO-480128,38,SUP-105,B000380,YYC1,2026-01-11,2026-01-20,2026-01-20,64,64,0,31.53,Received
PO-480230,5,SUP-110,B000050,YYZ4,2026-01-12,2026-02-17,2026-03-08,140,140,0,10.46,Received
PO-480230,6,SUP-110,B000055,YUL5,2026-01-12,2026-02-17,2026-03-08,248,248,8,23.61,Received
PO-480230,96,SUP-110,B000103,YYZ4,2026-01-12,2026-02-17,2026-03-08,60,60,1,12.96,Received
PO-480230,3,SUP-110,B000129,YWG2,2026-01-12,2026-02-17,2026-03-08,20820,20820,155,47.77,Received
PO-480230,99,SUP-110,B000158,YYZ4,2026-01-12,2026-02-17,2026-03-08,192,183,5,23.4,Received
PO-480230,7,SUP-110,B000183,YYZ4,2026-01-12,2026-02-17,2026-03-08,138,138,2,21.45,Received
PO-480230,8,SUP-110,B000325,YYZ4,2026-01-12,2026-02-17,2026-03-08,192,192,2,11.69,Received
PO-480230,1,SUP-110,B000344,YEG3,2026-01-12,2026-02-17,2026-03-08,100,100,3,25.74,Received
PO-480230,97,SUP-110,B000347,YHZ1,2026-01-12,2026-02-17,2026-03-08,36,34,1,8.39,Received
PO-480230,2,SUP-110,B000379,YYZ4,2026-01-12,2026-02-17,2026-03-08,316,316,2,6.69,Received
PO-480230,9,SUP-110,B000403,YUL5,2026-01-12,2026-02-17,2026-03-08,1021,1021,8,32.5,Received
PO-480230,98,SUP-110,B000407,YHZ1,2026-01-12,2026-02-17,2026-03-08,1800,1800,37,13.84,Received
PO-480230,4,SUP-110,B000411,YUL5,2026-01-12,2026-02-17,2026-03-08,32,30,0,16.13,Received
PO-480263,22,SUP-111,B000005,YVR2,2026-01-14,2026-01-21,2026-01-21,72,72,0,11.5,Received
PO-480263,23,SUP-111,B000015,YEG3,2026-01-14,2026-01-21,2026-01-21,120,120,0,3.74,Received
PO-480263,19,SUP-111,B000065,YVR2,2026-01-14,2026-01-21,2026-01-21,168,168,1,8.16,Received
PO-480263,29,SUP-111,B000111,YYZ4,2026-01-14,2026-01-21,2026-01-21,48,48,0,11.26,Received
PO-480263,24,SUP-111,B000122,YWG2,2026-01-14,2026-01-21,2026-01-21,265,232,1,13.42,Received
PO-480263,21,SUP-111,B000123,YVR2,2026-01-14,2026-01-21,2026-01-21,48,41,0,11.77,Received
PO-480263,20,SUP-111,B000147,YEG3,2026-01-14,2026-01-21,2026-01-21,474,474,1,34.39,Received
PO-480263,28,SUP-111,B000203,YUL5,2026-01-14,2026-01-21,2026-01-21,48,48,0,5.75,Received
PO-480263,27,SUP-111,B000232,YYZ4,2026-01-14,2026-01-21,2026-01-21,176,176,1,7.58,Received
PO-480263,26,SUP-111,B000283,YEG3,2026-01-14,2026-01-21,2026-01-21,2688,2688,0,5.71,Received
PO-480263,25,SUP-111,B000337,YUL5,2026-01-14,2026-01-21,2026-01-21,432,432,0,10.03,Received
PO-480263,30,SUP-111,B000404,YWG2,2026-01-14,2026-01-21,2026-01-21,192,192,0,6.26,Received
PO-480415,87,SUP-117,B000004,YHZ1,2026-01-14,2026-02-23,2026-03-05,7,7,0,9.82,Received
PO-480415,88,SUP-117,B000036,YYZ4,2026-01-14,2026-02-23,2026-03-05,59,59,0,29.55,Received
PO-480415,79,SUP-117,B000058,YYZ4,2026-01-14,2026-02-23,2026-03-05,738,738,19,12.88,Received
PO-480415,82,SUP-117,B000128,YUL5,2026-01-14,2026-02-23,2026-03-05,1272,1272,25,12.39,Received
PO-480415,80,SUP-117,B000149,YYZ4,2026-01-14,2026-02-23,2026-03-05,94,82,2,23.03,Received
PO-480415,77,SUP-117,B000172,YYZ4,2026-01-14,2026-02-23,2026-03-05,48,48,1,5.51,Received
PO-480415,78,SUP-117,B000188,YHZ1,2026-01-14,2026-02-23,2026-03-05,84,84,0,8.95,Received
PO-480415,86,SUP-117,B000217,YYZ4,2026-01-14,2026-02-23,2026-03-05,64,64,2,37.59,Received
PO-480415,83,SUP-117,B000253,YYC1,2026-01-14,2026-02-23,2026-03-05,1152,1152,8,5.33,Received
PO-480415,81,SUP-117,B000265,YYC1,2026-01-14,2026-02-23,2026-03-05,156,156,4,5.9,Received
PO-480415,85,SUP-117,B000274,YEG3,2026-01-14,2026-02-23,2026-03-05,48,48,2,20.72,Received
PO-480415,90,SUP-117,B000293,YYZ4,2026-01-14,2026-02-23,2026-03-05,843,843,18,14.75,Received
PO-480415,89,SUP-117,B000342,YUL5,2026-01-14,2026-02-23,2026-03-05,96,96,1,3.2,Received
PO-480415,84,SUP-117,B000400,YYZ4,2026-01-14,2026-02-23,2026-03-05,96,96,1,7.68,Received
PO-480295,33,SUP-112,B000061,YYZ4,2026-01-15,2026-01-29,2026-02-04,60,60,1,9.8,Received
PO-480295,25,SUP-112,B000076,YUL5,2026-01-15,2026-01-29,2026-02-04,78,78,1,31.77,Received
PO-480295,27,SUP-112,B000118,YEG3,2026-01-15,2026-01-29,2026-02-04,1872,1872,26,14.9,Received
PO-480295,22,SUP-112,B000143,YYZ4,2026-01-15,2026-01-29,2026-02-04,57,57,0,6.49,Received
PO-480295,35,SUP-112,B000151,YUL5,2026-01-15,2026-01-29,2026-02-04,463,463,2,10.75,Received
PO-480295,28,SUP-112,B000167,YUL5,2026-01-15,2026-01-29,2026-02-04,48,48,0,7.6,Received
PO-480295,23,SUP-112,B000189,YYC1,2026-01-15,2026-01-29,2026-02-04,332,332,1,11.62,Received
PO-480295,29,SUP-112,B000204,YUL5,2026-01-15,2026-01-29,2026-02-04,136,136,1,25.35,Received
PO-480295,32,SUP-112,B000242,YYC1,2026-01-15,2026-01-29,2026-02-04,324,324,4,7.44,Received
PO-480295,26,SUP-112,B000249,YYC1,2026-01-15,2026-01-29,2026-02-04,96,96,1,24.19,Received
PO-480295,30,SUP-112,B000286,YEG3,2026-01-15,2026-01-29,2026-02-04,96,96,0,43.29,Received
PO-480295,34,SUP-112,B000297,YHZ1,2026-01-15,2026-01-29,2026-02-04,7,7,0,20.76,Received
PO-480295,24,SUP-112,B000304,YYZ4,2026-01-15,2026-01-29,2026-02-04,766,766,4,13.26,Received
PO-480295,31,SUP-112,B000324,YWG2,2026-01-15,2026-01-29,2026-02-04,212,212,1,50.1,Received
PO-480129,50,SUP-105,B000071,YYZ4,2026-01-16,2026-01-25,2026-01-22,48,48,0,52.68,Received
PO-480129,47,SUP-105,B000092,YYC1,2026-01-16,2026-01-25,2026-01-22,72,72,0,37.96,Received
PO-480129,49,SUP-105,B000213,YVR2,2026-01-16,2026-01-25,2026-01-22,160,160,1,46.02,Received
PO-480129,48,SUP-105,B000259,YYC1,2026-01-16,2026-01-25,2026-01-22,73,73,0,17.17,Received
PO-480129,44,SUP-105,B000263,YHZ1,2026-01-16,2026-01-25,2026-01-22,448,448,2,50.34,Received
PO-480129,46,SUP-105,B000284,YVR2,2026-01-16,2026-01-25,2026-01-22,135,135,0,19.61,Received
PO-480129,45,SUP-105,B000308,YYZ4,2026-01-16,2026-01-25,2026-01-22,120,120,1,10.93,Received
PO-480049,15,SUP-103,B000119,YYC1,2026-01-17,2026-01-29,2026-01-29,30,30,0,15.29,Received
PO-480049,11,SUP-103,B000133,YYZ4,2026-01-17,2026-01-29,2026-01-29,8,8,0,15.18,Received
PO-480049,12,SUP-103,B000194,YEG3,2026-01-17,2026-01-29,2026-01-29,32,32,0,12.16,Received
PO-480049,8,SUP-103,B000246,YVR2,2026-01-17,2026-01-29,2026-01-29,24,24,0,48.07,Received
PO-480049,9,SUP-103,B000273,YUL5,2026-01-17,2026-01-29,2026-01-29,32,32,0,23.72,Received
PO-480049,10,SUP-103,B000291,YVR2,2026-01-17,2026-01-29,2026-01-29,140,140,0,17.87,Received
PO-480049,14,SUP-103,B000295,YVR2,2026-01-17,2026-01-29,2026-01-29,14,14,0,18.76,Received
PO-480049,13,SUP-103,B000387,YEG3,2026-01-17,2026-01-29,2026-01-29,217,217,1,40.99,Received
PO-480416,91,SUP-117,B000036,YYZ4,2026-01-17,2026-02-26,2026-03-15,224,224,4,29.55,Received
PO-480416,99,SUP-117,B000041,YYZ4,2026-01-17,2026-02-26,2026-03-15,600,600,9,14.4,Received
PO-480416,96,SUP-117,B000058,YVR2,2026-01-17,2026-02-26,2026-03-15,486,486,3,12.88,Received
PO-480416,93,SUP-117,B000120,YVR2,2026-01-17,2026-02-26,2026-03-15,228,228,4,22.08,Received
PO-480416,95,SUP-117,B000172,YUL5,2026-01-17,2026-02-26,2026-03-15,48,38,0,5.51,Received
PO-480416,98,SUP-117,B000245,YYZ4,2026-01-17,2026-02-26,2026-03-15,6792,6792,209,2.38,Received
PO-480416,97,SUP-117,B000253,YVR2,2026-01-17,2026-02-26,2026-03-15,520,426,13,5.33,Received
PO-480416,92,SUP-117,B000342,YYZ4,2026-01-17,2026-02-26,2026-03-15,60,60,1,3.2,Received
PO-480416,94,SUP-117,B000400,YYZ4,2026-01-17,2026-02-26,2026-03-15,24,24,1,7.68,Received
PO-480022,63,SUP-102,B000002,YHZ1,2026-01-21,2026-03-08,2026-03-20,120,120,4,20.25,Received
PO-480022,52,SUP-102,B000011,YYZ4,2026-01-21,2026-03-08,2026-03-20,48,48,1,29.3,Received
PO-480022,55,SUP-102,B000048,YUL5,2026-01-21,2026-03-08,2026-03-20,252,252,9,31.84,Received
PO-480022,59,SUP-102,B000075,YUL5,2026-01-21,2026-03-08,2026-03-20,1125,1125,35,56.39,Received
PO-480022,61,SUP-102,B000081,YEG3,2026-01-21,2026-03-08,2026-03-20,1626,1626,43,17.12,Received
PO-480022,54,SUP-102,B000089,YEG3,2026-01-21,2026-03-08,2026-03-20,288,288,13,29.26,Received
PO-480022,58,SUP-102,B000090,YYZ4,2026-01-21,2026-03-08,2026-03-20,8754,8754,231,30.31,Received
PO-480022,65,SUP-102,B000208,YWG2,2026-01-21,2026-03-08,2026-03-20,228,228,12,18.0,Received
PO-480022,60,SUP-102,B000212,YEG3,2026-01-21,2026-03-08,2026-03-20,387,387,20,38.08,Received
PO-480022,66,SUP-102,B000225,YUL5,2026-01-21,2026-03-08,2026-03-20,408,408,7,72.79,Received
PO-480022,56,SUP-102,B000236,YUL5,2026-01-21,2026-03-08,2026-03-20,2136,2136,42,6.13,Received
PO-480022,67,SUP-102,B000252,YYC1,2026-01-21,2026-03-08,2026-03-20,81,81,1,52.05,Received
PO-480022,53,SUP-102,B000280,YYZ4,2026-01-21,2026-03-08,2026-03-20,1920,1920,92,18.32,Received
PO-480022,57,SUP-102,B000322,YUL5,2026-01-21,2026-03-08,2026-03-20,1536,1536,71,12.01,Received
PO-480022,62,SUP-102,B000346,YYC1,2026-01-21,2026-03-08,2026-03-20,5214,5214,148,26.44,Received
PO-480022,64,SUP-102,B000381,YVR2,2026-01-21,2026-03-08,2026-03-20,1854,1854,7,8.46,Received
PO-480022,68,SUP-102,B000396,YUL5,2026-01-21,2026-03-08,2026-03-20,101,101,5,39.28,Received
PO-480330,28,SUP-113,B000059,YUL5,2026-01-21,2026-02-06,2026-02-17,240,240,1,55.06,Received
PO-480330,26,SUP-113,B000091,YYZ4,2026-01-21,2026-02-06,2026-02-17,96,96,0,40.85,Received
PO-480330,31,SUP-113,B000136,YUL5,2026-01-21,2026-02-06,2026-02-17,8,8,0,38.25,Received
PO-480330,32,SUP-113,B000154,YYZ4,2026-01-21,2026-02-06,2026-02-17,240,240,1,6.27,Received
PO-480330,30,SUP-113,B000186,YYZ4,2026-01-21,2026-02-06,2026-02-17,24,24,0,7.27,Received
PO-480330,29,SUP-113,B000326,YVR2,2026-01-21,2026-02-06,2026-02-17,408,408,7,9.48,Received
PO-480330,27,SUP-113,B000334,YYZ4,2026-01-21,2026-02-06,2026-02-17,64,64,0,8.22,Received
PO-480296,48,SUP-112,B000076,YUL5,2026-01-22,2026-02-05,2026-02-05,12,12,0,31.77,Received
PO-480296,44,SUP-112,B000087,YHZ1,2026-01-22,2026-02-05,2026-02-05,176,176,2,35.54,Received
PO-480296,42,SUP-112,B000118,YHZ1,2026-01-22,2026-02-05,2026-02-05,1612,1612,3,14.9,Received
PO-480296,40,SUP-112,B000189,YWG2,2026-01-22,2026-02-05,2026-02-05,60,60,0,11.62,Received
PO-480296,38,SUP-112,B000204,YUL5,2026-01-22,2026-02-05,2026-02-05,148,148,0,25.35,Received
PO-480296,47,SUP-112,B000224,YYC1,2026-01-22,2026-02-05,2026-02-05,432,432,1,5.13,Received
PO-480296,41,SUP-112,B000242,YHZ1,2026-01-22,2026-02-05,2026-02-05,1404,1404,15,7.44,Received
PO-480296,39,SUP-112,B000249,YYZ4,2026-01-22,2026-02-05,2026-02-05,90,78,1,24.19,Received
PO-480296,37,SUP-112,B000297,YYZ4,2026-01-22,2026-02-05,2026-02-05,36,36,0,20.76,Received
PO-480296,36,SUP-112,B000339,YYZ4,2026-01-22,2026-02-05,2026-02-05,360,360,0,17.86,Received
PO-480296,45,SUP-112,B000357,YYC1,2026-01-22,2026-02-05,2026-02-05,119,119,1,2.48,Received
PO-480296,46,SUP-112,B000393,YHZ1,2026-01-22,2026-02-05,2026-02-05,96,96,1,36.15,Received
PO-480296,43,SUP-112,B000416,YYZ4,2026-01-22,2026-02-05,2026-02-05,504,478,2,26.43,Received
PO-480508,27,SUP-121,B000022,YHZ1,2026-01-22,2026-03-13,2026-03-21,1872,1872,121,23.15,Received
PO-480508,31,SUP-121,B000045,YYZ4,2026-01-22,2026-03-13,2026-03-21,84,84,5,57.92,Received
PO-480508,34,SUP-121,B000152,YYC1,2026-01-22,2026-03-13,2026-03-21,578,578,7,28.18,Received
PO-480508,28,SUP-121,B000161,YEG3,2026-01-22,2026-03-13,2026-03-21,450,450,22,20.9,Received
PO-480508,29,SUP-121,B000174,YUL5,2026-01-22,2026-03-13,2026-03-21,634,634,24,29.82,Received
PO-480508,30,SUP-121,B000220,YYZ4,2026-01-22,2026-03-13,2026-03-21,72,72,2,19.35,Received
PO-480508,36,SUP-121,B000276,YYZ4,2026-01-22,2026-03-13,2026-03-21,48,48,1,23.17,Received
PO-480508,35,SUP-121,B000323,YVR2,2026-01-22,2026-03-13,2026-03-21,315,315,13,11.42,Received
PO-480508,37,SUP-121,B000392,YHZ1,2026-01-22,2026-03-13,2026-03-21,724,724,26,42.02,Received
PO-480508,32,SUP-121,B000408,YYZ4,2026-01-22,2026-03-13,2026-03-21,96,96,2,43.76,Received
PO-480508,33,SUP-121,B000409,YHZ1,2026-01-22,2026-03-13,2026-03-21,108,108,2,15.72,Received
PO-480050,27,SUP-103,B000006,YYC1,2026-01-23,2026-02-04,2026-02-05,48,48,0,10.47,Received
PO-480050,18,SUP-103,B000024,YVR2,2026-01-23,2026-02-04,2026-02-05,864,864,2,24.8,Received
PO-480050,29,SUP-103,B000119,YYZ4,2026-01-23,2026-02-04,2026-02-05,114,92,0,15.29,Received
PO-480050,16,SUP-103,B000133,YVR2,2026-01-23,2026-02-04,2026-02-05,8,8,0,15.18,Received
PO-480050,25,SUP-103,B000178,YVR2,2026-01-23,2026-02-04,2026-02-05,696,696,10,27.42,Received
PO-480050,21,SUP-103,B000194,YYZ4,2026-01-23,2026-02-04,2026-02-05,32,32,0,12.16,Received
PO-480050,26,SUP-103,B000246,YYZ4,2026-01-23,2026-02-04,2026-02-05,24,22,0,48.07,Received
PO-480050,19,SUP-103,B000273,YHZ1,2026-01-23,2026-02-04,2026-02-05,48,48,0,23.72,Received
PO-480050,22,SUP-103,B000291,YUL5,2026-01-23,2026-02-04,2026-02-05,156,156,1,17.87,Received
PO-480050,30,SUP-103,B000295,YVR2,2026-01-23,2026-02-04,2026-02-05,13,13,0,18.76,Received
PO-480050,28,SUP-103,B000353,YYZ4,2026-01-23,2026-02-04,2026-02-05,13,13,0,13.18,Received
PO-480050,24,SUP-103,B000374,YYZ4,2026-01-23,2026-02-04,2026-02-05,36,32,0,10.68,Received
PO-480050,17,SUP-103,B000382,YVR2,2026-01-23,2026-02-04,2026-02-05,357,357,2,9.75,Received
PO-480050,20,SUP-103,B000387,YWG2,2026-01-23,2026-02-04,2026-02-05,104,104,1,40.99,Received
PO-480050,23,SUP-103,B000413,YYZ4,2026-01-23,2026-02-04,2026-02-05,264,264,4,27.73,Received
PO-480452,8,SUP-119,B000013,YHZ1,2026-01-23,2026-02-22,2026-03-01,288,255,4,7.12,Received
PO-480452,15,SUP-119,B000018,YYZ4,2026-01-23,2026-02-22,2026-03-01,90,79,2,15.1,Received
PO-480452,18,SUP-119,B000032,YWG2,2026-01-23,2026-02-22,2026-03-01,6,6,0,10.45,Received
PO-480452,16,SUP-119,B000049,YYZ4,2026-01-23,2026-02-22,2026-03-01,64,64,0,9.82,Received
PO-480452,11,SUP-119,B000073,YHZ1,2026-01-23,2026-02-22,2026-03-01,48,48,1,4.65,Received
PO-480452,14,SUP-119,B000112,YVR2,2026-01-23,2026-02-22,2026-03-01,96,96,0,43.81,Received
PO-480452,17,SUP-119,B000125,YYZ4,2026-01-23,2026-02-22,2026-03-01,148,148,4,8.87,Received
PO-480452,7,SUP-119,B000159,YEG3,2026-01-23,2026-02-22,2026-03-01,988,811,9,5.08,Received
PO-480452,9,SUP-119,B000175,YYZ4,2026-01-23,2026-02-22,2026-03-01,438,438,2,13.44,Received
PO-480452,13,SUP-119,B000206,YWG2,2026-01-23,2026-02-22,2026-03-01,220,220,4,15.92,Received
PO-480452,10,SUP-119,B000331,YYZ4,2026-01-23,2026-02-22,2026-03-01,30,30,0,5.86,Received
PO-480452,12,SUP-119,B000386,YHZ1,2026-01-23,2026-02-22,2026-03-01,24,24,0,3.34,Received
PO-480213,11,SUP-109,B000056,YUL5,2026-01-24,2026-03-13,2026-04-04,924,924,41,224.05,Received
PO-480213,9,SUP-109,B000137,YYZ4,2026-01-24,2026-03-13,2026-04-04,148,148,0,104.11,Received
PO-480213,15,SUP-109,B000171,YUL5,2026-01-24,2026-03-13,2026-04-04,1296,1296,21,99.79,Received
PO-480213,16,SUP-109,B000181,YVR2,2026-01-24,2026-03-13,2026-04-04,540,540,8,54.45,Received
PO-480213,10,SUP-109,B000211,YYZ4,2026-01-24,2026-03-13,2026-04-04,276,276,13,42.79,Received
PO-480213,6,SUP-109,B000219,YYZ4,2026-01-24,2026-03-13,2026-04-04,12,12,1,32.21,Received
PO-480213,17,SUP-109,B000260,YVR2,2026-01-24,2026-03-13,2026-04-04,8,6,0,27.53,Received
PO-480213,12,SUP-109,B000262,YYC1,2026-01-24,2026-03-13,2026-04-04,2679,2679,162,79.31,Received
PO-480213,14,SUP-109,B000289,YEG3,2026-01-24,2026-03-13,2026-04-04,1969,1969,77,33.98,Received
PO-480213,7,SUP-109,B000314,YYZ4,2026-01-24,2026-03-13,2026-04-04,216,216,12,39.46,Received
PO-480213,8,SUP-109,B000329,YUL5,2026-01-24,2026-03-13,2026-04-04,16,16,0,64.01,Received
PO-480213,13,SUP-109,B000368,YUL5,2026-01-24,2026-03-13,2026-04-04,96,96,2,45.85,Received
PO-480523,79,SUP-122,B000003,YUL5,2026-01-24,2026-02-24,2026-02-16,684,684,2,116.68,Received
PO-480523,73,SUP-122,B000067,YWG2,2026-01-24,2026-02-24,2026-02-16,672,672,0,26.62,Received
PO-480523,77,SUP-122,B000068,YHZ1,2026-01-24,2026-02-24,2026-02-16,48,48,0,53.46,Received
PO-480523,71,SUP-122,B000141,YUL5,2026-01-24,2026-02-24,2026-02-16,200,200,1,44.89,Received
PO-480523,74,SUP-122,B000235,YHZ1,2026-01-24,2026-02-24,2026-02-16,40,40,0,59.11,Received
PO-480523,80,SUP-122,B000264,YVR2,2026-01-24,2026-02-24,2026-02-16,72,60,0,32.04,Received
PO-480523,76,SUP-122,B000271,YHZ1,2026-01-24,2026-02-24,2026-02-16,320,320,0,23.34,Received
PO-480523,78,SUP-122,B000285,YYZ4,2026-01-24,2026-02-24,2026-02-16,7,7,0,99.56,Received
PO-480523,75,SUP-122,B000341,YUL5,2026-01-24,2026-02-24,2026-02-16,356,356,2,57.14,Received
PO-480523,72,SUP-122,B000352,YVR2,2026-01-24,2026-02-24,2026-02-16,12,12,0,42.99,Received
PO-480051,39,SUP-103,B000006,YUL5,2026-01-27,2026-02-08,2026-02-06,120,120,1,10.47,Received
PO-480051,33,SUP-103,B000133,YVR2,2026-01-27,2026-02-08,2026-02-06,8,8,0,15.18,Received
PO-480051,32,SUP-103,B000246,YVR2,2026-01-27,2026-02-08,2026-02-06,132,132,1,48.07,Received
PO-480051,40,SUP-103,B000295,YYZ4,2026-01-27,2026-02-08,2026-02-06,11,11,0,18.76,Received
PO-480051,31,SUP-103,B000312,YYC1,2026-01-27,2026-02-08,2026-02-06,118,118,1,11.5,Received
PO-480051,35,SUP-103,B000353,YVR2,2026-01-27,2026-02-08,2026-02-06,32,32,0,13.18,Received
PO-480051,34,SUP-103,B000374,YYZ4,2026-01-27,2026-02-08,2026-02-06,10,10,0,10.68,Received
PO-480051,38,SUP-103,B000382,YYZ4,2026-01-27,2026-02-08,2026-02-06,866,866,9,9.75,Received
PO-480051,37,SUP-103,B000399,YYZ4,2026-01-27,2026-02-08,2026-02-06,96,96,0,19.26,Received
PO-480051,36,SUP-103,B000413,YWG2,2026-01-27,2026-02-08,2026-02-06,288,288,1,27.73,Received
PO-480094,80,SUP-104,B000054,YVR2,2026-01-27,2026-02-06,2026-02-05,32,32,0,12.38,Received
PO-480094,79,SUP-104,B000060,YVR2,2026-01-27,2026-02-06,2026-02-05,184,184,1,14.56,Received
PO-480094,69,SUP-104,B000095,YHZ1,2026-01-27,2026-02-06,2026-02-05,576,576,4,4.5,Received
PO-480094,74,SUP-104,B000140,YVR2,2026-01-27,2026-02-06,2026-02-05,120,120,1,5.15,Received
PO-480094,68,SUP-104,B000150,YYZ4,2026-01-27,2026-02-06,2026-02-05,40,40,0,2.47,Received
PO-480094,77,SUP-104,B000168,YYC1,2026-01-27,2026-02-06,2026-02-05,102,102,0,8.87,Received
PO-480094,73,SUP-104,B000214,YUL5,2026-01-27,2026-02-06,2026-02-05,96,96,0,9.98,Received
PO-480094,75,SUP-104,B000233,YWG2,2026-01-27,2026-02-06,2026-02-05,24,24,0,30.93,Received
PO-480094,76,SUP-104,B000256,YWG2,2026-01-27,2026-02-06,2026-02-05,96,96,1,17.41,Received
PO-480094,71,SUP-104,B000257,YYZ4,2026-01-27,2026-02-06,2026-02-05,6244,5083,26,12.7,Received
PO-480094,70,SUP-104,B000290,YUL5,2026-01-27,2026-02-06,2026-02-05,176,176,0,2.29,Received
PO-480094,67,SUP-104,B000367,YUL5,2026-01-27,2026-02-06,2026-02-05,122,122,1,4.19,Received
PO-480094,72,SUP-104,B000388,YYZ4,2026-01-27,2026-02-06,2026-02-05,18,18,0,19.55,Received
PO-480094,78,SUP-104,B000390,YHZ1,2026-01-27,2026-02-06,2026-02-05,202,185,2,10.78,Received
PO-480094,66,SUP-104,B000417,YYC1,2026-01-27,2026-02-06,2026-02-05,6,6,0,17.43,Received
PO-480007,66,SUP-101,B000096,YYZ4,2026-01-28,2026-03-11,2026-03-14,24,20,1,125.28,Received
PO-480007,68,SUP-101,B000134,YWG2,2026-01-28,2026-03-11,2026-03-14,750,750,12,17.14,Received
PO-480007,70,SUP-101,B000160,YEG3,2026-01-28,2026-03-11,2026-03-14,422,422,7,152.23,Received
PO-480007,72,SUP-101,B000261,YHZ1,2026-01-28,2026-03-11,2026-03-14,1320,1320,33,61.04,Received
PO-480007,71,SUP-101,B000275,YYC1,2026-01-28,2026-03-11,2026-03-14,6,6,0,27.48,Received
PO-480007,73,SUP-101,B000281,YEG3,2026-01-28,2026-03-11,2026-03-14,80,80,2,27.43,Received
PO-480007,74,SUP-101,B000305,YYZ4,2026-01-28,2026-03-11,2026-03-14,1172,1172,43,13.63,Received
PO-480007,67,SUP-101,B000366,YWG2,2026-01-28,2026-03-11,2026-03-14,1232,1109,22,36.73,Received
PO-480007,75,SUP-101,B000370,YYZ4,2026-01-28,2026-03-11,2026-03-14,1416,1416,42,28.99,Received
PO-480007,69,SUP-101,B000385,YHZ1,2026-01-28,2026-03-11,2026-03-14,178,178,3,19.7,Received
PO-480264,44,SUP-111,B000007,YYC1,2026-01-28,2026-02-04,2026-02-04,5260,5260,13,5.45,Received
PO-480264,43,SUP-111,B000015,YWG2,2026-01-28,2026-02-04,2026-02-04,488,488,1,3.74,Received
PO-480264,35,SUP-111,B000072,YEG3,2026-01-28,2026-02-04,2026-02-04,168,168,1,16.47,Received
PO-480264,36,SUP-111,B000100,YYZ4,2026-01-28,2026-02-04,2026-02-04,24,24,0,2.0,Received
PO-480264,40,SUP-111,B000111,YUL5,2026-01-28,2026-02-04,2026-02-04,240,240,1,11.26,Received
PO-480264,42,SUP-111,B000122,YUL5,2026-01-28,2026-02-04,2026-02-04,125,125,0,13.42,Received
PO-480264,31,SUP-111,B000123,YYZ4,2026-01-28,2026-02-04,2026-02-04,240,240,0,11.77,Received
PO-480264,34,SUP-111,B000145,YYC1,2026-01-28,2026-02-04,2026-02-04,48,48,0,13.18,Received
PO-480264,41,SUP-111,B000187,YUL5,2026-01-28,2026-02-04,2026-02-04,192,192,0,18.92,Received
PO-480264,37,SUP-111,B000215,YWG2,2026-01-28,2026-02-04,2026-02-04,980,980,1,17.08,Received
PO-480264,38,SUP-111,B000218,YYC1,2026-01-28,2026-02-04,2026-02-04,380,318,1,3.34,Received
PO-480264,32,SUP-111,B000232,YYZ4,2026-01-28,2026-02-04,2026-02-04,76,76,0,7.58,Received
PO-480264,33,SUP-111,B000404,YEG3,2026-01-28,2026-02-04,2026-02-04,656,618,3,6.26,Received
PO-480264,39,SUP-111,B000418,YYZ4,2026-01-28,2026-02-04,2026-02-04,192,161,0,20.14,Received
PO-480203,12,SUP-108,B000084,YYC1,2026-01-29,2026-03-08,2026-02-21,96,96,1,10.08,Received
PO-480203,7,SUP-108,B000144,YUL5,2026-01-29,2026-03-08,2026-02-21,551,551,9,16.5,Received
PO-480203,10,SUP-108,B000226,YWG2,2026-01-29,2026-03-08,2026-02-21,212,212,4,18.36,Received
PO-480203,6,SUP-108,B000254,YVR2,2026-01-29,2026-03-08,2026-02-21,96,96,2,7.63,Received
PO-480203,8,SUP-108,B000268,YYZ4,2026-01-29,2026-03-08,2026-02-21,32,28,0,24.53,Received
PO-480203,11,SUP-108,B000299,YUL5,2026-01-29,2026-03-08,2026-02-21,120,95,1,8.34,Received
PO-480203,9,SUP-108,B000313,YHZ1,2026-01-29,2026-03-08,2026-02-21,472,472,9,19.4,Received
PO-480203,13,SUP-108,B000332,YYZ4,2026-01-29,2026-03-08,2026-02-21,360,360,9,37.15,Received
PO-480203,14,SUP-108,B000397,YYZ4,2026-01-29,2026-03-08,2026-02-21,80,80,2,29.7,Received
PO-480377,27,SUP-115,B000241,YYC1,2026-01-29,2026-03-03,2026-03-22,1100,940,0,43.91,Received
PO-480377,29,SUP-115,B000258,YYC1,2026-01-29,2026-03-03,2026-03-22,660,660,4,7.11,Received
PO-480377,30,SUP-115,B000287,YVR2,2026-01-29,2026-03-03,2026-03-22,36,29,0,94.57,Received
PO-480377,28,SUP-115,B000359,YYC1,2026-01-29,2026-03-03,2026-03-22,72,72,1,69.57,Received
PO-480377,32,SUP-115,B000376,YYC1,2026-01-29,2026-03-03,2026-03-22,240,240,1,94.61,Received
PO-480377,31,SUP-115,B000377,YUL5,2026-01-29,2026-03-03,2026-03-22,108,108,1,61.98,Received
PO-480023,76,SUP-102,B000001,YUL5,2026-01-30,2026-03-17,2026-06-04,198,198,2,32.03,Received
PO-480023,72,SUP-102,B000002,YUL5,2026-01-30,2026-03-17,2026-06-04,90,90,3,20.25,Received
PO-480023,75,SUP-102,B000046,YEG3,2026-01-30,2026-03-17,2026-06-04,2328,2328,88,14.59,Received
PO-480023,70,SUP-102,B000225,YYZ4,2026-01-30,2026-03-17,2026-06-04,216,216,2,72.79,Received
PO-480023,69,SUP-102,B000267,YUL5,2026-01-30,2026-03-17,2026-06-04,1128,1128,19,35.69,Received
PO-480023,71,SUP-102,B000317,YYZ4,2026-01-30,2026-03-17,2026-06-04,232,232,3,16.4,Received
PO-480023,73,SUP-102,B000346,YUL5,2026-01-30,2026-03-17,2026-06-04,686,572,26,26.44,Received
PO-480023,74,SUP-102,B000373,YYC1,2026-01-30,2026-03-17,2026-06-04,1172,1172,37,146.03,Received
PO-480397,80,SUP-116,B000164,YYZ4,2026-01-30,2026-03-06,2026-02-28,120,120,0,52.28,Received
PO-480397,76,SUP-116,B000179,YVR2,2026-01-30,2026-03-06,2026-02-28,154,154,0,62.15,Received
PO-480397,73,SUP-116,B000185,YVR2,2026-01-30,2026-03-06,2026-02-28,960,960,0,23.78,Received
PO-480397,71,SUP-116,B000223,YYC1,2026-01-30,2026-03-06,2026-02-28,408,408,0,48.99,Received
PO-480397,70,SUP-116,B000228,YVR2,2026-01-30,2026-03-06,2026-02-28,348,348,2,51.13,Received
PO-480397,81,SUP-116,B000234,YYC1,2026-01-30,2026-03-06,2026-02-28,49,49,0,68.84,Received
PO-480397,75,SUP-116,B000240,YEG3,2026-01-30,2026-03-06,2026-02-28,868,868,3,9.44,Received
PO-480397,79,SUP-116,B000318,YYC1,2026-01-30,2026-03-06,2026-02-28,652,626,3,27.75,Received
PO-480397,82,SUP-116,B000335,YYZ4,2026-01-30,2026-03-06,2026-02-28,476,435,3,57.26,Received
PO-480397,77,SUP-116,B000358,YUL5,2026-01-30,2026-03-06,2026-02-28,187,180,1,85.05,Received
PO-480397,69,SUP-116,B000360,YEG3,2026-01-30,2026-03-06,2026-02-28,32,32,0,13.52,Received
PO-480397,78,SUP-116,B000375,YYZ4,2026-01-30,2026-03-06,2026-02-28,444,444,3,81.72,Received
PO-480397,72,SUP-116,B000384,YUL5,2026-01-30,2026-03-06,2026-02-28,271,271,0,152.21,Received
PO-480397,74,SUP-116,B000401,YHZ1,2026-01-30,2026-03-06,2026-02-28,191,181,0,26.64,Received
PO-480183,15,SUP-107,B000014,YYZ4,2026-02-02,2026-03-08,2026-02-28,240,240,1,22.31,Received
PO-480183,14,SUP-107,B000064,YYZ4,2026-02-02,2026-03-08,2026-02-28,198,198,2,40.08,Received
PO-480183,13,SUP-107,B000085,YYZ4,2026-02-02,2026-03-08,2026-02-28,66,66,0,85.16,Received
PO-480183,20,SUP-107,B000114,YYC1,2026-02-02,2026-03-08,2026-02-28,196,196,2,74.15,Received
PO-480183,16,SUP-107,B000148,YYC1,2026-02-02,2026-03-08,2026-02-28,384,384,3,21.53,Received
PO-480183,19,SUP-107,B000173,YYC1,2026-02-02,2026-03-08,2026-02-28,60,60,1,20.12,Received
PO-480183,18,SUP-107,B000200,YYZ4,2026-02-02,2026-03-08,2026-02-28,24,24,0,42.44,Received
PO-480183,12,SUP-107,B000350,YYC1,2026-02-02,2026-03-08,2026-02-28,192,173,2,48.35,Received
PO-480183,17,SUP-107,B000394,YHZ1,2026-02-02,2026-03-08,2026-02-28,2628,2628,24,19.24,Received
PO-480052,45,SUP-103,B000000,YYZ4,2026-02-08,2026-02-20,2026-02-18,38,38,0,5.35,Received
PO-480052,42,SUP-103,B000024,YUL5,2026-02-08,2026-02-20,2026-02-18,1080,866,12,24.8,Received
PO-480052,49,SUP-103,B000178,YWG2,2026-02-08,2026-02-20,2026-02-18,1248,1248,12,27.42,Received
PO-480052,46,SUP-103,B000246,YVR2,2026-02-08,2026-02-20,2026-02-18,48,48,0,48.07,Received
PO-480052,41,SUP-103,B000273,YHZ1,2026-02-08,2026-02-20,2026-02-18,40,40,0,23.72,Received
PO-480052,48,SUP-103,B000278,YHZ1,2026-02-08,2026-02-20,2026-02-18,42,36,0,38.05,Received
PO-480052,44,SUP-103,B000295,YVR2,2026-02-08,2026-02-20,2026-02-18,17,13,0,18.76,Received
PO-480052,47,SUP-103,B000374,YYC1,2026-02-08,2026-02-20,2026-02-18,10,10,0,10.68,Received
PO-480052,43,SUP-103,B000399,YYC1,2026-02-08,2026-02-20,2026-02-18,24,24,0,19.26,Received
PO-480265,50,SUP-111,B000005,YYZ4,2026-02-08,2026-02-15,2026-02-14,168,168,0,11.5,Received
PO-480265,45,SUP-111,B000007,YWG2,2026-02-08,2026-02-15,2026-02-14,3461,3461,5,5.45,Received
PO-480265,51,SUP-111,B000019,YHZ1,2026-02-08,2026-02-15,2026-02-14,851,851,2,12.51,Received
PO-480265,49,SUP-111,B000062,YYC1,2026-02-08,2026-02-15,2026-02-14,720,720,3,13.09,Received
PO-480265,48,SUP-111,B000065,YYZ4,2026-02-08,2026-02-15,2026-02-14,200,200,1,8.16,Received
PO-480265,53,SUP-111,B000122,YVR2,2026-02-08,2026-02-15,2026-02-14,417,417,0,13.42,Received
PO-480265,56,SUP-111,B000187,YYC1,2026-02-08,2026-02-15,2026-02-14,288,252,1,18.92,Received
PO-480265,55,SUP-111,B000191,YVR2,2026-02-08,2026-02-15,2026-02-14,3,3,0,12.14,Received
PO-480265,46,SUP-111,B000218,YYZ4,2026-02-08,2026-02-15,2026-02-14,76,76,0,3.34,Received
PO-480265,52,SUP-111,B000232,YYZ4,2026-02-08,2026-02-15,2026-02-14,710,710,3,7.58,Received
PO-480265,54,SUP-111,B000351,YVR2,2026-02-08,2026-02-15,2026-02-14,176,176,0,7.71,Received
PO-480265,47,SUP-111,B000404,YYC1,2026-02-08,2026-02-15,2026-02-14,248,248,1,6.26,Received
PO-480509,43,SUP-121,B000152,YYZ4,2026-02-08,2026-03-30,2026-04-18,149,149,8,28.18,Received
PO-480509,41,SUP-121,B000161,YEG3,2026-02-08,2026-03-30,2026-04-18,249,249,0,20.9,Received
PO-480509,39,SUP-121,B000174,YYZ4,2026-02-08,2026-03-30,2026-04-18,667,667,19,29.82,Received
PO-480509,44,SUP-121,B000220,YYC1,2026-02-08,2026-03-30,2026-04-18,72,72,3,19.35,Received
PO-480509,42,SUP-121,B000276,YUL5,2026-02-08,2026-03-30,2026-04-18,48,48,3,23.17,Received
PO-480509,46,SUP-121,B000323,YVR2,2026-02-08,2026-03-30,2026-04-18,99,99,6,11.42,Received
PO-480509,45,SUP-121,B000392,YVR2,2026-02-08,2026-03-30,2026-04-18,812,812,54,42.02,Received
PO-480509,40,SUP-121,B000408,YYC1,2026-02-08,2026-03-30,2026-04-18,48,48,2,43.76,Received
PO-480509,38,SUP-121,B000409,YUL5,2026-02-08,2026-03-30,2026-04-18,324,324,16,15.72,Received
PO-480162,35,SUP-106,B000021,YUL5,2026-02-10,2026-03-06,2026-03-15,40,40,0,16.28,Received
PO-480162,36,SUP-106,B000029,YWG2,2026-02-10,2026-03-06,2026-03-15,440,383,0,12.43,Received
PO-480162,40,SUP-106,B000033,YEG3,2026-02-10,2026-03-06,2026-03-15,96,96,1,25.32,Received
PO-480162,27,SUP-106,B000037,YYZ4,2026-02-10,2026-03-06,2026-03-15,264,264,2,22.46,Received
PO-480162,41,SUP-106,B000098,YYZ4,2026-02-10,2026-03-06,2026-03-15,48,48,1,13.55,Received
PO-480162,28,SUP-106,B000142,YVR2,2026-02-10,2026-03-06,2026-03-15,186,162,2,12.57,Received
PO-480162,38,SUP-106,B000202,YVR2,2026-02-10,2026-03-06,2026-03-15,2532,2532,31,26.75,Received
PO-480162,37,SUP-106,B000251,YVR2,2026-02-10,2026-03-06,2026-03-15,40,40,1,12.22,Received
PO-480162,32,SUP-106,B000294,YUL5,2026-02-10,2026-03-06,2026-03-15,324,324,8,42.52,Received
PO-480162,39,SUP-106,B000307,YUL5,2026-02-10,2026-03-06,2026-03-15,12,11,0,10.55,Received
PO-480162,34,SUP-106,B000309,YUL5,2026-02-10,2026-03-06,2026-03-15,144,144,0,6.6,Received
PO-480162,31,SUP-106,B000362,YYZ4,2026-02-10,2026-03-06,2026-03-15,840,840,5,52.53,Received
PO-480162,29,SUP-106,B000378,YVR2,2026-02-10,2026-03-06,2026-03-15,17196,17196,217,9.25,Received
PO-480162,30,SUP-106,B000383,YEG3,2026-02-10,2026-03-06,2026-03-15,552,485,12,12.08,Received
PO-480162,33,SUP-106,B000389,YUL5,2026-02-10,2026-03-06,2026-03-15,192,192,4,28.39,Received
PO-480331,33,SUP-113,B000030,YEG3,2026-02-10,2026-02-26,2026-03-03,144,144,2,26.33,Received
PO-480331,34,SUP-113,B000078,YYZ4,2026-02-10,2026-02-26,2026-03-03,12,12,0,172.65,Received
PO-480331,36,SUP-113,B000135,YYZ4,2026-02-10,2026-02-26,2026-03-03,48,48,1,13.09,Received
PO-480331,37,SUP-113,B000136,YYZ4,2026-02-10,2026-02-26,2026-03-03,24,24,0,38.25,Received
PO-480331,35,SUP-113,B000176,YYZ4,2026-02-10,2026-02-26,2026-03-03,30,30,0,23.18,Received
PO-480331,38,SUP-113,B000326,YVR2,2026-02-10,2026-02-26,2026-03-03,432,432,3,9.48,Received
PO-480332,42,SUP-113,B000009,YYC1,2026-02-11,2026-02-27,2026-03-05,95,91,1,15.41,Received
PO-480332,40,SUP-113,B000063,YYZ4,2026-02-11,2026-02-27,2026-03-05,194,194,2,20.49,Received
PO-480332,41,SUP-113,B000070,YEG3,2026-02-11,2026-02-27,2026-03-05,1342,1342,12,8.73,Received
PO-480332,47,SUP-113,B000091,YUL5,2026-02-11,2026-02-27,2026-03-05,48,48,1,40.85,Received
PO-480332,45,SUP-113,B000135,YVR2,2026-02-11,2026-02-27,2026-03-05,54,54,1,13.09,Received
PO-480332,43,SUP-113,B000154,YHZ1,2026-02-11,2026-02-27,2026-03-05,168,168,2,6.27,Received
PO-480332,46,SUP-113,B000334,YYZ4,2026-02-11,2026-02-27,2026-03-05,7,7,0,8.22,Received
PO-480332,39,SUP-113,B000395,YYZ4,2026-02-11,2026-02-27,2026-03-05,28,28,1,9.53,Received
PO-480332,44,SUP-113,B000419,YVR2,2026-02-11,2026-02-27,2026-03-05,648,648,1,34.2,Received
PO-480378,42,SUP-115,B000034,YEG3,2026-02-11,2026-03-16,2026-03-08,1140,1140,9,72.97,Received
PO-480378,44,SUP-115,B000040,YVR2,2026-02-11,2026-03-16,2026-03-08,1977,1977,25,78.85,Received
PO-480378,38,SUP-115,B000051,YVR2,2026-02-11,2026-03-16,2026-03-08,246,246,2,17.69,Received
PO-480378,45,SUP-115,B000099,YHZ1,2026-02-11,2026-03-16,2026-03-08,220,177,0,120.32,Received
PO-480378,37,SUP-115,B000116,YEG3,2026-02-11,2026-03-16,2026-03-08,652,652,7,59.9,Received
PO-480378,41,SUP-115,B000126,YYC1,2026-02-11,2026-03-16,2026-03-08,1544,1248,5,5.33,Received
PO-480378,46,SUP-115,B000157,YEG3,2026-02-11,2026-03-16,2026-03-08,48,48,0,58.52,Received
PO-480378,33,SUP-115,B000241,YHZ1,2026-02-11,2026-03-16,2026-03-08,1068,1068,14,43.91,Received
PO-480378,39,SUP-115,B000315,YEG3,2026-02-11,2026-03-16,2026-03-08,396,396,0,68.19,Received
PO-480378,43,SUP-115,B000328,YWG2,2026-02-11,2026-03-16,2026-03-08,23,21,0,28.33,Received
PO-480378,40,SUP-115,B000333,YYC1,2026-02-11,2026-03-16,2026-03-08,366,366,1,53.66,Received
PO-480378,34,SUP-115,B000359,YYC1,2026-02-11,2026-03-16,2026-03-08,984,984,6,69.57,Received
PO-480378,36,SUP-115,B000376,YYZ4,2026-02-11,2026-03-16,2026-03-08,960,960,14,94.61,Received
PO-480378,35,SUP-115,B000377,YWG2,2026-02-11,2026-03-16,2026-03-08,52,52,0,61.98,Received
PO-480130,63,SUP-105,B000016,YYZ4,2026-02-12,2026-02-21,2026-02-19,60,60,0,22.7,Received
PO-480130,51,SUP-105,B000025,YVR2,2026-02-12,2026-02-21,2026-02-19,56,48,0,34.44,Received
PO-480130,52,SUP-105,B000043,YVR2,2026-02-12,2026-02-21,2026-02-19,104,104,0,81.24,Received
PO-480130,64,SUP-105,B000071,YVR2,2026-02-12,2026-02-21,2026-02-19,48,48,0,52.68,Received
PO-480130,59,SUP-105,B000092,YUL5,2026-02-12,2026-02-21,2026-02-19,48,48,0,37.96,Received
PO-480130,58,SUP-105,B000097,YYZ4,2026-02-12,2026-02-21,2026-02-19,48,48,0,48.69,Received
PO-480130,62,SUP-105,B000216,YYC1,2026-02-12,2026-02-21,2026-02-19,270,270,1,49.89,Received
PO-480130,54,SUP-105,B000263,YYZ4,2026-02-12,2026-02-21,2026-02-19,628,628,4,50.34,Received
PO-480130,56,SUP-105,B000282,YYZ4,2026-02-12,2026-02-21,2026-02-19,107,107,0,55.18,Received
PO-480130,53,SUP-105,B000284,YWG2,2026-02-12,2026-02-21,2026-02-19,110,110,1,19.61,Received
PO-480130,57,SUP-105,B000308,YEG3,2026-02-12,2026-02-21,2026-02-19,192,192,1,10.93,Received
PO-480130,61,SUP-105,B000320,YYC1,2026-02-12,2026-02-21,2026-02-19,96,96,0,15.12,Received
PO-480130,60,SUP-105,B000361,YYC1,2026-02-12,2026-02-21,2026-02-19,192,192,1,25.9,Received
PO-480130,55,SUP-105,B000380,YYZ4,2026-02-12,2026-02-21,2026-02-19,104,104,0,31.53,Received
PO-480379,48,SUP-115,B000010,YYZ4,2026-02-12,2026-03-17,2026-03-23,3228,2588,23,22.5,Received
PO-480379,49,SUP-115,B000034,YVR2,2026-02-12,2026-03-17,2026-03-23,1292,1029,3,72.97,Received
PO-480379,52,SUP-115,B000035,YUL5,2026-02-12,2026-03-17,2026-03-23,48,46,0,30.33,Received
PO-480379,53,SUP-115,B000040,YWG2,2026-02-12,2026-03-17,2026-03-23,519,519,7,78.85,Received
PO-480379,57,SUP-115,B000053,YYZ4,2026-02-12,2026-03-17,2026-03-23,117,117,1,15.69,Received
PO-480379,62,SUP-115,B000099,YVR2,2026-02-12,2026-03-17,2026-03-23,147,147,1,120.32,Received
PO-480379,47,SUP-115,B000138,YYZ4,2026-02-12,2026-03-17,2026-03-23,32,32,0,25.11,Received
PO-480379,55,SUP-115,B000157,YEG3,2026-02-12,2026-03-17,2026-03-23,108,96,0,58.52,Received
PO-480379,60,SUP-115,B000241,YYZ4,2026-02-12,2026-03-17,2026-03-23,836,836,3,43.91,Received
PO-480379,50,SUP-115,B000258,YYZ4,2026-02-12,2026-03-17,2026-03-23,1716,1716,13,7.11,Received
PO-480379,51,SUP-115,B000287,YVR2,2026-02-12,2026-03-17,2026-03-23,92,86,1,94.57,Received
PO-480379,61,SUP-115,B000300,YYZ4,2026-02-12,2026-03-17,2026-03-23,162,162,2,30.93,Received
PO-480379,64,SUP-115,B000315,YEG3,2026-02-12,2026-03-17,2026-03-23,536,452,2,68.19,Received
PO-480379,54,SUP-115,B000328,YYZ4,2026-02-12,2026-03-17,2026-03-23,36,36,0,28.33,Received
PO-480379,56,SUP-115,B000333,YYC1,2026-02-12,2026-03-17,2026-03-23,907,907,5,53.66,Received
PO-480379,58,SUP-115,B000359,YUL5,2026-02-12,2026-03-17,2026-03-23,240,240,0,69.57,Received
PO-480379,59,SUP-115,B000376,YYC1,2026-02-12,2026-03-17,2026-03-23,432,432,4,94.61,Received
PO-480379,63,SUP-115,B000377,YUL5,2026-02-12,2026-03-17,2026-03-23,20,20,0,61.98,Received
PO-480053,53,SUP-103,B000024,YUL5,2026-02-13,2026-02-25,2026-02-21,288,288,1,24.8,Received
PO-480053,56,SUP-103,B000079,YEG3,2026-02-13,2026-02-25,2026-02-21,120,120,1,12.85,Received
PO-480053,51,SUP-103,B000119,YYZ4,2026-02-13,2026-02-25,2026-02-21,30,26,0,15.29,Received
PO-480053,55,SUP-103,B000194,YYZ4,2026-02-13,2026-02-25,2026-02-21,32,32,0,12.16,Received
PO-480053,54,SUP-103,B000246,YYZ4,2026-02-13,2026-02-25,2026-02-21,12,12,0,48.07,Received
PO-480053,52,SUP-103,B000295,YVR2,2026-02-13,2026-02-25,2026-02-21,31,29,0,18.76,Received
PO-480053,57,SUP-103,B000312,YEG3,2026-02-13,2026-02-25,2026-02-21,84,84,1,11.5,Received
PO-480053,58,SUP-103,B000348,YUL5,2026-02-13,2026-02-25,2026-02-21,232,232,1,9.96,Received
PO-480053,59,SUP-103,B000374,YYC1,2026-02-13,2026-02-25,2026-02-21,79,79,0,10.68,Received
PO-480053,50,SUP-103,B000399,YYZ4,2026-02-13,2026-02-25,2026-02-21,16,16,0,19.26,Received
PO-480524,83,SUP-122,B000003,YYC1,2026-02-14,2026-03-17,2026-03-12,216,216,1,116.68,Received
PO-480524,86,SUP-122,B000067,YHZ1,2026-02-14,2026-03-17,2026-03-12,192,192,1,26.62,Received
PO-480524,87,SUP-122,B000068,YYZ4,2026-02-14,2026-03-17,2026-03-12,156,156,1,53.46,Received
PO-480524,88,SUP-122,B000141,YUL5,2026-02-14,2026-03-17,2026-03-12,96,96,0,44.89,Received
PO-480524,90,SUP-122,B000235,YYZ4,2026-02-14,2026-03-17,2026-03-12,56,56,0,59.11,Received
PO-480524,81,SUP-122,B000264,YEG3,2026-02-14,2026-03-17,2026-03-12,90,90,1,32.04,Received
PO-480524,85,SUP-122,B000271,YWG2,2026-02-14,2026-03-17,2026-03-12,48,48,0,23.34,Received
PO-480524,84,SUP-122,B000285,YEG3,2026-02-14,2026-03-17,2026-03-12,7,6,0,99.56,Received
PO-480524,82,SUP-122,B000341,YWG2,2026-02-14,2026-03-17,2026-03-12,1029,1029,2,57.14,Received
PO-480524,89,SUP-122,B000352,YVR2,2026-02-14,2026-03-17,2026-03-12,18,18,0,42.99,Received
PO-480214,20,SUP-109,B000137,YEG3,2026-02-16,2026-04-05,2026-04-07,148,130,4,104.11,Received
PO-480214,18,SUP-109,B000219,YYZ4,2026-02-16,2026-04-05,2026-04-07,48,48,1,32.21,Received
PO-480214,21,SUP-109,B000260,YVR2,2026-02-16,2026-04-05,2026-04-07,16,16,1,27.53,Received
PO-480214,19,SUP-109,B000262,YVR2,2026-02-16,2026-04-05,2026-04-07,3369,3369,183,79.31,Received
PO-480214,22,SUP-109,B000277,YEG3,2026-02-16,2026-04-05,2026-04-07,32,32,2,37.83,Received
PO-480214,24,SUP-109,B000289,YUL5,2026-02-16,2026-04-05,2026-04-07,528,528,0,33.98,Received
PO-480214,23,SUP-109,B000343,YYC1,2026-02-16,2026-04-05,2026-04-07,456,420,20,128.75,Received
PO-480525,97,SUP-122,B000003,YUL5,2026-02-16,2026-03-19,2026-03-25,1668,1668,0,116.68,Received
PO-480525,91,SUP-122,B000067,YUL5,2026-02-16,2026-03-19,2026-03-25,288,288,0,26.62,Received
PO-480525,98,SUP-122,B000068,YYZ4,2026-02-16,2026-03-19,2026-03-25,168,168,0,53.46,Received
PO-480525,95,SUP-122,B000235,YYZ4,2026-02-16,2026-03-19,2026-03-25,16,16,0,59.11,Received
PO-480525,93,SUP-122,B000264,YVR2,2026-02-16,2026-03-19,2026-03-25,24,24,0,32.04,Received
PO-480525,99,SUP-122,B000271,YYZ4,2026-02-16,2026-03-19,2026-03-25,80,80,0,23.34,Received
PO-480525,96,SUP-122,B000285,YEG3,2026-02-16,2026-03-19,2026-03-25,26,26,0,99.56,Received
PO-480525,94,SUP-122,B000341,YYC1,2026-02-16,2026-03-19,2026-03-25,1330,1055,5,57.14,Received
PO-480525,92,SUP-122,B000352,YVR2,2026-02-16,2026-03-19,2026-03-25,18,18,0,42.99,Received
PO-480453,19,SUP-119,B000013,YHZ1,2026-02-17,2026-03-19,2026-03-31,120,120,2,7.12,Received
PO-480453,23,SUP-119,B000018,YYZ4,2026-02-17,2026-03-19,2026-03-31,24,21,1,15.1,Received
PO-480453,25,SUP-119,B000032,YWG2,2026-02-17,2026-03-19,2026-03-31,6,6,0,10.45,Received
PO-480453,30,SUP-119,B000049,YYZ4,2026-02-17,2026-03-19,2026-03-31,64,64,1,9.82,Received
PO-480453,22,SUP-119,B000073,YHZ1,2026-02-17,2026-03-19,2026-03-31,48,48,1,4.65,Received
PO-480453,24,SUP-119,B000112,YVR2,2026-02-17,2026-03-19,2026-03-31,96,96,2,43.81,Received
PO-480453,20,SUP-119,B000125,YYC1,2026-02-17,2026-03-19,2026-03-31,212,212,1,8.87,Received
PO-480453,27,SUP-119,B000159,YYC1,2026-02-17,2026-03-19,2026-03-31,804,804,1,5.08,Received
PO-480453,29,SUP-119,B000175,YVR2,2026-02-17,2026-03-19,2026-03-31,366,366,1,13.44,Received
PO-480453,26,SUP-119,B000206,YVR2,2026-02-17,2026-03-19,2026-03-31,104,104,2,15.92,Received
PO-480453,21,SUP-119,B000331,YYZ4,2026-02-17,2026-03-19,2026-03-31,12,12,0,5.86,Received
PO-480453,28,SUP-119,B000386,YYZ4,2026-02-17,2026-03-19,2026-03-31,24,24,0,3.34,Received
PO-480054,66,SUP-103,B000000,YYZ4,2026-02-18,2026-03-02,2026-03-01,106,106,1,5.35,Received
PO-480054,60,SUP-103,B000006,YYC1,2026-02-18,2026-03-02,2026-03-01,120,94,0,10.47,Received
PO-480054,65,SUP-103,B000024,YVR2,2026-02-18,2026-03-02,2026-03-01,120,120,0,24.8,Received
PO-480054,64,SUP-103,B000119,YYZ4,2026-02-18,2026-03-02,2026-03-01,18,18,0,15.29,Received
PO-480054,68,SUP-103,B000133,YVR2,2026-02-18,2026-03-02,2026-03-01,8,8,0,15.18,Received
PO-480054,67,SUP-103,B000178,YYZ4,2026-02-18,2026-03-02,2026-03-01,336,336,2,27.42,Received
PO-480054,62,SUP-103,B000312,YWG2,2026-02-18,2026-03-02,2026-03-01,75,75,0,11.5,Received
PO-480054,63,SUP-103,B000374,YYZ4,2026-02-18,2026-03-02,2026-03-01,10,10,0,10.68,Received
PO-480054,61,SUP-103,B000382,YYZ4,2026-02-18,2026-03-02,2026-03-01,436,436,4,9.75,Received
PO-480333,50,SUP-113,B000028,YEG3,2026-02-18,2026-03-06,2026-03-09,22,22,0,33.32,Received
PO-480333,53,SUP-113,B000030,YEG3,2026-02-18,2026-03-06,2026-03-09,240,240,1,26.33,Received
PO-480333,56,SUP-113,B000063,YYZ4,2026-02-18,2026-03-06,2026-03-09,94,94,1,20.49,Received
PO-480333,55,SUP-113,B000070,YEG3,2026-02-18,2026-03-06,2026-03-09,408,408,5,8.73,Received
PO-480333,48,SUP-113,B000135,YYC1,2026-02-18,2026-03-06,2026-03-09,48,48,0,13.09,Received
PO-480333,54,SUP-113,B000154,YYZ4,2026-02-18,2026-03-06,2026-03-09,96,96,2,6.27,Received
PO-480333,49,SUP-113,B000176,YYZ4,2026-02-18,2026-03-06,2026-03-09,60,55,0,23.18,Received
PO-480333,52,SUP-113,B000395,YYZ4,2026-02-18,2026-03-06,2026-03-09,24,24,0,9.53,Received
PO-480333,51,SUP-113,B000406,YHZ1,2026-02-18,2026-03-06,2026-03-09,155,155,0,12.22,Received
PO-480008,82,SUP-101,B000096,YYZ4,2026-02-19,2026-04-02,2026-04-11,45,42,0,125.28,Received
PO-480008,81,SUP-101,B000134,YYC1,2026-02-19,2026-04-02,2026-04-11,990,990,27,17.14,Received
PO-480008,78,SUP-101,B000160,YEG3,2026-02-19,2026-04-02,2026-04-11,1173,1173,16,152.23,Received
PO-480008,76,SUP-101,B000201,YYZ4,2026-02-19,2026-04-02,2026-04-11,936,936,35,40.84,Received
PO-480008,77,SUP-101,B000281,YEG3,2026-02-19,2026-04-02,2026-04-11,56,56,0,27.43,Received
PO-480008,80,SUP-101,B000305,YYZ4,2026-02-19,2026-04-02,2026-04-11,944,944,3,13.63,Received
PO-480008,79,SUP-101,B000366,YWG2,2026-02-19,2026-04-02,2026-04-11,568,568,9,36.73,Received
PO-480490,28,SUP-120,B000008,YYZ4,2026-02-19,2026-02-25,2026-02-25,124,103,0,3.7,Received
PO-480490,26,SUP-120,B000012,YYZ4,2026-02-19,2026-02-25,2026-02-25,44,44,0,9.46,Received
PO-480490,25,SUP-120,B000052,YEG3,2026-02-19,2026-02-25,2026-02-25,150,150,1,3.12,Received
PO-480490,36,SUP-120,B000130,YYZ4,2026-02-19,2026-02-25,2026-02-25,120,120,1,4.08,Received
PO-480490,33,SUP-120,B000195,YYZ4,2026-02-19,2026-02-25,2026-02-25,24,24,0,6.65,Received
PO-480490,32,SUP-120,B000196,YYC1,2026-02-19,2026-02-25,2026-02-25,2,2,0,7.3,Received
PO-480490,37,SUP-120,B000197,YVR2,2026-02-19,2026-02-25,2026-02-25,138,111,0,7.26,Received
PO-480490,35,SUP-120,B000199,YYC1,2026-02-19,2026-02-25,2026-02-25,180,180,1,17.21,Received
PO-480490,24,SUP-120,B000210,YYC1,2026-02-19,2026-02-25,2026-02-25,264,264,0,2.12,Received
PO-480490,34,SUP-120,B000250,YYC1,2026-02-19,2026-02-25,2026-02-25,264,264,0,3.15,Received
PO-480490,31,SUP-120,B000269,YYZ4,2026-02-19,2026-02-25,2026-02-25,24,24,0,2.24,Received
PO-480490,27,SUP-120,B000310,YEG3,2026-02-19,2026-02-25,2026-02-25,96,96,0,2.96,Received
PO-480490,23,SUP-120,B000321,YYZ4,2026-02-19,2026-02-25,2026-02-25,44,44,0,8.49,Received
PO-480490,30,SUP-120,B000338,YVR2,2026-02-19,2026-02-25,2026-02-25,656,656,3,3.88,Received
PO-480490,29,SUP-120,B000365,YVR2,2026-02-19,2026-02-25,2026-02-25,78,78,0,4.97,Received
PO-480024,83,SUP-102,B000001,YUL5,2026-02-20,2026-04-07,2026-04-01,252,222,7,32.03,Received
PO-480024,79,SUP-102,B000011,YEG3,2026-02-20,2026-04-07,2026-04-01,87,87,0,29.3,Received
PO-480024,77,SUP-102,B000075,YUL5,2026-02-20,2026-04-07,2026-04-01,682,682,1,56.39,Received
PO-480024,78,SUP-102,B000080,YYZ4,2026-02-20,2026-04-07,2026-04-01,92,92,4,21.75,Received
PO-480024,81,SUP-102,B000131,YYZ4,2026-02-20,2026-04-07,2026-04-01,296,296,11,72.17,Received
PO-480024,80,SUP-102,B000208,YYZ4,2026-02-20,2026-04-07,2026-04-01,564,552,7,18.0,Received
PO-480024,82,SUP-102,B000225,YUL5,2026-02-20,2026-04-07,2026-04-01,144,144,3,72.79,Received
PO-480024,85,SUP-102,B000236,YWG2,2026-02-20,2026-04-07,2026-04-01,666,525,23,6.13,Received
PO-480024,84,SUP-102,B000396,YUL5,2026-02-20,2026-04-07,2026-04-01,426,426,24,39.28,Received
PO-480266,64,SUP-111,B000005,YVR2,2026-02-20,2026-02-27,2026-02-25,60,60,0,11.5,Received
PO-480266,63,SUP-111,B000007,YEG3,2026-02-20,2026-02-27,2026-02-25,13308,13308,59,5.45,Received
PO-480266,61,SUP-111,B000015,YEG3,2026-02-20,2026-02-27,2026-02-25,48,48,0,3.74,Received
PO-480266,58,SUP-111,B000019,YVR2,2026-02-20,2026-02-27,2026-02-25,1170,1170,4,12.51,Received
PO-480266,59,SUP-111,B000065,YYZ4,2026-02-20,2026-02-27,2026-02-25,40,40,0,8.16,Received
PO-480266,68,SUP-111,B000072,YYZ4,2026-02-20,2026-02-27,2026-02-25,168,168,0,16.47,Received
PO-480266,69,SUP-111,B000102,YWG2,2026-02-20,2026-02-27,2026-02-25,296,296,0,4.23,Received
PO-480266,67,SUP-111,B000109,YYC1,2026-02-20,2026-02-27,2026-02-25,60,53,0,27.2,Received
PO-480266,65,SUP-111,B000122,YWG2,2026-02-20,2026-02-27,2026-02-25,365,365,0,13.42,Received
PO-480266,73,SUP-111,B000145,YHZ1,2026-02-20,2026-02-27,2026-02-25,48,48,0,13.18,Received
PO-480266,71,SUP-111,B000147,YYZ4,2026-02-20,2026-02-27,2026-02-25,325,325,0,34.39,Received
PO-480266,57,SUP-111,B000187,YYC1,2026-02-20,2026-02-27,2026-02-25,432,432,2,18.92,Received
PO-480266,72,SUP-111,B000218,YYZ4,2026-02-20,2026-02-27,2026-02-25,140,140,0,3.34,Received
PO-480266,74,SUP-111,B000232,YYZ4,2026-02-20,2026-02-27,2026-02-25,49,49,0,7.58,Received
PO-480266,60,SUP-111,B000283,YYZ4,2026-02-20,2026-02-27,2026-02-25,504,504,1,5.71,Received
PO-480266,62,SUP-111,B000337,YYZ4,2026-02-20,2026-02-27,2026-02-25,186,166,0,10.03,Received
PO-480266,66,SUP-111,B000351,YEG3,2026-02-20,2026-02-27,2026-02-25,936,936,4,7.71,Received
PO-480266,70,SUP-111,B000404,YHZ1,2026-02-20,2026-02-27,2026-02-25,80,80,0,6.26,Received
PO-480095,88,SUP-104,B000060,YVR2,2026-02-21,2026-03-03,2026-02-28,696,696,5,14.56,Received
PO-480095,85,SUP-104,B000077,YYZ4,2026-02-21,2026-03-03,2026-02-28,192,162,1,55.44,Received
PO-480095,89,SUP-104,B000093,YYC1,2026-02-21,2026-03-03,2026-02-28,24,24,0,3.57,Received
PO-480095,86,SUP-104,B000168,YVR2,2026-02-21,2026-03-03,2026-02-28,120,120,1,8.87,Received
PO-480095,83,SUP-104,B000214,YYZ4,2026-02-21,2026-03-03,2026-02-28,96,96,1,9.98,Received
PO-480095,87,SUP-104,B000256,YHZ1,2026-02-21,2026-03-03,2026-02-28,96,96,0,17.41,Received
PO-480095,91,SUP-104,B000257,YYC1,2026-02-21,2026-03-03,2026-02-28,740,740,1,12.7,Received
PO-480095,81,SUP-104,B000290,YVR2,2026-02-21,2026-03-03,2026-02-28,632,632,5,2.29,Received
PO-480095,90,SUP-104,B000371,YUL5,2026-02-21,2026-03-03,2026-02-28,24,24,0,9.71,Received
PO-480095,82,SUP-104,B000388,YEG3,2026-02-21,2026-03-03,2026-02-28,12,12,0,19.55,Received
PO-480095,84,SUP-104,B000390,YYZ4,2026-02-21,2026-03-03,2026-02-28,125,125,1,10.78,Received
PO-480131,67,SUP-105,B000025,YYZ4,2026-02-21,2026-03-02,2026-03-01,48,48,0,34.44,Received
PO-480131,65,SUP-105,B000043,YEG3,2026-02-21,2026-03-02,2026-03-01,92,92,0,81.24,Received
PO-480131,68,SUP-105,B000092,YWG2,2026-02-21,2026-03-02,2026-03-01,48,39,0,37.96,Received
PO-480131,66,SUP-105,B000153,YWG2,2026-02-21,2026-03-02,2026-03-01,234,234,1,9.61,Received
PO-480131,71,SUP-105,B000282,YVR2,2026-02-21,2026-03-02,2026-03-01,130,130,0,55.18,Received
PO-480131,70,SUP-105,B000284,YVR2,2026-02-21,2026-03-02,2026-03-01,105,105,0,19.61,Received
PO-480131,69,SUP-105,B000361,YYC1,2026-02-21,2026-03-02,2026-03-01,192,168,1,25.9,Received
PO-480417,4,SUP-117,B000041,YVR2,2026-02-21,2026-04-02,2026-04-04,264,264,1,14.4,Received
PO-480417,9,SUP-117,B000128,YYZ4,2026-02-21,2026-04-02,2026-04-04,1656,1550,40,12.39,Received
PO-480417,7,SUP-117,B000162,YYZ4,2026-02-21,2026-04-02,2026-04-04,408,408,1,11.86,Received
PO-480417,2,SUP-117,B000169,YVR2,2026-02-21,2026-04-02,2026-04-04,2202,2202,18,31.28,Received
PO-480417,1,SUP-117,B000172,YUL5,2026-02-21,2026-04-02,2026-04-04,48,41,0,5.51,Received
PO-480417,8,SUP-117,B000177,YWG2,2026-02-21,2026-04-02,2026-04-04,2324,2324,0,2.41,Received
PO-480417,6,SUP-117,B000217,YYZ4,2026-02-21,2026-04-02,2026-04-04,64,61,1,37.59,Received
PO-480417,10,SUP-117,B000274,YYZ4,2026-02-21,2026-04-02,2026-04-04,72,72,0,20.72,Received
PO-480417,5,SUP-117,B000342,YUL5,2026-02-21,2026-04-02,2026-04-04,24,24,0,3.2,Received
PO-480417,3,SUP-117,B000415,YWG2,2026-02-21,2026-04-02,2026-04-04,24,24,0,8.41,Received
PO-480297,54,SUP-112,B000061,YUL5,2026-02-23,2026-03-09,2026-03-11,18,17,0,9.8,Received
PO-480297,51,SUP-112,B000076,YYZ4,2026-02-23,2026-03-09,2026-03-11,54,54,1,31.77,Received
PO-480297,49,SUP-112,B000151,YYZ4,2026-02-23,2026-03-09,2026-03-11,114,114,1,10.75,Received
PO-480297,53,SUP-112,B000167,YUL5,2026-02-23,2026-03-09,2026-03-11,48,48,0,7.6,Received
PO-480297,50,SUP-112,B000204,YUL5,2026-02-23,2026-03-09,2026-03-11,180,180,2,25.35,Received
PO-480297,55,SUP-112,B000242,YVR2,2026-02-23,2026-03-09,2026-03-11,312,312,3,7.44,Received
PO-480297,52,SUP-112,B000339,YUL5,2026-02-23,2026-03-09,2026-03-11,368,353,5,17.86,Received
PO-480267,83,SUP-111,B000005,YYC1,2026-02-25,2026-03-04,2026-03-06,48,48,0,11.5,Received
PO-480267,86,SUP-111,B000007,YHZ1,2026-02-25,2026-03-04,2026-03-06,2153,2153,4,5.45,Received
PO-480267,85,SUP-111,B000015,YEG3,2026-02-25,2026-03-04,2026-03-06,56,56,0,3.74,Received
PO-480267,87,SUP-111,B000072,YUL5,2026-02-25,2026-03-04,2026-03-06,36,36,0,16.47,Received
PO-480267,84,SUP-111,B000102,YWG2,2026-02-25,2026-03-04,2026-03-06,680,680,2,4.23,Received
PO-480267,75,SUP-111,B000109,YWG2,2026-02-25,2026-03-04,2026-03-06,96,96,0,27.2,Received
PO-480267,78,SUP-111,B000122,YUL5,2026-02-25,2026-03-04,2026-03-06,364,364,0,13.42,Received
PO-480267,88,SUP-111,B000123,YUL5,2026-02-25,2026-03-04,2026-03-06,96,96,0,11.77,Received
PO-480267,90,SUP-111,B000147,YEG3,2026-02-25,2026-03-04,2026-03-06,358,296,1,34.39,Received
PO-480267,81,SUP-111,B000191,YYZ4,2026-02-25,2026-03-04,2026-03-06,7,7,0,12.14,Received
PO-480267,76,SUP-111,B000203,YYZ4,2026-02-25,2026-03-04,2026-03-06,68,68,0,5.75,Received
PO-480267,79,SUP-111,B000215,YEG3,2026-02-25,2026-03-04,2026-03-06,852,852,1,17.08,Received
PO-480267,77,SUP-111,B000218,YYZ4,2026-02-25,2026-03-04,2026-03-06,36,36,0,3.34,Received
PO-480267,89,SUP-111,B000232,YYC1,2026-02-25,2026-03-04,2026-03-06,221,173,0,7.58,Received
PO-480267,82,SUP-111,B000283,YVR2,2026-02-25,2026-03-04,2026-03-06,972,972,2,5.71,Received
PO-480267,80,SUP-111,B000337,YWG2,2026-02-25,2026-03-04,2026-03-06,246,212,0,10.03,Received
PO-480418,12,SUP-117,B000004,YHZ1,2026-02-25,2026-04-06,2026-04-15,5,5,0,9.82,Received
PO-480418,19,SUP-117,B000041,YWG2,2026-02-25,2026-04-06,2026-04-15,192,192,5,14.4,Received
PO-480418,18,SUP-117,B000058,YWG2,2026-02-25,2026-04-06,2026-04-15,222,222,5,12.88,Received
PO-480418,11,SUP-117,B000128,YYZ4,2026-02-25,2026-04-06,2026-04-15,2496,2132,68,12.39,Received
PO-480418,17,SUP-117,B000169,YUL5,2026-02-25,2026-04-06,2026-04-15,3408,3408,46,31.28,Received
PO-480418,21,SUP-117,B000177,YEG3,2026-02-25,2026-04-06,2026-04-15,764,764,8,2.41,Received
PO-480418,13,SUP-117,B000217,YYZ4,2026-02-25,2026-04-06,2026-04-15,64,64,0,37.59,Received
PO-480418,15,SUP-117,B000253,YYC1,2026-02-25,2026-04-06,2026-04-15,400,400,11,5.33,Received
PO-480418,22,SUP-117,B000274,YUL5,2026-02-25,2026-04-06,2026-04-15,216,204,2,20.72,Received
PO-480418,20,SUP-117,B000400,YYZ4,2026-02-25,2026-04-06,2026-04-15,120,120,3,7.68,Received
PO-480418,16,SUP-117,B000402,YYC1,2026-02-25,2026-04-06,2026-04-15,199,199,2,12.23,Received
PO-480418,14,SUP-117,B000415,YYZ4,2026-02-25,2026-04-06,2026-04-15,12,12,0,8.41,Received
PO-480184,21,SUP-107,B000044,YYZ4,2026-02-26,2026-04-01,2026-03-27,498,498,2,49.42,Received
PO-480184,29,SUP-107,B000085,YYZ4,2026-02-26,2026-04-01,2026-03-27,252,252,0,85.16,Received
PO-480184,26,SUP-107,B000104,YEG3,2026-02-26,2026-04-01,2026-03-27,96,96,1,16.04,Received
PO-480184,25,SUP-107,B000114,YYZ4,2026-02-26,2026-04-01,2026-03-27,92,92,1,74.15,Received
PO-480184,23,SUP-107,B000117,YYZ4,2026-02-26,2026-04-01,2026-03-27,84,84,1,10.32,Received
PO-480184,31,SUP-107,B000148,YEG3,2026-02-26,2026-04-01,2026-03-27,132,132,1,21.53,Received
PO-480184,22,SUP-107,B000173,YYC1,2026-02-26,2026-04-01,2026-03-27,36,33,0,20.12,Received
PO-480184,30,SUP-107,B000336,YEG3,2026-02-26,2026-04-01,2026-03-27,132,132,1,61.89,Received
PO-480184,27,SUP-107,B000350,YYZ4,2026-02-26,2026-04-01,2026-03-27,192,192,1,48.35,Received
PO-480184,28,SUP-107,B000356,YVR2,2026-02-26,2026-04-01,2026-03-27,144,144,1,30.35,Received
PO-480184,24,SUP-107,B000394,YYZ4,2026-02-26,2026-04-01,2026-03-27,660,660,6,19.24,Received
PO-480096,2,SUP-104,B000054,YYZ4,2026-02-27,2026-03-09,2026-03-07,32,32,0,12.38,Received
PO-480096,4,SUP-104,B000060,YVR2,2026-02-27,2026-03-09,2026-03-07,256,256,1,14.56,Received
PO-480096,8,SUP-104,B000077,YYZ4,2026-02-27,2026-03-09,2026-03-07,192,192,1,55.44,Received
PO-480096,9,SUP-104,B000088,YYZ4,2026-02-27,2026-03-09,2026-03-07,32,32,0,22.27,Received
PO-480096,93,SUP-104,B000093,YYC1,2026-02-27,2026-03-09,2026-03-07,24,24,0,3.57,Received
PO-480096,6,SUP-104,B000095,YUL5,2026-02-27,2026-03-09,2026-03-07,816,816,2,4.5,Received
PO-480096,7,SUP-104,B000140,YVR2,2026-02-27,2026-03-09,2026-03-07,84,84,1,5.15,Received
PO-480096,99,SUP-104,B000150,YYZ4,2026-02-27,2026-03-09,2026-03-07,8,8,0,2.47,Received
PO-480096,10,SUP-104,B000168,YVR2,2026-02-27,2026-03-09,2026-03-07,90,90,0,8.87,Received
PO-480096,3,SUP-104,B000214,YUL5,2026-02-27,2026-03-09,2026-03-07,96,96,0,9.98,Received
PO-480096,95,SUP-104,B000233,YEG3,2026-02-27,2026-03-09,2026-03-07,24,24,0,30.93,Received
PO-480096,5,SUP-104,B000256,YYZ4,2026-02-27,2026-03-09,2026-03-07,96,94,0,17.41,Received
PO-480096,97,SUP-104,B000257,YYZ4,2026-02-27,2026-03-09,2026-03-07,1220,1220,0,12.7,Received
PO-480096,1,SUP-104,B000290,YWG2,2026-02-27,2026-03-09,2026-03-07,1976,1976,5,2.29,Received
PO-480096,96,SUP-104,B000367,YEG3,2026-02-27,2026-03-09,2026-03-07,651,651,3,4.19,Received
PO-480096,98,SUP-104,B000371,YYZ4,2026-02-27,2026-03-09,2026-03-07,24,24,0,9.71,Received
PO-480096,94,SUP-104,B000388,YYZ4,2026-02-27,2026-03-09,2026-03-07,96,96,0,19.55,Received
PO-480096,92,SUP-104,B000412,YEG3,2026-02-27,2026-03-09,2026-03-07,222,222,1,5.35,Received
PO-480334,62,SUP-113,B000030,YYZ4,2026-02-27,2026-03-15,2026-04-04,48,48,0,26.33,Received
PO-480334,57,SUP-113,B000136,YUL5,2026-02-27,2026-03-15,2026-04-04,8,8,0,38.25,Received
PO-480334,59,SUP-113,B000154,YUL5,2026-02-27,2026-03-15,2026-04-04,192,192,4,6.27,Received
PO-480334,61,SUP-113,B000182,YVR2,2026-02-27,2026-03-15,2026-04-04,320,320,5,8.68,Received
PO-480334,63,SUP-113,B000186,YYZ4,2026-02-27,2026-03-15,2026-04-04,48,48,0,7.27,Received
PO-480334,58,SUP-113,B000406,YHZ1,2026-02-27,2026-03-15,2026-04-04,71,59,1,12.22,Received
PO-480334,60,SUP-113,B000419,YUL5,2026-02-27,2026-03-15,2026-04-04,80,80,1,34.2,Received
PO-480231,10,SUP-110,B000017,YUL5,2026-03-01,2026-04-06,2026-04-12,4032,4032,1,37.04,Received
PO-480231,12,SUP-110,B000020,YYZ4,2026-03-01,2026-04-06,2026-04-12,252,252,11,26.71,Received
PO-480231,18,SUP-110,B000038,YWG2,2026-03-01,2026-04-06,2026-04-12,48,48,2,29.94,Received
PO-480231,20,SUP-110,B000055,YUL5,2026-03-01,2026-04-06,2026-04-12,132,132,1,23.61,Received
PO-480231,13,SUP-110,B000103,YYC1,2026-03-01,2026-04-06,2026-04-12,156,156,6,12.96,Received
PO-480231,24,SUP-110,B000158,YYZ4,2026-03-01,2026-04-06,2026-04-12,232,232,2,23.4,Received
PO-480231,17,SUP-110,B000183,YYZ4,2026-03-01,2026-04-06,2026-04-12,480,480,14,21.45,Received
PO-480231,14,SUP-110,B000184,YEG3,2026-03-01,2026-04-06,2026-04-12,552,552,20,18.21,Received
PO-480231,23,SUP-110,B000303,YVR2,2026-03-01,2026-04-06,2026-04-12,48,48,1,9.43,Received
PO-480231,19,SUP-110,B000325,YYC1,2026-03-01,2026-04-06,2026-04-12,1104,1104,0,11.69,Received
PO-480231,16,SUP-110,B000344,YUL5,2026-03-01,2026-04-06,2026-04-12,285,285,12,25.74,Received
PO-480231,15,SUP-110,B000347,YYC1,2026-03-01,2026-04-06,2026-04-12,32,32,1,8.39,Received
PO-480231,21,SUP-110,B000363,YYZ4,2026-03-01,2026-04-06,2026-04-12,48,48,2,18.43,Received
PO-480231,22,SUP-110,B000379,YVR2,2026-03-01,2026-04-06,2026-04-12,396,396,18,6.69,Received
PO-480231,11,SUP-110,B000403,YWG2,2026-03-01,2026-04-06,2026-04-12,339,339,11,32.5,Received
PO-480231,25,SUP-110,B000411,YYZ4,2026-03-01,2026-04-06,2026-04-12,32,32,0,16.13,Received
PO-480055,74,SUP-103,B000000,YYZ4,2026-03-02,2026-03-14,2026-03-12,32,32,0,5.35,Received
PO-480055,81,SUP-103,B000006,YYC1,2026-03-02,2026-03-14,2026-03-12,108,108,1,10.47,Received
PO-480055,73,SUP-103,B000024,YVR2,2026-03-02,2026-03-14,2026-03-12,144,144,2,24.8,Received
PO-480055,77,SUP-103,B000079,YEG3,2026-03-02,2026-03-14,2026-03-12,144,144,0,12.85,Received
PO-480055,71,SUP-103,B000119,YYC1,2026-03-02,2026-03-14,2026-03-12,12,12,0,15.29,Received
PO-480055,79,SUP-103,B000178,YHZ1,2026-03-02,2026-03-14,2026-03-12,504,504,1,27.42,Received
PO-480055,78,SUP-103,B000194,YEG3,2026-03-02,2026-03-14,2026-03-12,44,44,0,12.16,Received
PO-480055,80,SUP-103,B000246,YYZ4,2026-03-02,2026-03-14,2026-03-12,24,24,0,48.07,Received
PO-480055,83,SUP-103,B000273,YHZ1,2026-03-02,2026-03-14,2026-03-12,32,32,0,23.72,Received
PO-480055,75,SUP-103,B000291,YVR2,2026-03-02,2026-03-14,2026-03-12,28,28,0,17.87,Received
PO-480055,76,SUP-103,B000312,YEG3,2026-03-02,2026-03-14,2026-03-12,632,632,1,11.5,Received
PO-480055,70,SUP-103,B000353,YYZ4,2026-03-02,2026-03-14,2026-03-12,71,58,0,13.18,Received
PO-480055,82,SUP-103,B000374,YYZ4,2026-03-02,2026-03-14,2026-03-12,38,31,0,10.68,Received
PO-480055,72,SUP-103,B000387,YVR2,2026-03-02,2026-03-14,2026-03-12,173,173,2,40.99,Received
PO-480055,69,SUP-103,B000413,YWG2,2026-03-02,2026-03-14,2026-03-12,48,48,0,27.73,Received
PO-480204,16,SUP-108,B000084,YYZ4,2026-03-03,2026-04-10,2026-04-26,144,138,3,10.08,Received
PO-480204,18,SUP-108,B000144,YEG3,2026-03-03,2026-04-10,2026-04-26,160,135,2,16.5,Received
PO-480204,15,SUP-108,B000226,YEG3,2026-03-03,2026-04-10,2026-04-26,328,328,2,18.36,Received
PO-480204,19,SUP-108,B000254,YYZ4,2026-03-03,2026-04-10,2026-04-26,144,144,0,7.63,Received
PO-480204,21,SUP-108,B000268,YYZ4,2026-03-03,2026-04-10,2026-04-26,25,25,0,24.53,Received
PO-480204,17,SUP-108,B000299,YVR2,2026-03-03,2026-04-10,2026-04-26,144,144,2,8.34,Received
PO-480204,22,SUP-108,B000332,YWG2,2026-03-03,2026-04-10,2026-04-26,432,432,7,37.15,Received
PO-480204,20,SUP-108,B000397,YEG3,2026-03-03,2026-04-10,2026-04-26,32,32,1,29.7,Received
PO-480056,95,SUP-103,B000000,YHZ1,2026-03-04,2026-03-16,2026-03-21,32,32,0,5.35,Received
PO-480056,92,SUP-103,B000006,YYC1,2026-03-04,2026-03-16,2026-03-21,204,204,1,10.47,Received
PO-480056,91,SUP-103,B000024,YHZ1,2026-03-04,2026-03-16,2026-03-21,300,300,0,24.8,Received
PO-480056,96,SUP-103,B000079,YYZ4,2026-03-04,2026-03-16,2026-03-21,64,64,0,12.85,Received
PO-480056,94,SUP-103,B000119,YYC1,2026-03-04,2026-03-16,2026-03-21,24,24,0,15.29,Received
PO-480056,97,SUP-103,B000178,YYZ4,2026-03-04,2026-03-16,2026-03-21,624,624,7,27.42,Received
PO-480056,87,SUP-103,B000194,YYZ4,2026-03-04,2026-03-16,2026-03-21,36,29,0,12.16,Received
PO-480056,89,SUP-103,B000246,YVR2,2026-03-04,2026-03-16,2026-03-21,24,24,0,48.07,Received
PO-480056,86,SUP-103,B000273,YUL5,2026-03-04,2026-03-16,2026-03-21,32,32,0,23.72,Received
PO-480056,93,SUP-103,B000295,YVR2,2026-03-04,2026-03-16,2026-03-21,6,5,0,18.76,Received
PO-480056,90,SUP-103,B000312,YWG2,2026-03-04,2026-03-16,2026-03-21,109,109,1,11.5,Received
PO-480056,98,SUP-103,B000348,YEG3,2026-03-04,2026-03-16,2026-03-21,592,592,6,9.96,Received
PO-480056,85,SUP-103,B000374,YYC1,2026-03-04,2026-03-16,2026-03-21,66,57,0,10.68,Received
PO-480056,84,SUP-103,B000399,YYC1,2026-03-04,2026-03-16,2026-03-21,40,40,0,19.26,Received
PO-480056,88,SUP-103,B000413,YVR2,2026-03-04,2026-03-16,2026-03-21,120,120,0,27.73,Received
PO-480132,83,SUP-105,B000016,YYC1,2026-03-04,2026-03-13,2026-03-12,228,228,1,22.7,Received
PO-480132,72,SUP-105,B000023,YYZ4,2026-03-04,2026-03-13,2026-03-12,48,38,0,55.53,Received
PO-480132,74,SUP-105,B000025,YYZ4,2026-03-04,2026-03-13,2026-03-12,32,32,0,34.44,Received
PO-480132,81,SUP-105,B000071,YUL5,2026-03-04,2026-03-13,2026-03-12,48,48,0,52.68,Received
PO-480132,76,SUP-105,B000097,YYZ4,2026-03-04,2026-03-13,2026-03-12,144,144,1,48.69,Received
PO-480132,79,SUP-105,B000153,YVR2,2026-03-04,2026-03-13,2026-03-12,504,504,1,9.61,Received
PO-480132,82,SUP-105,B000216,YVR2,2026-03-04,2026-03-13,2026-03-12,462,462,2,49.89,Received
PO-480132,73,SUP-105,B000259,YHZ1,2026-03-04,2026-03-13,2026-03-12,183,183,1,17.17,Received
PO-480132,80,SUP-105,B000263,YUL5,2026-03-04,2026-03-13,2026-03-12,208,208,1,50.34,Received
PO-480132,77,SUP-105,B000282,YVR2,2026-03-04,2026-03-13,2026-03-12,238,222,2,55.18,Received
PO-480132,75,SUP-105,B000320,YVR2,2026-03-04,2026-03-13,2026-03-12,24,24,0,15.12,Received
PO-480132,78,SUP-105,B000369,YYZ4,2026-03-04,2026-03-13,2026-03-12,48,48,0,12.66,Received
PO-480185,38,SUP-107,B000064,YVR2,2026-03-04,2026-04-07,2026-04-28,111,111,0,40.08,Received
PO-480185,35,SUP-107,B000117,YYZ4,2026-03-04,2026-04-07,2026-04-28,60,54,0,10.32,Received
PO-480185,36,SUP-107,B000148,YHZ1,2026-03-04,2026-04-07,2026-04-28,132,132,0,21.53,Received
PO-480185,32,SUP-107,B000173,YYC1,2026-03-04,2026-04-07,2026-04-28,72,72,0,20.12,Received
PO-480185,34,SUP-107,B000200,YUL5,2026-03-04,2026-04-07,2026-04-28,92,92,1,42.44,Received
PO-480185,33,SUP-107,B000336,YVR2,2026-03-04,2026-04-07,2026-04-28,12,12,0,61.89,Received
PO-480185,37,SUP-107,B000394,YHZ1,2026-03-04,2026-04-07,2026-04-28,1182,1131,8,19.24,Received
PO-480163,42,SUP-106,B000021,YUL5,2026-03-05,2026-03-29,2026-04-05,48,48,0,16.28,Received
PO-480163,43,SUP-106,B000029,YYC1,2026-03-05,2026-03-29,2026-04-05,424,424,11,12.43,Received
PO-480163,45,SUP-106,B000127,YYZ4,2026-03-05,2026-03-29,2026-04-05,480,480,8,15.81,Received
PO-480163,48,SUP-106,B000255,YHZ1,2026-03-05,2026-03-29,2026-04-05,24,24,1,18.41,Received
PO-480163,44,SUP-106,B000294,YUL5,2026-03-05,2026-03-29,2026-04-05,708,708,15,42.52,Received
PO-480163,49,SUP-106,B000316,YYZ4,2026-03-05,2026-03-29,2026-04-05,88,71,1,11.05,Received
PO-480163,47,SUP-106,B000383,YYC1,2026-03-05,2026-03-29,2026-04-05,264,264,1,12.08,Received
PO-480163,46,SUP-106,B000389,YUL5,2026-03-05,2026-03-29,2026-04-05,96,96,1,28.39,Received
PO-480335,65,SUP-113,B000009,YYC1,2026-03-06,2026-03-22,2026-03-30,52,52,1,15.41,Received
PO-480335,74,SUP-113,B000030,YEG3,2026-03-06,2026-03-22,2026-03-30,192,178,3,26.33,Received
PO-480335,67,SUP-113,B000063,YVR2,2026-03-06,2026-03-22,2026-03-30,134,134,0,20.49,Received
PO-480335,72,SUP-113,B000070,YHZ1,2026-03-06,2026-03-22,2026-03-30,572,512,1,8.73,Received
PO-480335,66,SUP-113,B000091,YYC1,2026-03-06,2026-03-22,2026-03-30,48,48,1,40.85,Received
PO-480335,68,SUP-113,B000135,YYC1,2026-03-06,2026-03-22,2026-03-30,90,90,0,13.09,Received
PO-480335,75,SUP-113,B000136,YUL5,2026-03-06,2026-03-22,2026-03-30,24,24,0,38.25,Received
PO-480335,71,SUP-113,B000154,YYZ4,2026-03-06,2026-03-22,2026-03-30,96,96,1,6.27,Received
PO-480335,70,SUP-113,B000176,YYZ4,2026-03-06,2026-03-22,2026-03-30,12,12,0,23.18,Received
PO-480335,69,SUP-113,B000182,YHZ1,2026-03-06,2026-03-22,2026-03-30,1684,1684,21,8.68,Received
PO-480335,73,SUP-113,B000186,YEG3,2026-03-06,2026-03-22,2026-03-30,24,24,0,7.27,Received
PO-480335,76,SUP-113,B000298,YWG2,2026-03-06,2026-03-22,2026-03-30,296,296,4,39.04,Received
PO-480335,64,SUP-113,B000395,YHZ1,2026-03-06,2026-03-22,2026-03-30,32,32,0,9.53,Received
PO-480097,28,SUP-104,B000054,YYZ4,2026-03-07,2026-03-17,2026-03-14,32,32,0,12.38,Received
PO-480097,16,SUP-104,B000060,YYZ4,2026-03-07,2026-03-17,2026-03-14,168,168,1,14.56,Received
PO-480097,15,SUP-104,B000077,YWG2,2026-03-07,2026-03-17,2026-03-14,192,187,1,55.44,Received
PO-480097,24,SUP-104,B000088,YUL5,2026-03-07,2026-03-17,2026-03-14,352,352,0,22.27,Received
PO-480097,22,SUP-104,B000093,YYZ4,2026-03-07,2026-03-17,2026-03-14,24,24,0,3.57,Received
PO-480097,27,SUP-104,B000095,YVR2,2026-03-07,2026-03-17,2026-03-14,192,192,1,4.5,Received
PO-480097,21,SUP-104,B000140,YVR2,2026-03-07,2026-03-17,2026-03-14,108,108,1,5.15,Received
PO-480097,20,SUP-104,B000150,YYZ4,2026-03-07,2026-03-17,2026-03-14,16,16,0,2.47,Received
PO-480097,13,SUP-104,B000168,YYZ4,2026-03-07,2026-03-17,2026-03-14,180,180,0,8.87,Received
PO-480097,26,SUP-104,B000214,YYZ4,2026-03-07,2026-03-17,2026-03-14,96,96,0,9.98,Received
PO-480097,17,SUP-104,B000256,YWG2,2026-03-07,2026-03-17,2026-03-14,96,96,0,17.41,Received
PO-480097,12,SUP-104,B000257,YWG2,2026-03-07,2026-03-17,2026-03-14,3380,3380,20,12.7,Received
PO-480097,25,SUP-104,B000290,YUL5,2026-03-07,2026-03-17,2026-03-14,160,160,0,2.29,Received
PO-480097,23,SUP-104,B000367,YEG3,2026-03-07,2026-03-17,2026-03-14,156,156,1,4.19,Received
PO-480097,14,SUP-104,B000388,YYZ4,2026-03-07,2026-03-17,2026-03-14,12,12,0,19.55,Received
PO-480097,11,SUP-104,B000390,YYC1,2026-03-07,2026-03-17,2026-03-14,109,109,0,10.78,Received
PO-480097,19,SUP-104,B000412,YUL5,2026-03-07,2026-03-17,2026-03-14,642,642,2,5.35,Received
PO-480097,18,SUP-104,B000417,YYC1,2026-03-07,2026-03-17,2026-03-14,6,6,0,17.43,Received
PO-480298,56,SUP-112,B000087,YUL5,2026-03-07,2026-03-21,2026-03-22,240,240,1,35.54,Received
PO-480298,58,SUP-112,B000143,YYZ4,2026-03-07,2026-03-21,2026-03-22,213,188,0,6.49,Received
PO-480298,57,SUP-112,B000189,YWG2,2026-03-07,2026-03-21,2026-03-22,40,40,1,11.62,Received
PO-480298,60,SUP-112,B000249,YYZ4,2026-03-07,2026-03-21,2026-03-22,54,54,0,24.19,Received
PO-480298,61,SUP-112,B000286,YEG3,2026-03-07,2026-03-21,2026-03-22,492,492,4,43.29,Received
PO-480298,59,SUP-112,B000304,YYC1,2026-03-07,2026-03-21,2026-03-22,453,453,6,13.26,Received
PO-480298,62,SUP-112,B000354,YYC1,2026-03-07,2026-03-21,2026-03-22,504,504,5,3.98,Received
PO-480491,51,SUP-120,B000008,YUL5,2026-03-07,2026-03-13,2026-03-11,92,73,0,3.7,Received
PO-480491,44,SUP-120,B000012,YYZ4,2026-03-07,2026-03-13,2026-03-11,268,268,1,9.46,Received
PO-480491,49,SUP-120,B000052,YWG2,2026-03-07,2026-03-13,2026-03-11,504,504,1,3.12,Received
PO-480491,52,SUP-120,B000130,YUL5,2026-03-07,2026-03-13,2026-03-11,96,96,0,4.08,Received
PO-480491,45,SUP-120,B000195,YVR2,2026-03-07,2026-03-13,2026-03-11,16,16,0,6.65,Received
PO-480491,39,SUP-120,B000196,YYC1,2026-03-07,2026-03-13,2026-03-11,1,1,0,7.3,Received
PO-480491,48,SUP-120,B000197,YYZ4,2026-03-07,2026-03-13,2026-03-11,204,170,1,7.26,Received
PO-480491,50,SUP-120,B000199,YWG2,2026-03-07,2026-03-13,2026-03-11,48,45,0,17.21,Received
PO-480491,43,SUP-120,B000210,YUL5,2026-03-07,2026-03-13,2026-03-11,96,96,0,2.12,Received
PO-480491,47,SUP-120,B000250,YYC1,2026-03-07,2026-03-13,2026-03-11,120,120,0,3.15,Received
PO-480491,46,SUP-120,B000269,YYC1,2026-03-07,2026-03-13,2026-03-11,24,24,0,2.24,Received
PO-480491,38,SUP-120,B000310,YHZ1,2026-03-07,2026-03-13,2026-03-11,288,253,1,2.96,Received
PO-480491,40,SUP-120,B000321,YYC1,2026-03-07,2026-03-13,2026-03-11,48,48,0,8.49,Received
PO-480491,41,SUP-120,B000338,YYZ4,2026-03-07,2026-03-13,2026-03-11,240,240,0,3.88,Received
PO-480491,42,SUP-120,B000365,YYZ4,2026-03-07,2026-03-13,2026-03-11,96,96,0,4.97,Received
PO-480133,99,SUP-105,B000023,YYZ4,2026-03-08,2026-03-17,2026-03-17,16,16,0,55.53,Received
PO-480133,98,SUP-105,B000043,YYZ4,2026-03-08,2026-03-17,2026-03-17,12,12,0,81.24,Received
PO-480133,89,SUP-105,B000071,YUL5,2026-03-08,2026-03-17,2026-03-17,48,48,0,52.68,Received
PO-480133,92,SUP-105,B000092,YWG2,2026-03-08,2026-03-17,2026-03-17,48,48,0,37.96,Received
PO-480133,97,SUP-105,B000097,YVR2,2026-03-08,2026-03-17,2026-03-17,24,24,0,48.69,Received
PO-480133,88,SUP-105,B000153,YEG3,2026-03-08,2026-03-17,2026-03-17,570,570,3,9.61,Received
PO-480133,85,SUP-105,B000213,YYC1,2026-03-08,2026-03-17,2026-03-17,248,248,0,46.02,Received
PO-480133,87,SUP-105,B000216,YYZ4,2026-03-08,2026-03-17,2026-03-17,204,204,1,49.89,Received
PO-480133,90,SUP-105,B000259,YUL5,2026-03-08,2026-03-17,2026-03-17,32,32,0,17.17,Received
PO-480133,96,SUP-105,B000263,YUL5,2026-03-08,2026-03-17,2026-03-17,108,108,0,50.34,Received
PO-480133,91,SUP-105,B000282,YVR2,2026-03-08,2026-03-17,2026-03-17,216,216,1,55.18,Received
PO-480133,93,SUP-105,B000284,YVR2,2026-03-08,2026-03-17,2026-03-17,521,521,4,19.61,Received
PO-480133,84,SUP-105,B000308,YYZ4,2026-03-08,2026-03-17,2026-03-17,48,48,0,10.93,Received
PO-480133,95,SUP-105,B000320,YVR2,2026-03-08,2026-03-17,2026-03-17,48,45,0,15.12,Received
PO-480133,86,SUP-105,B000361,YYC1,2026-03-08,2026-03-17,2026-03-17,192,192,1,25.9,Received
PO-480133,94,SUP-105,B000380,YEG3,2026-03-08,2026-03-17,2026-03-17,112,112,1,31.53,Received
PO-480336,82,SUP-113,B000009,YYC1,2026-03-09,2026-03-25,2026-03-26,58,58,0,15.41,Received
PO-480336,89,SUP-113,B000028,YYZ4,2026-03-09,2026-03-25,2026-03-26,9,9,0,33.32,Received
PO-480336,80,SUP-113,B000070,YVR2,2026-03-09,2026-03-25,2026-03-26,2240,2240,40,8.73,Received
PO-480336,86,SUP-113,B000106,YYZ4,2026-03-09,2026-03-25,2026-03-26,96,96,1,11.64,Received
PO-480336,88,SUP-113,B000135,YVR2,2026-03-09,2026-03-25,2026-03-26,108,108,2,13.09,Received
PO-480336,81,SUP-113,B000154,YHZ1,2026-03-09,2026-03-25,2026-03-26,72,72,1,6.27,Received
PO-480336,77,SUP-113,B000176,YUL5,2026-03-09,2026-03-25,2026-03-26,18,18,0,23.18,Received
PO-480336,90,SUP-113,B000186,YYZ4,2026-03-09,2026-03-25,2026-03-26,24,24,0,7.27,Received
PO-480336,83,SUP-113,B000231,YYZ4,2026-03-09,2026-03-25,2026-03-26,258,258,4,17.01,Received
PO-480336,85,SUP-113,B000326,YVR2,2026-03-09,2026-03-25,2026-03-26,456,456,6,9.48,Received
PO-480336,87,SUP-113,B000334,YYZ4,2026-03-09,2026-03-25,2026-03-26,7,7,0,8.22,Received
PO-480336,78,SUP-113,B000395,YYZ4,2026-03-09,2026-03-25,2026-03-26,72,72,0,9.53,Received
PO-480336,84,SUP-113,B000406,YYZ4,2026-03-09,2026-03-25,2026-03-26,72,60,1,12.22,Received
PO-480336,79,SUP-113,B000419,YUL5,2026-03-09,2026-03-25,2026-03-26,64,64,1,34.2,Received
PO-480454,35,SUP-119,B000013,YHZ1,2026-03-09,2026-04-08,2026-04-05,696,696,11,7.12,Received
PO-480454,39,SUP-119,B000018,YYZ4,2026-03-09,2026-04-08,2026-04-05,30,30,0,15.1,Received
PO-480454,34,SUP-119,B000032,YWG2,2026-03-09,2026-04-08,2026-04-05,24,24,0,10.45,Received
PO-480454,36,SUP-119,B000049,YVR2,2026-03-09,2026-04-08,2026-04-05,64,64,1,9.82,Received
PO-480454,33,SUP-119,B000073,YHZ1,2026-03-09,2026-04-08,2026-04-05,48,48,0,4.65,Received
PO-480454,41,SUP-119,B000112,YVR2,2026-03-09,2026-04-08,2026-04-05,96,96,2,43.81,Received
PO-480454,38,SUP-119,B000125,YYC1,2026-03-09,2026-04-08,2026-04-05,60,56,0,8.87,Received
PO-480454,37,SUP-119,B000159,YYZ4,2026-03-09,2026-04-08,2026-04-05,1744,1744,15,5.08,Received
PO-480454,42,SUP-119,B000175,YYZ4,2026-03-09,2026-04-08,2026-04-05,228,228,5,13.44,Received
PO-480454,31,SUP-119,B000206,YVR2,2026-03-09,2026-04-08,2026-04-05,32,32,0,15.92,Received
PO-480454,32,SUP-119,B000331,YYC1,2026-03-09,2026-04-08,2026-04-05,30,30,0,5.86,Received
PO-480454,40,SUP-119,B000386,YYZ4,2026-03-09,2026-04-08,2026-04-05,24,24,0,3.34,Received
PO-480164,52,SUP-106,B000037,YYC1,2026-03-10,2026-04-03,2026-04-04,114,114,1,22.46,Received
PO-480164,58,SUP-106,B000066,YVR2,2026-03-10,2026-04-03,2026-04-04,462,462,8,24.86,Received
PO-480164,57,SUP-106,B000255,YHZ1,2026-03-10,2026-04-03,2026-04-04,24,23,1,18.41,Received
PO-480164,56,SUP-106,B000288,YVR2,2026-03-10,2026-04-03,2026-04-04,396,396,3,9.3,Received
PO-480164,55,SUP-106,B000294,YHZ1,2026-03-10,2026-04-03,2026-04-04,276,276,1,42.52,Received
PO-480164,54,SUP-106,B000301,YYZ4,2026-03-10,2026-04-03,2026-04-04,96,96,2,37.32,Received
PO-480164,50,SUP-106,B000309,YYZ4,2026-03-10,2026-04-03,2026-04-04,136,136,1,6.6,Received
PO-480164,53,SUP-106,B000319,YYZ4,2026-03-10,2026-04-03,2026-04-04,12,12,0,45.53,Received
PO-480164,51,SUP-106,B000389,YUL5,2026-03-10,2026-04-03,2026-04-04,240,240,1,28.39,Received
PO-480419,23,SUP-117,B000036,YYC1,2026-03-10,2026-04-19,2026-05-08,104,104,3,29.55,Received
PO-480419,33,SUP-117,B000149,YEG3,2026-03-10,2026-04-19,2026-05-08,27,27,0,23.03,Received
PO-480419,29,SUP-117,B000169,YUL5,2026-03-10,2026-04-19,2026-05-08,3036,3036,65,31.28,Received
PO-480419,24,SUP-117,B000172,YUL5,2026-03-10,2026-04-19,2026-05-08,96,96,2,5.51,Received
PO-480419,27,SUP-117,B000177,YYZ4,2026-03-10,2026-04-19,2026-05-08,1816,1816,61,2.41,Received
PO-480419,31,SUP-117,B000217,YHZ1,2026-03-10,2026-04-19,2026-05-08,104,104,1,37.59,Received
PO-480419,28,SUP-117,B000245,YVR2,2026-03-10,2026-04-19,2026-05-08,728,728,1,2.38,Received
PO-480419,30,SUP-117,B000265,YYZ4,2026-03-10,2026-04-19,2026-05-08,932,932,23,5.9,Received
PO-480419,32,SUP-117,B000342,YUL5,2026-03-10,2026-04-19,2026-05-08,108,108,1,3.2,Received
PO-480419,25,SUP-117,B000400,YYZ4,2026-03-10,2026-04-19,2026-05-08,96,96,2,7.68,Received
PO-480419,26,SUP-117,B000402,YUL5,2026-03-10,2026-04-19,2026-05-08,424,424,12,12.23,Received
PO-480492,58,SUP-120,B000008,YEG3,2026-03-10,2026-03-16,2026-03-14,260,260,0,3.7,Received
PO-480492,67,SUP-120,B000012,YVR2,2026-03-10,2026-03-16,2026-03-14,52,47,0,9.46,Received
PO-480492,57,SUP-120,B000052,YEG3,2026-03-10,2026-03-16,2026-03-14,93,93,0,3.12,Received
PO-480492,56,SUP-120,B000130,YYZ4,2026-03-10,2026-03-16,2026-03-14,132,132,0,4.08,Received
PO-480492,63,SUP-120,B000195,YYZ4,2026-03-10,2026-03-16,2026-03-14,32,32,0,6.65,Received
PO-480492,62,SUP-120,B000196,YYZ4,2026-03-10,2026-03-16,2026-03-14,7,7,0,7.3,Received
PO-480492,54,SUP-120,B000197,YUL5,2026-03-10,2026-03-16,2026-03-14,30,23,0,7.26,Received
PO-480492,55,SUP-120,B000199,YYC1,2026-03-10,2026-03-16,2026-03-14,268,268,1,17.21,Received
PO-480492,60,SUP-120,B000210,YEG3,2026-03-10,2026-03-16,2026-03-14,48,48,0,2.12,Received
PO-480492,53,SUP-120,B000250,YHZ1,2026-03-10,2026-03-16,2026-03-14,152,152,1,3.15,Received
PO-480492,66,SUP-120,B000269,YYC1,2026-03-10,2026-03-16,2026-03-14,24,24,0,2.24,Received
PO-480492,61,SUP-120,B000310,YEG3,2026-03-10,2026-03-16,2026-03-14,80,75,0,2.96,Received
PO-480492,65,SUP-120,B000321,YYZ4,2026-03-10,2026-03-16,2026-03-14,48,48,0,8.49,Received
PO-480492,64,SUP-120,B000338,YVR2,2026-03-10,2026-03-16,2026-03-14,184,184,1,3.88,Received
PO-480492,59,SUP-120,B000365,YYZ4,2026-03-10,2026-03-16,2026-03-14,36,36,0,4.97,Received
PO-480455,51,SUP-119,B000013,YUL5,2026-03-12,2026-04-11,2026-04-14,216,216,3,7.12,Received
PO-480455,45,SUP-119,B000018,YYZ4,2026-03-12,2026-04-11,2026-04-14,36,36,0,15.1,Received
PO-480455,46,SUP-119,B000032,YYZ4,2026-03-12,2026-04-11,2026-04-14,6,6,0,10.45,Received
PO-480455,43,SUP-119,B000049,YYZ4,2026-03-12,2026-04-11,2026-04-14,120,120,2,9.82,Received
PO-480455,48,SUP-119,B000073,YYZ4,2026-03-12,2026-04-11,2026-04-14,48,48,1,4.65,Received
PO-480455,44,SUP-119,B000112,YYZ4,2026-03-12,2026-04-11,2026-04-14,96,96,1,43.81,Received
PO-480455,47,SUP-119,B000125,YUL5,2026-03-12,2026-04-11,2026-04-14,596,596,12,8.87,Received
PO-480455,54,SUP-119,B000159,YYC1,2026-03-12,2026-04-11,2026-04-14,544,544,11,5.08,Received
PO-480455,52,SUP-119,B000175,YYC1,2026-03-12,2026-04-11,2026-04-14,318,302,3,13.44,Received
PO-480455,53,SUP-119,B000206,YVR2,2026-03-12,2026-04-11,2026-04-14,132,132,1,15.92,Received
PO-480455,49,SUP-119,B000331,YYZ4,2026-03-12,2026-04-11,2026-04-14,12,12,0,5.86,Received
PO-480455,50,SUP-119,B000386,YYZ4,2026-03-12,2026-04-11,2026-04-14,24,24,1,3.34,Received
PO-480493,69,SUP-120,B000008,YYZ4,2026-03-12,2026-03-18,2026-03-20,408,408,2,3.7,Received
PO-480493,73,SUP-120,B000195,YYZ4,2026-03-12,2026-03-18,2026-03-20,24,19,0,6.65,Received
PO-480493,70,SUP-120,B000197,YYZ4,2026-03-12,2026-03-18,2026-03-20,168,156,0,7.26,Received
PO-480493,68,SUP-120,B000210,YEG3,2026-03-12,2026-03-18,2026-03-20,228,228,0,2.12,Received
PO-480493,71,SUP-120,B000269,YYC1,2026-03-12,2026-03-18,2026-03-20,24,24,0,2.24,Received
PO-480493,72,SUP-120,B000338,YYZ4,2026-03-12,2026-03-18,2026-03-20,152,142,0,3.88,Received
PO-480493,74,SUP-120,B000365,YUL5,2026-03-12,2026-03-18,2026-03-20,18,18,0,4.97,Received
PO-480057,6,SUP-103,B000000,YHZ1,2026-03-15,2026-03-27,2026-03-29,15,15,0,5.35,Received
PO-480057,4,SUP-103,B000006,YYZ4,2026-03-15,2026-03-27,2026-03-29,108,108,1,10.47,Received
PO-480057,3,SUP-103,B000024,YEG3,2026-03-15,2026-03-27,2026-03-29,180,180,2,24.8,Received
PO-480057,2,SUP-103,B000119,YYC1,2026-03-15,2026-03-27,2026-03-29,30,30,0,15.29,Received
PO-480057,99,SUP-103,B000133,YYZ4,2026-03-15,2026-03-27,2026-03-29,8,8,0,15.18,Received
PO-480057,10,SUP-103,B000194,YEG3,2026-03-15,2026-03-27,2026-03-29,36,29,0,12.16,Received
PO-480057,5,SUP-103,B000291,YYZ4,2026-03-15,2026-03-27,2026-03-29,416,416,3,17.87,Received
PO-480057,11,SUP-103,B000295,YVR2,2026-03-15,2026-03-27,2026-03-29,36,32,0,18.76,Received
PO-480057,8,SUP-103,B000353,YYC1,2026-03-15,2026-03-27,2026-03-29,25,25,0,13.18,Received
PO-480057,9,SUP-103,B000374,YYZ4,2026-03-15,2026-03-27,2026-03-29,24,24,0,10.68,Received
PO-480057,7,SUP-103,B000399,YYC1,2026-03-15,2026-03-27,2026-03-29,24,20,0,19.26,Received
PO-480057,1,SUP-103,B000413,YWG2,2026-03-15,2026-03-27,2026-03-29,48,43,1,27.73,Received
PO-480165,61,SUP-106,B000021,YUL5,2026-03-15,2026-04-08,2026-04-07,104,104,0,16.28,Received
PO-480165,62,SUP-106,B000033,YEG3,2026-03-15,2026-04-08,2026-04-07,48,48,0,25.32,Received
PO-480165,60,SUP-106,B000037,YYZ4,2026-03-15,2026-04-08,2026-04-07,246,246,6,22.46,Received
PO-480165,64,SUP-106,B000098,YYZ4,2026-03-15,2026-04-08,2026-04-07,12,12,0,13.55,Received
PO-480165,63,SUP-106,B000307,YUL5,2026-03-15,2026-04-08,2026-04-07,96,96,2,10.55,Received
PO-480165,59,SUP-106,B000309,YYZ4,2026-03-15,2026-04-08,2026-04-07,216,216,2,6.6,Received
PO-480165,65,SUP-106,B000362,YUL5,2026-03-15,2026-04-08,2026-04-07,516,450,7,52.53,Received
PO-480337,95,SUP-113,B000059,YWG2,2026-03-16,2026-04-01,2026-04-05,336,336,1,55.06,Received
PO-480337,99,SUP-113,B000091,YYC1,2026-03-16,2026-04-01,2026-04-05,48,48,1,40.85,Received
PO-480337,92,SUP-113,B000135,YYZ4,2026-03-16,2026-04-01,2026-04-05,48,48,0,13.09,Received
PO-480337,97,SUP-113,B000154,YHZ1,2026-03-16,2026-04-01,2026-04-05,288,288,2,6.27,Received
PO-480337,1,SUP-113,B000176,YUL5,2026-03-16,2026-04-01,2026-04-05,6,6,0,23.18,Received
PO-480337,96,SUP-113,B000186,YEG3,2026-03-16,2026-04-01,2026-04-05,24,24,0,7.27,Received
PO-480337,94,SUP-113,B000231,YYZ4,2026-03-16,2026-04-01,2026-04-05,42,42,0,17.01,Received
PO-480337,93,SUP-113,B000326,YVR2,2026-03-16,2026-04-01,2026-04-05,216,216,2,9.48,Received
PO-480337,91,SUP-113,B000334,YYZ4,2026-03-16,2026-04-01,2026-04-05,12,12,0,8.22,Received
PO-480337,98,SUP-113,B000406,YYC1,2026-03-16,2026-04-01,2026-04-05,83,83,0,12.22,Received
PO-480009,88,SUP-101,B000042,YUL5,2026-03-17,2026-04-28,2026-05-06,16,16,0,22.73,Received
PO-480009,89,SUP-101,B000163,YEG3,2026-03-17,2026-04-28,2026-05-06,56,56,1,17.6,Received
PO-480009,86,SUP-101,B000165,YYC1,2026-03-17,2026-04-28,2026-05-06,536,536,0,35.18,Received
PO-480009,91,SUP-101,B000180,YYZ4,2026-03-17,2026-04-28,2026-05-06,282,242,8,87.04,Received
PO-480009,85,SUP-101,B000261,YVR2,2026-03-17,2026-04-28,2026-05-06,198,198,0,61.04,Received
PO-480009,87,SUP-101,B000266,YYZ4,2026-03-17,2026-04-28,2026-05-06,167,167,4,77.37,Received
PO-480009,90,SUP-101,B000275,YYZ4,2026-03-17,2026-04-28,2026-05-06,5,5,0,27.48,Received
PO-480009,84,SUP-101,B000279,YHZ1,2026-03-17,2026-04-28,2026-05-06,76,76,2,30.79,Received
PO-480009,83,SUP-101,B000349,YVR2,2026-03-17,2026-04-28,2026-05-06,252,252,8,53.59,Received
PO-480009,92,SUP-101,B000366,YYZ4,2026-03-17,2026-04-28,2026-05-06,1048,1048,0,36.73,Received
PO-480299,68,SUP-112,B000076,YUL5,2026-03-17,2026-03-31,2026-04-02,66,66,0,31.77,Received
PO-480299,65,SUP-112,B000086,YUL5,2026-03-17,2026-03-31,2026-04-02,132,132,0,8.8,Received
PO-480299,69,SUP-112,B000224,YUL5,2026-03-17,2026-03-31,2026-04-02,432,432,5,5.13,Received
PO-480299,66,SUP-112,B000242,YHZ1,2026-03-17,2026-03-31,2026-04-02,1716,1716,14,7.44,Received
PO-480299,64,SUP-112,B000248,YVR2,2026-03-17,2026-03-31,2026-04-02,49,49,0,20.2,Received
PO-480299,67,SUP-112,B000272,YYZ4,2026-03-17,2026-03-31,2026-04-02,42,35,0,5.34,Received
PO-480299,70,SUP-112,B000286,YYZ4,2026-03-17,2026-03-31,2026-04-02,180,180,3,43.29,Received
PO-480299,63,SUP-112,B000304,YWG2,2026-03-17,2026-03-31,2026-04-02,114,114,1,13.26,Received
PO-480380,76,SUP-115,B000010,YUL5,2026-03-20,2026-04-22,2026-04-13,9552,7814,72,22.5,Received
PO-480380,69,SUP-115,B000047,YYZ4,2026-03-20,2026-04-22,2026-04-13,2790,2790,24,63.07,Received
PO-480380,66,SUP-115,B000051,YVR2,2026-03-20,2026-04-22,2026-04-13,240,240,1,17.69,Received
PO-480380,71,SUP-115,B000053,YUL5,2026-03-20,2026-04-22,2026-04-13,100,100,1,15.69,Received
PO-480380,65,SUP-115,B000057,YYZ4,2026-03-20,2026-04-22,2026-04-13,56,56,0,20.35,Received
PO-480380,74,SUP-115,B000116,YVR2,2026-03-20,2026-04-22,2026-04-13,312,300,1,59.9,Received
PO-480380,73,SUP-115,B000138,YYZ4,2026-03-20,2026-04-22,2026-04-13,50,50,1,25.11,Received
PO-480380,70,SUP-115,B000244,YEG3,2026-03-20,2026-04-22,2026-04-13,336,336,3,31.25,Received
PO-480380,67,SUP-115,B000258,YUL5,2026-03-20,2026-04-22,2026-04-13,1757,1757,1,7.11,Received
PO-480380,75,SUP-115,B000300,YYZ4,2026-03-20,2026-04-22,2026-04-13,66,66,0,30.93,Received
PO-480380,77,SUP-115,B000333,YYZ4,2026-03-20,2026-04-22,2026-04-13,461,461,4,53.66,Received
PO-480380,78,SUP-115,B000359,YYC1,2026-03-20,2026-04-22,2026-04-13,792,792,2,69.57,Received
PO-480380,68,SUP-115,B000376,YYZ4,2026-03-20,2026-04-22,2026-04-13,1008,1008,9,94.61,Received
PO-480380,72,SUP-115,B000377,YWG2,2026-03-20,2026-04-22,2026-04-13,16,16,0,61.98,Received
PO-480398,89,SUP-116,B000164,YYZ4,2026-03-21,2026-04-25,2026-04-26,56,50,0,52.28,Received
PO-480398,92,SUP-116,B000179,YYZ4,2026-03-21,2026-04-25,2026-04-26,236,236,1,62.15,Received
PO-480398,93,SUP-116,B000185,YYC1,2026-03-21,2026-04-25,2026-04-26,720,720,4,23.78,Received
PO-480398,84,SUP-116,B000223,YUL5,2026-03-21,2026-04-25,2026-04-26,336,336,2,48.99,Received
PO-480398,85,SUP-116,B000228,YYZ4,2026-03-21,2026-04-25,2026-04-26,312,312,1,51.13,Received
PO-480398,88,SUP-116,B000234,YYZ4,2026-03-21,2026-04-25,2026-04-26,31,30,0,68.84,Received
PO-480398,87,SUP-116,B000240,YEG3,2026-03-21,2026-04-25,2026-04-26,416,416,2,9.44,Received
PO-480398,83,SUP-116,B000318,YWG2,2026-03-21,2026-04-25,2026-04-26,292,292,2,27.75,Received
PO-480398,91,SUP-116,B000335,YUL5,2026-03-21,2026-04-25,2026-04-26,268,268,2,57.26,Received
PO-480398,95,SUP-116,B000358,YYC1,2026-03-21,2026-04-25,2026-04-26,255,255,2,85.05,Received
PO-480398,94,SUP-116,B000360,YEG3,2026-03-21,2026-04-25,2026-04-26,88,88,1,13.52,Received
PO-480398,90,SUP-116,B000375,YVR2,2026-03-21,2026-04-25,2026-04-26,172,172,1,81.72,Received
PO-480398,86,SUP-116,B000384,YVR2,2026-03-21,2026-04-25,2026-04-26,74,74,0,152.21,Received
PO-480398,96,SUP-116,B000401,YUL5,2026-03-21,2026-04-25,2026-04-26,437,437,3,26.64,Received
PO-480435,41,SUP-118,B000027,YWG2,2026-03-25,2026-04-26,2026-05-02,24,21,0,12.44,Received
PO-480435,46,SUP-118,B000069,YYC1,2026-03-25,2026-04-26,2026-05-02,240,229,3,11.1,Received
PO-480435,42,SUP-118,B000083,YVR2,2026-03-25,2026-04-26,2026-05-02,127,112,2,25.64,Received
PO-480435,37,SUP-118,B000107,YHZ1,2026-03-25,2026-04-26,2026-05-02,2086,2086,19,6.42,Received
PO-480435,31,SUP-118,B000108,YYZ4,2026-03-25,2026-04-26,2026-05-02,3743,3743,66,27.52,Received
PO-480435,39,SUP-118,B000110,YVR2,2026-03-25,2026-04-26,2026-05-02,208,208,1,27.06,Received
PO-480435,40,SUP-118,B000124,YHZ1,2026-03-25,2026-04-26,2026-05-02,160,160,1,19.28,Received
PO-480435,38,SUP-118,B000155,YVR2,2026-03-25,2026-04-26,2026-05-02,31,30,0,16.62,Received
PO-480435,44,SUP-118,B000170,YHZ1,2026-03-25,2026-04-26,2026-05-02,18,18,0,6.35,Received
PO-480435,34,SUP-118,B000221,YVR2,2026-03-25,2026-04-26,2026-05-02,89,89,2,45.14,Received
PO-480435,35,SUP-118,B000237,YYZ4,2026-03-25,2026-04-26,2026-05-02,32,32,0,34.69,Received
PO-480435,32,SUP-118,B000243,YWG2,2026-03-25,2026-04-26,2026-05-02,140,140,2,45.01,Received
PO-480435,36,SUP-118,B000311,YWG2,2026-03-25,2026-04-26,2026-05-02,40,40,0,23.78,Received
PO-480435,45,SUP-118,B000330,YYZ4,2026-03-25,2026-04-26,2026-05-02,744,744,12,34.27,Received
PO-480435,33,SUP-118,B000372,YUL5,2026-03-25,2026-04-26,2026-05-02,975,823,3,17.44,Received
PO-480435,43,SUP-118,B000398,YVR2,2026-03-25,2026-04-26,2026-05-02,303,303,1,25.87,Received
PO-480268,6,SUP-111,B000005,YYC1,2026-03-26,2026-04-02,2026-04-03,72,72,0,11.5,Received
PO-480268,99,SUP-111,B000007,YYC1,2026-03-26,2026-04-02,2026-04-03,2743,2743,9,5.45,Received
PO-480268,2,SUP-111,B000015,YYZ4,2026-03-26,2026-04-02,2026-04-03,48,48,0,3.74,Received
PO-480268,93,SUP-111,B000102,YVR2,2026-03-26,2026-04-02,2026-04-03,1108,960,3,4.23,Received
PO-480268,94,SUP-111,B000109,YYZ4,2026-03-26,2026-04-02,2026-04-03,252,252,1,27.2,Received
PO-480268,97,SUP-111,B000122,YYZ4,2026-03-26,2026-04-02,2026-04-03,542,542,2,13.42,Received
PO-480268,3,SUP-111,B000123,YYZ4,2026-03-26,2026-04-02,2026-04-03,84,84,0,11.77,Received
PO-480268,4,SUP-111,B000145,YYZ4,2026-03-26,2026-04-02,2026-04-03,48,48,0,13.18,Received
PO-480268,91,SUP-111,B000147,YEG3,2026-03-26,2026-04-02,2026-04-03,224,224,1,34.39,Received
PO-480268,1,SUP-111,B000187,YUL5,2026-03-26,2026-04-02,2026-04-03,192,192,0,18.92,Received
PO-480268,98,SUP-111,B000203,YUL5,2026-03-26,2026-04-02,2026-04-03,28,28,0,5.75,Received
PO-480268,95,SUP-111,B000215,YHZ1,2026-03-26,2026-04-02,2026-04-03,200,200,0,17.08,Received
PO-480268,92,SUP-111,B000218,YYZ4,2026-03-26,2026-04-02,2026-04-03,236,236,0,3.34,Received
PO-480268,96,SUP-111,B000351,YHZ1,2026-03-26,2026-04-02,2026-04-03,936,936,3,7.71,Received
PO-480268,5,SUP-111,B000404,YYZ4,2026-03-26,2026-04-02,2026-04-03,632,632,2,6.26,Received
PO-480166,67,SUP-106,B000021,YYZ4,2026-03-27,2026-04-20,2026-04-17,48,48,1,16.28,Received
PO-480166,80,SUP-106,B000029,YEG3,2026-03-27,2026-04-20,2026-04-17,416,416,1,12.43,Received
PO-480166,77,SUP-106,B000037,YYC1,2026-03-27,2026-04-20,2026-04-17,162,162,3,22.46,Received
PO-480166,73,SUP-106,B000039,YYZ4,2026-03-27,2026-04-20,2026-04-17,84,84,2,19.83,Received
PO-480166,68,SUP-106,B000066,YVR2,2026-03-27,2026-04-20,2026-04-17,876,876,10,24.86,Received
PO-480166,70,SUP-106,B000098,YYZ4,2026-03-27,2026-04-20,2026-04-17,48,48,0,13.55,Received
PO-480166,69,SUP-106,B000101,YUL5,2026-03-27,2026-04-20,2026-04-17,224,224,0,32.63,Received
PO-480166,75,SUP-106,B000127,YEG3,2026-03-27,2026-04-20,2026-04-17,42,36,1,15.81,Received
PO-480166,78,SUP-106,B000202,YEG3,2026-03-27,2026-04-20,2026-04-17,3436,3436,21,26.75,Received
PO-480166,83,SUP-106,B000239,YVR2,2026-03-27,2026-04-20,2026-04-17,96,96,1,12.84,Received
PO-480166,74,SUP-106,B000251,YYZ4,2026-03-27,2026-04-20,2026-04-17,44,44,0,12.22,Received
PO-480166,79,SUP-106,B000255,YYZ4,2026-03-27,2026-04-20,2026-04-17,24,24,1,18.41,Received
PO-480166,66,SUP-106,B000294,YUL5,2026-03-27,2026-04-20,2026-04-17,348,348,2,42.52,Received
PO-480166,76,SUP-106,B000301,YHZ1,2026-03-27,2026-04-20,2026-04-17,120,120,1,37.32,Received
PO-480166,71,SUP-106,B000309,YUL5,2026-03-27,2026-04-20,2026-04-17,800,800,2,6.6,Received
PO-480166,72,SUP-106,B000316,YUL5,2026-03-27,2026-04-20,2026-04-17,224,224,3,11.05,Received
PO-480166,81,SUP-106,B000319,YHZ1,2026-03-27,2026-04-20,2026-04-17,24,24,1,45.53,Received
PO-480166,82,SUP-106,B000362,YYC1,2026-03-27,2026-04-20,2026-04-17,408,408,9,52.53,Received
PO-480300,71,SUP-112,B000146,YWG2,2026-03-28,2026-04-11,2026-04-15,116,102,0,22.0,Received
PO-480300,72,SUP-112,B000224,YYZ4,2026-03-28,2026-04-11,2026-04-15,672,672,1,5.13,Received
PO-480300,77,SUP-112,B000249,YYZ4,2026-03-28,2026-04-11,2026-04-15,84,84,1,24.19,Received
PO-480300,75,SUP-112,B000272,YVR2,2026-03-28,2026-04-11,2026-04-15,216,204,2,5.34,Received
PO-480300,76,SUP-112,B000292,YYZ4,2026-03-28,2026-04-11,2026-04-15,186,186,1,32.23,Received
PO-480300,78,SUP-112,B000296,YYZ4,2026-03-28,2026-04-11,2026-04-15,48,40,0,28.09,Received
PO-480300,74,SUP-112,B000357,YYC1,2026-03-28,2026-04-11,2026-04-15,327,327,5,2.48,Received
PO-480300,73,SUP-112,B000393,YHZ1,2026-03-28,2026-04-11,2026-04-15,48,48,0,36.15,Received
PO-480356,99,SUP-114,B000139,YUL5,2026-04-01,2026-05-15,2026-06-19,36,36,1,53.47,Received
PO-480356,98,SUP-114,B000193,YVR2,2026-04-01,2026-05-15,2026-06-19,180,180,2,39.69,Received
PO-480356,96,SUP-114,B000209,YYZ4,2026-04-01,2026-05-15,2026-06-19,79,79,2,40.77,Received
PO-480356,1,SUP-114,B000227,YYC1,2026-04-01,2026-05-15,2026-06-19,240,240,14,55.69,Received
PO-480356,4,SUP-114,B000247,YYZ4,2026-04-01,2026-05-15,2026-06-19,36,36,1,29.87,Received
PO-480356,97,SUP-114,B000270,YHZ1,2026-04-01,2026-05-15,2026-06-19,156,156,3,42.84,Received
PO-480356,2,SUP-114,B000302,YYZ4,2026-04-01,2026-05-15,2026-06-19,16,16,1,37.95,Received
PO-480356,3,SUP-114,B000345,YYC1,2026-04-01,2026-05-15,2026-06-19,48,48,2,58.25,Received
PO-480134,2,SUP-105,B000016,YYC1,2026-04-02,2026-04-11,2026-04-08,288,288,2,22.7,Received
PO-480134,1,SUP-105,B000025,YVR2,2026-04-02,2026-04-11,2026-04-08,136,136,1,34.44,Received
PO-480134,4,SUP-105,B000092,YYZ4,2026-04-02,2026-04-11,2026-04-08,48,48,0,37.96,Received
PO-480134,6,SUP-105,B000153,YHZ1,2026-04-02,2026-04-11,2026-04-08,666,666,4,9.61,Received
PO-480134,5,SUP-105,B000259,YVR2,2026-04-02,2026-04-11,2026-04-08,77,63,0,17.17,Received
PO-480134,7,SUP-105,B000284,YVR2,2026-04-02,2026-04-11,2026-04-08,196,164,1,19.61,Received
PO-480134,9,SUP-105,B000308,YUL5,2026-04-02,2026-04-11,2026-04-08,48,48,0,10.93,Received
PO-480134,10,SUP-105,B000369,YVR2,2026-04-02,2026-04-11,2026-04-08,48,48,0,12.66,Received
PO-480134,3,SUP-105,B000380,YEG3,2026-04-02,2026-04-11,2026-04-08,56,56,0,31.53,Received
PO-480134,8,SUP-105,B000410,YYZ4,2026-04-02,2026-04-11,2026-04-08,96,96,0,31.02,Received
PO-480269,11,SUP-111,B000019,YWG2,2026-04-05,2026-04-12,2026-04-11,510,510,2,12.51,Received
PO-480269,16,SUP-111,B000072,YUL5,2026-04-05,2026-04-12,2026-04-11,92,92,0,16.47,Received
PO-480269,15,SUP-111,B000109,YYC1,2026-04-05,2026-04-12,2026-04-11,132,132,0,27.2,Received
PO-480269,10,SUP-111,B000111,YYZ4,2026-04-05,2026-04-12,2026-04-11,102,102,0,11.26,Received
PO-480269,8,SUP-111,B000122,YEG3,2026-04-05,2026-04-12,2026-04-11,196,196,0,13.42,Received
PO-480269,12,SUP-111,B000123,YVR2,2026-04-05,2026-04-12,2026-04-11,252,252,0,11.77,Received
PO-480269,7,SUP-111,B000145,YYZ4,2026-04-05,2026-04-12,2026-04-11,48,48,0,13.18,Received
PO-480269,13,SUP-111,B000147,YYZ4,2026-04-05,2026-04-12,2026-04-11,127,127,1,34.39,Received
PO-480269,14,SUP-111,B000203,YUL5,2026-04-05,2026-04-12,2026-04-11,124,107,0,5.75,Received
PO-480269,9,SUP-111,B000218,YUL5,2026-04-05,2026-04-12,2026-04-11,236,215,0,3.34,Received
PO-480338,6,SUP-113,B000059,YHZ1,2026-04-07,2026-04-23,2026-05-01,234,234,1,55.06,Received
PO-480338,12,SUP-113,B000135,YYC1,2026-04-07,2026-04-23,2026-05-01,48,48,1,13.09,Received
PO-480338,5,SUP-113,B000136,YYZ4,2026-04-07,2026-04-23,2026-05-01,24,24,0,38.25,Received
PO-480338,9,SUP-113,B000176,YYZ4,2026-04-07,2026-04-23,2026-05-01,18,18,0,23.18,Received
PO-480338,8,SUP-113,B000182,YVR2,2026-04-07,2026-04-23,2026-05-01,1376,1376,11,8.68,Received
PO-480338,11,SUP-113,B000186,YEG3,2026-04-07,2026-04-23,2026-05-01,24,24,0,7.27,Received
PO-480338,3,SUP-113,B000231,YHZ1,2026-04-07,2026-04-23,2026-05-01,120,120,2,17.01,Received
PO-480338,4,SUP-113,B000298,YHZ1,2026-04-07,2026-04-23,2026-05-01,104,104,1,39.04,Received
PO-480338,13,SUP-113,B000326,YUL5,2026-04-07,2026-04-23,2026-05-01,144,144,1,9.48,Received
PO-480338,2,SUP-113,B000334,YYZ4,2026-04-07,2026-04-23,2026-05-01,4,4,0,8.22,Received
PO-480338,7,SUP-113,B000395,YYZ4,2026-04-07,2026-04-23,2026-05-01,28,28,0,9.53,Received
PO-480338,14,SUP-113,B000406,YHZ1,2026-04-07,2026-04-23,2026-05-01,188,188,2,12.22,Received
PO-480338,10,SUP-113,B000419,YUL5,2026-04-07,2026-04-23,2026-05-01,160,160,1,34.2,Received
PO-480301,80,SUP-112,B000026,YYC1,2026-04-08,2026-04-22,2026-04-22,48,48,1,18.63,Received
PO-480301,79,SUP-112,B000189,YYZ4,2026-04-08,2026-04-22,2026-04-22,112,112,1,11.62,Received
PO-480301,85,SUP-112,B000272,YVR2,2026-04-08,2026-04-22,2026-04-22,36,36,0,5.34,Received
PO-480301,83,SUP-112,B000286,YYC1,2026-04-08,2026-04-22,2026-04-22,480,428,6,43.29,Received
PO-480301,84,SUP-112,B000292,YYZ4,2026-04-08,2026-04-22,2026-04-22,232,219,3,32.23,Received
PO-480301,81,SUP-112,B000304,YWG2,2026-04-08,2026-04-22,2026-04-22,880,730,12,13.26,Received
PO-480301,82,SUP-112,B000416,YVR2,2026-04-08,2026-04-22,2026-04-22,606,506,2,26.43,Received
PO-480494,78,SUP-120,B000012,YYZ4,2026-04-08,2026-04-14,2026-04-15,128,128,0,9.46,Received
PO-480494,77,SUP-120,B000052,YWG2,2026-04-08,2026-04-14,2026-04-15,38,34,0,3.12,Received
PO-480494,80,SUP-120,B000130,YVR2,2026-04-08,2026-04-14,2026-04-15,156,156,1,4.08,Received
PO-480494,81,SUP-120,B000195,YVR2,2026-04-08,2026-04-14,2026-04-15,32,32,0,6.65,Received
PO-480494,83,SUP-120,B000196,YYZ4,2026-04-08,2026-04-14,2026-04-15,2,2,0,7.3,Received
PO-480494,75,SUP-120,B000210,YYZ4,2026-04-08,2026-04-14,2026-04-15,216,216,0,2.12,Received
PO-480494,79,SUP-120,B000269,YYZ4,2026-04-08,2026-04-14,2026-04-15,24,20,0,2.24,Received
PO-480494,82,SUP-120,B000321,YYC1,2026-04-08,2026-04-14,2026-04-15,20,20,0,8.49,Received
PO-480494,76,SUP-120,B000365,YVR2,2026-04-08,2026-04-14,2026-04-15,42,42,0,4.97,Received
PO-480399,99,SUP-116,B000164,YEG3,2026-04-10,2026-05-15,2026-04-30,88,82,0,52.28,Received
PO-480399,98,SUP-116,B000179,YVR2,2026-04-10,2026-05-15,2026-04-30,148,148,1,62.15,Received
PO-480399,2,SUP-116,B000185,YVR2,2026-04-10,2026-05-15,2026-04-30,528,528,3,23.78,Received
PO-480399,11,SUP-116,B000223,YYZ4,2026-04-10,2026-05-15,2026-04-30,444,394,1,48.99,Received
PO-480399,3,SUP-116,B000228,YVR2,2026-04-10,2026-05-15,2026-04-30,504,504,2,51.13,Received
PO-480399,1,SUP-116,B000234,YYC1,2026-04-10,2026-05-15,2026-04-30,100,100,0,68.84,Received
PO-480399,8,SUP-116,B000240,YEG3,2026-04-10,2026-05-15,2026-04-30,164,164,0,9.44,Received
PO-480399,4,SUP-116,B000318,YYZ4,2026-04-10,2026-05-15,2026-04-30,120,120,0,27.75,Received
PO-480399,5,SUP-116,B000335,YUL5,2026-04-10,2026-05-15,2026-04-30,384,384,1,57.26,Received
PO-480399,9,SUP-116,B000358,YUL5,2026-04-10,2026-05-15,2026-04-30,180,180,1,85.05,Received
PO-480399,7,SUP-116,B000360,YYZ4,2026-04-10,2026-05-15,2026-04-30,28,28,0,13.52,Received
PO-480399,97,SUP-116,B000375,YVR2,2026-04-10,2026-05-15,2026-04-30,644,644,1,81.72,Received
PO-480399,10,SUP-116,B000384,YYZ4,2026-04-10,2026-05-15,2026-04-30,194,194,1,152.21,Received
PO-480399,6,SUP-116,B000401,YHZ1,2026-04-10,2026-05-15,2026-04-30,99,99,1,26.64,Received
PO-480495,93,SUP-120,B000012,YVR2,2026-04-13,2026-04-19,2026-04-17,32,32,0,9.46,Received
PO-480495,91,SUP-120,B000130,YUL5,2026-04-13,2026-04-19,2026-04-17,168,168,1,4.08,Received
PO-480495,92,SUP-120,B000197,YWG2,2026-04-13,2026-04-19,2026-04-17,66,66,0,7.26,Received
PO-480495,87,SUP-120,B000199,YYZ4,2026-04-13,2026-04-19,2026-04-17,140,140,0,17.21,Received
PO-480495,90,SUP-120,B000210,YEG3,2026-04-13,2026-04-19,2026-04-17,96,96,0,2.12,Received
PO-480495,85,SUP-120,B000250,YYZ4,2026-04-13,2026-04-19,2026-04-17,136,136,0,3.15,Received
PO-480495,88,SUP-120,B000269,YYZ4,2026-04-13,2026-04-19,2026-04-17,24,24,0,2.24,Received
PO-480495,89,SUP-120,B000310,YYZ4,2026-04-13,2026-04-19,2026-04-17,116,116,1,2.96,Received
PO-480495,86,SUP-120,B000321,YWG2,2026-04-13,2026-04-19,2026-04-17,40,40,0,8.49,Received
PO-480495,84,SUP-120,B000338,YHZ1,2026-04-13,2026-04-19,2026-04-17,736,736,0,3.88,Received
PO-480496,96,SUP-120,B000008,YEG3,2026-04-15,2026-04-21,2026-04-21,416,416,1,3.7,Received
PO-480496,94,SUP-120,B000012,YVR2,2026-04-15,2026-04-21,2026-04-21,44,44,0,9.46,Received
PO-480496,98,SUP-120,B000052,YYZ4,2026-04-15,2026-04-21,2026-04-21,64,64,0,3.12,Received
PO-480496,2,SUP-120,B000130,YYZ4,2026-04-15,2026-04-21,2026-04-21,24,22,0,4.08,Received
PO-480496,3,SUP-120,B000196,YYC1,2026-04-15,2026-04-21,2026-04-21,1,1,0,7.3,Received
PO-480496,97,SUP-120,B000197,YVR2,2026-04-15,2026-04-21,2026-04-21,42,42,0,7.26,Received
PO-480496,4,SUP-120,B000210,YYZ4,2026-04-15,2026-04-21,2026-04-21,180,180,0,2.12,Received
PO-480496,99,SUP-120,B000269,YYC1,2026-04-15,2026-04-21,2026-04-21,24,24,0,2.24,Received
PO-480496,95,SUP-120,B000310,YYZ4,2026-04-15,2026-04-21,2026-04-21,192,192,0,2.96,Received
PO-480496,1,SUP-120,B000321,YYC1,2026-04-15,2026-04-21,2026-04-21,60,60,0,8.49,Received
PO-480205,24,SUP-108,B000084,YWG2,2026-04-16,2026-05-24,2026-05-24,96,96,0,10.08,Received
PO-480205,26,SUP-108,B000144,YYZ4,2026-04-16,2026-05-24,2026-05-24,383,383,2,16.5,Received
PO-480205,30,SUP-108,B000226,YWG2,2026-04-16,2026-05-24,2026-05-24,204,189,3,18.36,Received
PO-480205,27,SUP-108,B000254,YHZ1,2026-04-16,2026-05-24,2026-05-24,336,336,4,7.63,Received
PO-480205,31,SUP-108,B000268,YUL5,2026-04-16,2026-05-24,2026-05-24,19,19,0,24.53,Received
PO-480205,28,SUP-108,B000299,YVR2,2026-04-16,2026-05-24,2026-05-24,128,128,0,8.34,Received
PO-480205,25,SUP-108,B000313,YEG3,2026-04-16,2026-05-24,2026-05-24,1224,966,25,19.4,Received
PO-480205,29,SUP-108,B000332,YYZ4,2026-04-16,2026-05-24,2026-05-24,168,168,4,37.15,Received
PO-480205,23,SUP-108,B000397,YEG3,2026-04-16,2026-05-24,2026-05-24,32,32,0,29.7,Received
PO-480436,48,SUP-118,B000027,YWG2,2026-04-16,2026-05-18,2026-05-25,24,24,0,12.44,Received
PO-480436,53,SUP-118,B000083,YYC1,2026-04-16,2026-05-18,2026-05-25,499,499,8,25.64,Received
PO-480436,52,SUP-118,B000108,YYZ4,2026-04-16,2026-05-18,2026-05-25,2128,2128,5,27.52,Received
PO-480436,55,SUP-118,B000155,YYZ4,2026-04-16,2026-05-18,2026-05-25,85,85,1,16.62,Received
PO-480436,54,SUP-118,B000156,YWG2,2026-04-16,2026-05-18,2026-05-25,2694,2694,20,14.32,Received
PO-480436,56,SUP-118,B000237,YYZ4,2026-04-16,2026-05-18,2026-05-25,56,56,1,34.69,Received
PO-480436,49,SUP-118,B000243,YUL5,2026-04-16,2026-05-18,2026-05-25,200,200,3,45.01,Received
PO-480436,47,SUP-118,B000330,YEG3,2026-04-16,2026-05-18,2026-05-25,1488,1488,6,34.27,Received
PO-480436,51,SUP-118,B000340,YYC1,2026-04-16,2026-05-18,2026-05-25,360,360,3,41.74,Received
PO-480436,50,SUP-118,B000398,YEG3,2026-04-16,2026-05-18,2026-05-25,173,173,2,25.87,Received
PO-480381,82,SUP-115,B000010,YWG2,2026-04-17,2026-05-20,2026-05-11,3300,3300,32,22.5,Received
PO-480381,84,SUP-115,B000035,YYZ4,2026-04-17,2026-05-20,2026-05-11,144,144,2,30.33,Received
PO-480381,86,SUP-115,B000040,YVR2,2026-04-17,2026-05-20,2026-05-11,178,178,2,78.85,Received
PO-480381,79,SUP-115,B000051,YUL5,2026-04-17,2026-05-20,2026-05-11,69,69,0,17.69,Received
PO-480381,85,SUP-115,B000099,YVR2,2026-04-17,2026-05-20,2026-05-11,64,64,1,120.32,Received
PO-480381,81,SUP-115,B000116,YYC1,2026-04-17,2026-05-20,2026-05-11,816,816,1,59.9,Received
PO-480381,83,SUP-115,B000126,YWG2,2026-04-17,2026-05-20,2026-05-11,624,624,9,5.33,Received
PO-480381,80,SUP-115,B000138,YUL5,2026-04-17,2026-05-20,2026-05-11,54,54,0,25.11,Received
PO-480381,87,SUP-115,B000300,YHZ1,2026-04-17,2026-05-20,2026-05-11,264,264,2,30.93,Received
PO-480381,88,SUP-115,B000376,YYC1,2026-04-17,2026-05-20,2026-05-11,1872,1872,25,94.61,Received
PO-480025,94,SUP-102,B000011,YEG3,2026-04-20,2026-06-05,2026-07-08,26,26,1,29.3,Received
PO-480025,93,SUP-102,B000046,YYZ4,2026-04-20,2026-06-05,2026-07-08,1140,1140,30,14.59,Received
PO-480025,87,SUP-102,B000048,YYC1,2026-04-20,2026-06-05,2026-07-08,156,156,5,31.84,Received
PO-480025,97,SUP-102,B000081,YHZ1,2026-04-20,2026-06-05,2026-07-08,1390,1390,66,17.12,Received
PO-480025,98,SUP-102,B000089,YUL5,2026-04-20,2026-06-05,2026-07-08,1032,1032,36,29.26,Received
PO-480025,95,SUP-102,B000090,YUL5,2026-04-20,2026-06-05,2026-07-08,1548,1548,6,30.31,Received
PO-480025,91,SUP-102,B000131,YYZ4,2026-04-20,2026-06-05,2026-07-08,128,128,4,72.17,Received
PO-480025,86,SUP-102,B000212,YHZ1,2026-04-20,2026-06-05,2026-07-08,347,335,16,38.08,Received
PO-480025,99,SUP-102,B000225,YUL5,2026-04-20,2026-06-05,2026-07-08,108,108,0,72.79,Received
PO-480025,2,SUP-102,B000280,YHZ1,2026-04-20,2026-06-05,2026-07-08,2160,2079,70,18.32,Received
PO-480025,90,SUP-102,B000306,YHZ1,2026-04-20,2026-06-05,2026-07-08,360,360,12,64.71,Received
PO-480025,96,SUP-102,B000322,YWG2,2026-04-20,2026-06-05,2026-07-08,1440,1440,53,12.01,Received
PO-480025,88,SUP-102,B000346,YYC1,2026-04-20,2026-06-05,2026-07-08,1659,1659,67,26.44,Received
PO-480025,89,SUP-102,B000355,YYZ4,2026-04-20,2026-06-05,2026-07-08,156,156,8,14.03,Received
PO-480025,92,SUP-102,B000381,YYC1,2026-04-20,2026-06-05,2026-07-08,450,450,1,8.46,Received
PO-480025,1,SUP-102,B000391,YVR2,2026-04-20,2026-06-05,2026-07-08,1446,1258,42,28.53,Received
PO-480339,24,SUP-113,B000009,YYC1,2026-04-20,2026-05-06,2026-05-05,45,45,0,15.41,Received
PO-480339,25,SUP-113,B000028,YYZ4,2026-04-20,2026-05-06,2026-05-05,22,22,0,33.32,Received
PO-480339,19,SUP-113,B000059,YVR2,2026-04-20,2026-05-06,2026-05-05,378,378,1,55.06,Received
PO-480339,17,SUP-113,B000078,YYZ4,2026-04-20,2026-05-06,2026-05-05,12,12,0,172.65,Received
PO-480339,15,SUP-113,B000091,YYC1,2026-04-20,2026-05-06,2026-05-05,24,24,0,40.85,Received
PO-480339,21,SUP-113,B000135,YYC1,2026-04-20,2026-05-06,2026-05-05,48,48,1,13.09,Received
PO-480339,20,SUP-113,B000136,YYZ4,2026-04-20,2026-05-06,2026-05-05,8,8,0,38.25,Received
PO-480339,22,SUP-113,B000176,YYZ4,2026-04-20,2026-05-06,2026-05-05,6,6,0,23.18,Received
PO-480339,26,SUP-113,B000182,YEG3,2026-04-20,2026-05-06,2026-05-05,984,984,16,8.68,Received
PO-480339,16,SUP-113,B000186,YYZ4,2026-04-20,2026-05-06,2026-05-05,24,24,0,7.27,Received
PO-480339,23,SUP-113,B000198,YUL5,2026-04-20,2026-05-06,2026-05-05,96,83,2,27.58,Received
PO-480339,18,SUP-113,B000406,YHZ1,2026-04-20,2026-05-06,2026-05-05,112,112,1,12.22,Received
PO-480437,60,SUP-118,B000027,YWG2,2026-04-21,2026-05-23,2026-05-25,48,48,0,12.44,Received
PO-480437,59,SUP-118,B000107,YEG3,2026-04-21,2026-05-23,2026-05-25,4855,4855,11,6.42,Received
PO-480437,57,SUP-118,B000108,YVR2,2026-04-21,2026-05-23,2026-05-25,4528,4528,13,27.52,Received
PO-480437,63,SUP-118,B000110,YYZ4,2026-04-21,2026-05-23,2026-05-25,372,359,1,27.06,Received
PO-480437,58,SUP-118,B000221,YUL5,2026-04-21,2026-05-23,2026-05-25,92,92,1,45.14,Received
PO-480437,61,SUP-118,B000230,YWG2,2026-04-21,2026-05-23,2026-05-25,400,400,1,10.67,Received
PO-480437,64,SUP-118,B000237,YHZ1,2026-04-21,2026-05-23,2026-05-25,36,36,1,34.69,Received
PO-480437,62,SUP-118,B000398,YVR2,2026-04-21,2026-05-23,2026-05-25,48,48,1,25.87,Received
PO-480215,30,SUP-109,B000219,YEG3,2026-04-22,2026-06-09,2026-07-08,12,12,0,32.21,Received
PO-480215,25,SUP-109,B000262,YHZ1,2026-04-22,2026-06-09,2026-07-08,2133,2133,19,79.31,Received
PO-480215,26,SUP-109,B000289,YEG3,2026-04-22,2026-06-09,2026-07-08,477,477,9,33.98,Received
PO-480215,32,SUP-109,B000314,YUL5,2026-04-22,2026-06-09,2026-07-08,264,264,10,39.46,Received
PO-480215,29,SUP-109,B000329,YUL5,2026-04-22,2026-06-09,2026-07-08,32,32,1,64.01,Received
PO-480215,27,SUP-109,B000343,YYZ4,2026-04-22,2026-06-09,2026-07-08,576,576,33,128.75,Received
PO-480215,28,SUP-109,B000368,YUL5,2026-04-22,2026-06-09,2026-07-08,96,96,6,45.85,Received
PO-480215,31,SUP-109,B000405,YHZ1,2026-04-22,2026-06-09,2026-07-08,534,534,19,81.28,Received
PO-480456,65,SUP-119,B000013,YVR2,2026-04-23,2026-05-23,2026-05-23,336,336,4,7.12,Received
PO-480456,63,SUP-119,B000018,YHZ1,2026-04-23,2026-05-23,2026-05-23,24,24,0,15.1,Received
PO-480456,60,SUP-119,B000032,YYZ4,2026-04-23,2026-05-23,2026-05-23,12,12,0,10.45,Received
PO-480456,66,SUP-119,B000049,YYZ4,2026-04-23,2026-05-23,2026-05-23,64,64,1,9.82,Received
PO-480456,64,SUP-119,B000073,YHZ1,2026-04-23,2026-05-23,2026-05-23,48,48,0,4.65,Received
PO-480456,57,SUP-119,B000112,YVR2,2026-04-23,2026-05-23,2026-05-23,96,84,2,43.81,Received
PO-480456,55,SUP-119,B000125,YUL5,2026-04-23,2026-05-23,2026-05-23,212,212,5,8.87,Received
PO-480456,62,SUP-119,B000159,YVR2,2026-04-23,2026-05-23,2026-05-23,252,246,3,5.08,Received
PO-480456,59,SUP-119,B000175,YYZ4,2026-04-23,2026-05-23,2026-05-23,2010,2010,8,13.44,Received
PO-480456,56,SUP-119,B000206,YYZ4,2026-04-23,2026-05-23,2026-05-23,40,40,0,15.92,Received
PO-480456,61,SUP-119,B000331,YYZ4,2026-04-23,2026-05-23,2026-05-23,12,12,0,5.86,Received
PO-480456,58,SUP-119,B000386,YHZ1,2026-04-23,2026-05-23,2026-05-23,24,24,0,3.34,Received
PO-480457,73,SUP-119,B000013,YUL5,2026-04-25,2026-05-25,2026-06-01,120,120,1,7.12,Received
PO-480457,70,SUP-119,B000018,YHZ1,2026-04-25,2026-05-25,2026-06-01,42,42,1,15.1,Received
PO-480457,75,SUP-119,B000032,YYZ4,2026-04-25,2026-05-25,2026-06-01,18,14,0,10.45,Received
PO-480457,68,SUP-119,B000049,YVR2,2026-04-25,2026-05-25,2026-06-01,64,64,0,9.82,Received
PO-480457,69,SUP-119,B000073,YHZ1,2026-04-25,2026-05-25,2026-06-01,168,168,2,4.65,Received
PO-480457,77,SUP-119,B000112,YVR2,2026-04-25,2026-05-25,2026-06-01,96,96,2,43.81,Received
PO-480457,76,SUP-119,B000125,YYC1,2026-04-25,2026-05-25,2026-06-01,240,240,3,8.87,Received
PO-480457,67,SUP-119,B000159,YYZ4,2026-04-25,2026-05-25,2026-06-01,1428,1428,11,5.08,Received
PO-480457,71,SUP-119,B000175,YWG2,2026-04-25,2026-05-25,2026-06-01,522,522,5,13.44,Received
PO-480457,78,SUP-119,B000206,YYZ4,2026-04-25,2026-05-25,2026-06-01,32,32,0,15.92,Received
PO-480457,74,SUP-119,B000331,YYC1,2026-04-25,2026-05-25,2026-06-01,12,12,0,5.86,Received
PO-480457,72,SUP-119,B000386,YHZ1,2026-04-25,2026-05-25,2026-06-01,24,24,0,3.34,Received
PO-480302,98,SUP-112,B000026,YYZ4,2026-04-26,2026-05-10,2026-05-10,48,39,0,18.63,Received
PO-480302,90,SUP-112,B000061,YYZ4,2026-04-26,2026-05-10,2026-05-10,30,30,0,9.8,Received
PO-480302,92,SUP-112,B000076,YYZ4,2026-04-26,2026-05-10,2026-05-10,12,12,0,31.77,Received
PO-480302,94,SUP-112,B000118,YHZ1,2026-04-26,2026-05-10,2026-05-10,424,424,1,14.9,Received
PO-480302,93,SUP-112,B000143,YYZ4,2026-04-26,2026-05-10,2026-05-10,175,175,3,6.49,Received
PO-480302,99,SUP-112,B000146,YWG2,2026-04-26,2026-05-10,2026-05-10,296,296,0,22.0,Received
PO-480302,96,SUP-112,B000167,YYZ4,2026-04-26,2026-05-10,2026-05-10,48,48,0,7.6,Received
PO-480302,91,SUP-112,B000224,YUL5,2026-04-26,2026-05-10,2026-05-10,192,192,3,5.13,Received
PO-480302,86,SUP-112,B000248,YVR2,2026-04-26,2026-05-10,2026-05-10,74,74,0,20.2,Received
PO-480302,88,SUP-112,B000272,YYZ4,2026-04-26,2026-05-10,2026-05-10,54,54,0,5.34,Received
PO-480302,95,SUP-112,B000286,YYC1,2026-04-26,2026-05-10,2026-05-10,276,276,3,43.29,Received
PO-480302,87,SUP-112,B000296,YYZ4,2026-04-26,2026-05-10,2026-05-10,224,209,3,28.09,Received
PO-480302,89,SUP-112,B000354,YYC1,2026-04-26,2026-05-10,2026-05-10,528,436,3,3.98,Received
PO-480302,97,SUP-112,B000416,YVR2,2026-04-26,2026-05-10,2026-05-10,834,834,3,26.43,Received
PO-480497,8,SUP-120,B000008,YHZ1,2026-04-28,2026-05-04,2026-05-03,264,264,1,3.7,Received
PO-480497,17,SUP-120,B000012,YEG3,2026-04-28,2026-05-04,2026-05-03,204,204,1,9.46,Received
PO-480497,7,SUP-120,B000052,YWG2,2026-04-28,2026-05-04,2026-05-03,213,213,0,3.12,Received
PO-480497,5,SUP-120,B000130,YUL5,2026-04-28,2026-05-04,2026-05-03,48,48,0,4.08,Received
PO-480497,15,SUP-120,B000195,YVR2,2026-04-28,2026-05-04,2026-05-03,16,13,0,6.65,Received
PO-480497,18,SUP-120,B000196,YYZ4,2026-04-28,2026-05-04,2026-05-03,4,4,0,7.3,Received
PO-480497,12,SUP-120,B000197,YUL5,2026-04-28,2026-05-04,2026-05-03,36,36,0,7.26,Received
PO-480497,10,SUP-120,B000199,YYZ4,2026-04-28,2026-05-04,2026-05-03,144,144,0,17.21,Received
PO-480497,9,SUP-120,B000210,YUL5,2026-04-28,2026-05-04,2026-05-03,60,60,0,2.12,Received
PO-480497,14,SUP-120,B000250,YYC1,2026-04-28,2026-05-04,2026-05-03,28,28,0,3.15,Received
PO-480497,13,SUP-120,B000269,YYZ4,2026-04-28,2026-05-04,2026-05-03,24,24,0,2.24,Received
PO-480497,11,SUP-120,B000310,YHZ1,2026-04-28,2026-05-04,2026-05-03,88,88,0,2.96,Received
PO-480497,6,SUP-120,B000321,YYC1,2026-04-28,2026-05-04,2026-05-03,40,40,0,8.49,Received
PO-480497,16,SUP-120,B000338,YVR2,2026-04-28,2026-05-04,2026-05-03,728,728,3,3.88,Received
PO-480497,19,SUP-120,B000365,YYZ4,2026-04-28,2026-05-04,2026-05-03,48,48,0,4.97,Received
PO-480058,12,SUP-103,B000000,YHZ1,2026-04-29,2026-05-11,2026-05-11,39,34,0,5.35,Received
PO-480058,13,SUP-103,B000024,YVR2,2026-04-29,2026-05-11,2026-05-11,132,132,1,24.8,Received
PO-480058,14,SUP-103,B000079,YWG2,2026-04-29,2026-05-11,2026-05-11,272,272,1,12.85,Received
PO-480058,16,SUP-103,B000119,YYC1,2026-04-29,2026-05-11,2026-05-11,18,18,0,15.29,Received
PO-480058,19,SUP-103,B000133,YVR2,2026-04-29,2026-05-11,2026-05-11,8,8,0,15.18,Received
PO-480058,26,SUP-103,B000178,YWG2,2026-04-29,2026-05-11,2026-05-11,456,456,4,27.42,Received
PO-480058,21,SUP-103,B000194,YYZ4,2026-04-29,2026-05-11,2026-05-11,32,31,0,12.16,Received
PO-480058,18,SUP-103,B000246,YYZ4,2026-04-29,2026-05-11,2026-05-11,12,12,0,48.07,Received
PO-480058,25,SUP-103,B000273,YYZ4,2026-04-29,2026-05-11,2026-05-11,32,30,0,23.72,Received
PO-480058,28,SUP-103,B000278,YYZ4,2026-04-29,2026-05-11,2026-05-11,24,23,0,38.05,Received
PO-480058,20,SUP-103,B000295,YYZ4,2026-04-29,2026-05-11,2026-05-11,87,87,1,18.76,Received
PO-480058,27,SUP-103,B000312,YWG2,2026-04-29,2026-05-11,2026-05-11,154,154,1,11.5,Received
PO-480058,17,SUP-103,B000348,YEG3,2026-04-29,2026-05-11,2026-05-11,296,296,1,9.96,Received
PO-480058,15,SUP-103,B000374,YYZ4,2026-04-29,2026-05-11,2026-05-11,22,22,0,10.68,Received
PO-480058,24,SUP-103,B000382,YYZ4,2026-04-29,2026-05-11,2026-05-11,730,730,9,9.75,Received
PO-480058,29,SUP-103,B000387,YVR2,2026-04-29,2026-05-11,2026-05-11,156,156,1,40.99,Received
PO-480058,23,SUP-103,B000399,YYZ4,2026-04-29,2026-05-11,2026-05-11,64,64,0,19.26,Received
PO-480058,22,SUP-103,B000413,YYZ4,2026-04-29,2026-05-11,2026-05-11,144,144,1,27.73,Received
PO-480510,54,SUP-121,B000022,YYZ4,2026-04-29,2026-06-18,2026-07-16,192,192,6,23.15,Received
PO-480510,49,SUP-121,B000045,YYZ4,2026-04-29,2026-06-18,2026-07-16,90,90,1,57.92,Received
PO-480510,48,SUP-121,B000152,YYC1,2026-04-29,2026-06-18,2026-07-16,1019,969,57,28.18,Received
PO-480510,50,SUP-121,B000161,YUL5,2026-04-29,2026-06-18,2026-07-16,199,199,6,20.9,Received
PO-480510,47,SUP-121,B000174,YWG2,2026-04-29,2026-06-18,2026-07-16,1644,1644,76,29.82,Received
PO-480510,51,SUP-121,B000220,YYC1,2026-04-29,2026-06-18,2026-07-16,48,48,3,19.35,Received
PO-480510,57,SUP-121,B000276,YUL5,2026-04-29,2026-06-18,2026-07-16,96,96,1,23.17,Received
PO-480510,52,SUP-121,B000323,YEG3,2026-04-29,2026-06-18,2026-07-16,45,45,2,11.42,Received
PO-480510,55,SUP-121,B000392,YVR2,2026-04-29,2026-06-18,2026-07-16,1744,1744,76,42.02,Received
PO-480510,53,SUP-121,B000408,YVR2,2026-04-29,2026-06-18,2026-07-16,120,106,7,43.76,Received
PO-480510,56,SUP-121,B000409,YHZ1,2026-04-29,2026-06-18,2026-07-16,168,168,9,15.72,Received
PO-480526,1,SUP-122,B000003,YYZ4,2026-04-29,2026-05-30,2026-05-27,228,228,0,116.68,Received
PO-480526,2,SUP-122,B000067,YWG2,2026-04-29,2026-05-30,2026-05-27,144,144,1,26.62,Received
PO-480526,8,SUP-122,B000068,YUL5,2026-04-29,2026-05-30,2026-05-27,24,24,0,53.46,Received
PO-480526,4,SUP-122,B000141,YUL5,2026-04-29,2026-05-30,2026-05-27,108,108,0,44.89,Received
PO-480526,10,SUP-122,B000235,YVR2,2026-04-29,2026-05-30,2026-05-27,48,48,0,59.11,Received
PO-480526,7,SUP-122,B000264,YVR2,2026-04-29,2026-05-30,2026-05-27,24,24,0,32.04,Received
PO-480526,3,SUP-122,B000271,YYC1,2026-04-29,2026-05-30,2026-05-27,80,80,0,23.34,Received
PO-480526,5,SUP-122,B000285,YYZ4,2026-04-29,2026-05-30,2026-05-27,12,11,0,99.56,Received
PO-480526,9,SUP-122,B000341,YEG3,2026-04-29,2026-05-30,2026-05-27,1353,1353,2,57.14,Received
PO-480526,6,SUP-122,B000352,YVR2,2026-04-29,2026-05-30,2026-05-27,12,12,0,42.99,Received
PO-480026,8,SUP-102,B000002,YUL5,2026-05-01,2026-06-16,2026-07-14,432,432,10,20.25,Received
PO-480026,15,SUP-102,B000011,YEG3,2026-05-01,2026-06-16,2026-07-14,30,30,1,29.3,Received
PO-480026,12,SUP-102,B000046,YYZ4,2026-05-01,2026-06-16,2026-07-14,1314,1314,74,14.59,Received
PO-480026,9,SUP-102,B000048,YUL5,2026-05-01,2026-06-16,2026-07-14,372,372,10,31.84,Received
PO-480026,4,SUP-102,B000074,YYZ4,2026-05-01,2026-06-16,2026-07-14,688,688,7,11.14,Received
PO-480026,3,SUP-102,B000075,YWG2,2026-05-01,2026-06-16,2026-07-14,760,760,9,56.39,Received
PO-480026,18,SUP-102,B000080,YYZ4,2026-05-01,2026-06-16,2026-07-14,237,237,11,21.75,Received
PO-480026,7,SUP-102,B000081,YEG3,2026-05-01,2026-06-16,2026-07-14,1288,1288,73,17.12,Received
PO-480026,20,SUP-102,B000089,YYZ4,2026-05-01,2026-06-16,2026-07-14,1032,1032,18,29.26,Received
PO-480026,19,SUP-102,B000090,YYZ4,2026-05-01,2026-06-16,2026-07-14,3066,3066,86,30.31,Received
PO-480026,17,SUP-102,B000225,YYZ4,2026-05-01,2026-06-16,2026-07-14,336,336,10,72.79,Received
PO-480026,5,SUP-102,B000306,YHZ1,2026-05-01,2026-06-16,2026-07-14,672,672,5,64.71,Received
PO-480026,11,SUP-102,B000317,YYZ4,2026-05-01,2026-06-16,2026-07-14,124,117,5,16.4,Received
PO-480026,6,SUP-102,B000346,YUL5,2026-05-01,2026-06-16,2026-07-14,2490,2490,125,26.44,Received
PO-480026,14,SUP-102,B000355,YVR2,2026-05-01,2026-06-16,2026-07-14,288,288,2,14.03,Received
PO-480026,10,SUP-102,B000381,YYC1,2026-05-01,2026-06-16,2026-07-14,456,456,24,8.46,Received
PO-480026,16,SUP-102,B000391,YYC1,2026-05-01,2026-06-16,2026-07-14,1206,1206,59,28.53,Received
PO-480026,13,SUP-102,B000396,YYZ4,2026-05-01,2026-06-16,2026-07-14,256,247,3,39.28,Received
PO-480098,37,SUP-104,B000054,YVR2,2026-05-01,2026-05-11,2026-05-12,32,32,0,12.38,Received
PO-480098,34,SUP-104,B000077,YYZ4,2026-05-01,2026-05-11,2026-05-12,192,175,1,55.44,Received
PO-480098,30,SUP-104,B000088,YWG2,2026-05-01,2026-05-11,2026-05-12,93,93,1,22.27,Received
PO-480098,41,SUP-104,B000093,YYZ4,2026-05-01,2026-05-11,2026-05-12,24,24,0,3.57,Received
PO-480098,33,SUP-104,B000095,YYZ4,2026-05-01,2026-05-11,2026-05-12,744,744,6,4.5,Received
PO-480098,31,SUP-104,B000140,YYZ4,2026-05-01,2026-05-11,2026-05-12,192,192,1,5.15,Received
PO-480098,32,SUP-104,B000150,YUL5,2026-05-01,2026-05-11,2026-05-12,16,14,0,2.47,Received
PO-480098,38,SUP-104,B000214,YUL5,2026-05-01,2026-05-11,2026-05-12,96,82,0,9.98,Received
PO-480098,29,SUP-104,B000233,YUL5,2026-05-01,2026-05-11,2026-05-12,84,84,0,30.93,Received
PO-480098,42,SUP-104,B000367,YEG3,2026-05-01,2026-05-11,2026-05-12,56,56,0,4.19,Received
PO-480098,39,SUP-104,B000371,YUL5,2026-05-01,2026-05-11,2026-05-12,30,30,0,9.71,Received
PO-480098,36,SUP-104,B000390,YUL5,2026-05-01,2026-05-11,2026-05-12,300,300,2,10.78,Received
PO-480098,35,SUP-104,B000412,YHZ1,2026-05-01,2026-05-11,2026-05-12,1488,1488,8,5.35,Received
PO-480098,40,SUP-104,B000417,YYZ4,2026-05-01,2026-05-11,2026-05-12,6,6,0,17.43,Received
PO-480059,35,SUP-103,B000079,YWG2,2026-05-02,2026-05-14,2026-05-16,64,64,0,12.85,Received
PO-480059,33,SUP-103,B000119,YYZ4,2026-05-02,2026-05-14,2026-05-16,60,60,0,15.29,Received
PO-480059,32,SUP-103,B000133,YYZ4,2026-05-02,2026-05-14,2026-05-16,8,8,0,15.18,Received
PO-480059,36,SUP-103,B000178,YYZ4,2026-05-02,2026-05-14,2026-05-16,1704,1704,17,27.42,Received
PO-480059,31,SUP-103,B000194,YYZ4,2026-05-02,2026-05-14,2026-05-16,32,32,0,12.16,Received
PO-480059,37,SUP-103,B000291,YYZ4,2026-05-02,2026-05-14,2026-05-16,48,48,1,17.87,Received
PO-480059,30,SUP-103,B000295,YYZ4,2026-05-02,2026-05-14,2026-05-16,14,14,0,18.76,Received
PO-480059,34,SUP-103,B000348,YVR2,2026-05-02,2026-05-14,2026-05-16,480,480,4,9.96,Received
PO-480400,21,SUP-116,B000164,YWG2,2026-05-02,2026-06-06,2026-06-10,408,398,2,52.28,Received
PO-480400,17,SUP-116,B000179,YVR2,2026-05-02,2026-06-06,2026-06-10,83,74,0,62.15,Received
PO-480400,15,SUP-116,B000223,YUL5,2026-05-02,2026-06-06,2026-06-10,456,456,1,48.99,Received
PO-480400,18,SUP-116,B000240,YUL5,2026-05-02,2026-06-06,2026-06-10,780,780,2,9.44,Received
PO-480400,19,SUP-116,B000318,YUL5,2026-05-02,2026-06-06,2026-06-10,532,532,3,27.75,Received
PO-480400,12,SUP-116,B000335,YEG3,2026-05-02,2026-06-06,2026-06-10,444,444,2,57.26,Received
PO-480400,14,SUP-116,B000358,YUL5,2026-05-02,2026-06-06,2026-06-10,50,45,0,85.05,Received
PO-480400,16,SUP-116,B000360,YEG3,2026-05-02,2026-06-06,2026-06-10,64,64,0,13.52,Received
PO-480400,13,SUP-116,B000375,YVR2,2026-05-02,2026-06-06,2026-06-10,772,772,0,81.72,Received
PO-480400,20,SUP-116,B000401,YYC1,2026-05-02,2026-06-06,2026-06-10,122,122,1,26.64,Received
PO-480060,48,SUP-103,B000119,YYC1,2026-05-04,2026-05-16,2026-05-14,24,24,0,15.29,Received
PO-480060,44,SUP-103,B000133,YYZ4,2026-05-04,2026-05-16,2026-05-14,8,8,0,15.18,Received
PO-480060,39,SUP-103,B000178,YUL5,2026-05-04,2026-05-16,2026-05-14,1032,1032,5,27.42,Received
PO-480060,38,SUP-103,B000246,YYZ4,2026-05-04,2026-05-16,2026-05-14,60,60,1,48.07,Received
PO-480060,41,SUP-103,B000273,YYZ4,2026-05-04,2026-05-16,2026-05-14,32,31,0,23.72,Received
PO-480060,42,SUP-103,B000278,YYZ4,2026-05-04,2026-05-16,2026-05-14,12,12,0,38.05,Received
PO-480060,43,SUP-103,B000295,YVR2,2026-05-04,2026-05-16,2026-05-14,38,37,0,18.76,Received
PO-480060,46,SUP-103,B000348,YYZ4,2026-05-04,2026-05-16,2026-05-14,352,352,3,9.96,Received
PO-480060,40,SUP-103,B000353,YYC1,2026-05-04,2026-05-16,2026-05-14,12,12,0,13.18,Received
PO-480060,45,SUP-103,B000374,YYC1,2026-05-04,2026-05-16,2026-05-14,51,51,1,10.68,Received
PO-480060,49,SUP-103,B000382,YWG2,2026-05-04,2026-05-16,2026-05-14,337,337,4,9.75,Received
PO-480060,47,SUP-103,B000399,YVR2,2026-05-04,2026-05-16,2026-05-14,224,224,1,19.26,Received
PO-480357,12,SUP-114,B000139,YYZ4,2026-05-04,2026-06-17,2026-07-04,36,36,0,53.47,Received
PO-480357,10,SUP-114,B000193,YHZ1,2026-05-04,2026-06-17,2026-07-04,168,168,5,39.69,Received
PO-480357,5,SUP-114,B000209,YYZ4,2026-05-04,2026-06-17,2026-07-04,25,25,1,40.77,Received
PO-480357,11,SUP-114,B000227,YYZ4,2026-05-04,2026-06-17,2026-07-04,60,60,2,55.69,Received
PO-480357,6,SUP-114,B000247,YYZ4,2026-05-04,2026-06-17,2026-07-04,12,12,0,29.87,Received
PO-480357,9,SUP-114,B000270,YVR2,2026-05-04,2026-06-17,2026-07-04,522,522,17,42.84,Received
PO-480357,8,SUP-114,B000302,YYZ4,2026-05-04,2026-06-17,2026-07-04,16,16,1,37.95,Received
PO-480357,7,SUP-114,B000345,YYZ4,2026-05-04,2026-06-17,2026-07-04,48,46,1,58.25,Received
PO-480010,6,SUP-101,B000031,YYZ4,2026-05-05,2026-06-16,2026-06-18,4110,4110,63,50.63,Received
PO-480010,97,SUP-101,B000132,YEG3,2026-05-05,2026-06-16,2026-06-18,270,256,0,36.4,Received
PO-480010,4,SUP-101,B000160,YYZ4,2026-05-05,2026-06-16,2026-06-18,334,334,0,152.23,Received
PO-480010,96,SUP-101,B000163,YYZ4,2026-05-05,2026-06-16,2026-06-18,48,48,1,17.6,Received
PO-480010,3,SUP-101,B000165,YVR2,2026-05-05,2026-06-16,2026-06-18,728,728,26,35.18,Received
PO-480010,95,SUP-101,B000207,YYZ4,2026-05-05,2026-06-16,2026-06-18,128,128,0,27.3,Received
PO-480010,99,SUP-101,B000261,YVR2,2026-05-05,2026-06-16,2026-06-18,612,612,12,61.04,Received
PO-480010,98,SUP-101,B000279,YHZ1,2026-05-05,2026-06-16,2026-06-18,112,112,2,30.79,Received
PO-480010,5,SUP-101,B000281,YYZ4,2026-05-05,2026-06-16,2026-06-18,96,96,2,27.43,Received
PO-480010,94,SUP-101,B000305,YWG2,2026-05-05,2026-06-16,2026-06-18,604,484,18,13.63,Received
PO-480010,93,SUP-101,B000349,YEG3,2026-05-05,2026-06-16,2026-06-18,984,823,32,53.59,Received
PO-480010,1,SUP-101,B000370,YHZ1,2026-05-05,2026-06-16,2026-06-18,936,936,35,28.99,Received
PO-480010,2,SUP-101,B000385,YUL5,2026-05-05,2026-06-16,2026-06-18,335,335,5,19.7,Received
PO-480186,39,SUP-107,B000044,YVR2,2026-05-05,2026-06-08,2026-06-12,1992,1992,23,49.42,Received
PO-480186,40,SUP-107,B000085,YVR2,2026-05-05,2026-06-08,2026-06-12,150,150,0,85.16,Received
PO-480186,41,SUP-107,B000121,YUL5,2026-05-05,2026-06-08,2026-06-12,29,29,0,27.65,Received
PO-480186,42,SUP-107,B000148,YEG3,2026-05-05,2026-06-08,2026-06-12,300,300,2,21.53,Received
PO-480186,44,SUP-107,B000173,YYZ4,2026-05-05,2026-06-08,2026-06-12,144,144,0,20.12,Received
PO-480186,43,SUP-107,B000350,YYC1,2026-05-05,2026-06-08,2026-06-12,192,192,0,48.35,Received
PO-480270,22,SUP-111,B000015,YYZ4,2026-05-05,2026-05-12,2026-05-13,48,48,0,3.74,Received
PO-480270,18,SUP-111,B000111,YUL5,2026-05-05,2026-05-12,2026-05-13,48,48,0,11.26,Received
PO-480270,23,SUP-111,B000122,YYC1,2026-05-05,2026-05-12,2026-05-13,540,540,1,13.42,Received
PO-480270,20,SUP-111,B000123,YUL5,2026-05-05,2026-05-12,2026-05-13,72,72,0,11.77,Received
PO-480270,19,SUP-111,B000147,YYZ4,2026-05-05,2026-05-12,2026-05-13,806,806,0,34.39,Received
PO-480270,21,SUP-111,B000191,YVR2,2026-05-05,2026-05-12,2026-05-13,8,8,0,12.14,Received
PO-480270,24,SUP-111,B000232,YYC1,2026-05-05,2026-05-12,2026-05-13,108,108,0,7.58,Received
PO-480270,17,SUP-111,B000283,YHZ1,2026-05-05,2026-05-12,2026-05-13,1014,1014,2,5.71,Received
PO-480340,32,SUP-113,B000028,YYZ4,2026-05-05,2026-05-21,2026-05-25,18,18,0,33.32,Received
PO-480340,37,SUP-113,B000063,YEG3,2026-05-05,2026-05-21,2026-05-25,208,208,4,20.49,Received
PO-480340,28,SUP-113,B000070,YVR2,2026-05-05,2026-05-21,2026-05-25,1332,1332,4,8.73,Received
PO-480340,35,SUP-113,B000154,YUL5,2026-05-05,2026-05-21,2026-05-25,72,63,1,6.27,Received
PO-480340,27,SUP-113,B000176,YYZ4,2026-05-05,2026-05-21,2026-05-25,6,6,0,23.18,Received
PO-480340,30,SUP-113,B000182,YUL5,2026-05-05,2026-05-21,2026-05-25,1732,1732,32,8.68,Received
PO-480340,38,SUP-113,B000198,YYZ4,2026-05-05,2026-05-21,2026-05-25,156,141,0,27.58,Received
PO-480340,33,SUP-113,B000231,YYZ4,2026-05-05,2026-05-21,2026-05-25,84,84,0,17.01,Received
PO-480340,31,SUP-113,B000298,YYC1,2026-05-05,2026-05-21,2026-05-25,216,216,4,39.04,Received
PO-480340,34,SUP-113,B000326,YYZ4,2026-05-05,2026-05-21,2026-05-25,144,144,0,9.48,Received
PO-480340,29,SUP-113,B000334,YVR2,2026-05-05,2026-05-21,2026-05-25,11,11,0,8.22,Received
PO-480340,36,SUP-113,B000395,YYZ4,2026-05-05,2026-05-21,2026-05-25,40,40,1,9.53,Received
PO-480061,52,SUP-103,B000194,YYZ4,2026-05-06,2026-05-18,2026-05-15,32,32,0,12.16,Received
PO-480061,54,SUP-103,B000246,YYZ4,2026-05-06,2026-05-18,2026-05-15,48,48,0,48.07,Received
PO-480061,53,SUP-103,B000273,YHZ1,2026-05-06,2026-05-18,2026-05-15,32,32,0,23.72,Received
PO-480061,51,SUP-103,B000278,YYZ4,2026-05-06,2026-05-18,2026-05-15,12,12,0,38.05,Received
PO-480061,55,SUP-103,B000295,YVR2,2026-05-06,2026-05-18,2026-05-15,30,30,0,18.76,Received
PO-480061,50,SUP-103,B000312,YYC1,2026-05-06,2026-05-18,2026-05-15,281,231,2,11.5,Received
PO-480061,57,SUP-103,B000382,YYZ4,2026-05-06,2026-05-18,2026-05-15,1100,1100,13,9.75,Received
PO-480061,56,SUP-103,B000413,YWG2,2026-05-06,2026-05-18,2026-05-15,120,120,2,27.73,Received
PO-480527,18,SUP-122,B000003,YYC1,2026-05-06,2026-06-06,2026-05-31,300,300,1,116.68,Received
PO-480527,11,SUP-122,B000067,YYC1,2026-05-06,2026-06-06,2026-05-31,1008,1008,8,26.62,Received
PO-480527,17,SUP-122,B000068,YYZ4,2026-05-06,2026-06-06,2026-05-31,12,12,0,53.46,Received
PO-480527,19,SUP-122,B000141,YYZ4,2026-05-06,2026-06-06,2026-05-31,104,104,0,44.89,Received
PO-480527,12,SUP-122,B000235,YVR2,2026-05-06,2026-06-06,2026-05-31,40,40,0,59.11,Received
PO-480527,16,SUP-122,B000264,YVR2,2026-05-06,2026-06-06,2026-05-31,66,66,0,32.04,Received
PO-480527,20,SUP-122,B000271,YEG3,2026-05-06,2026-06-06,2026-05-31,424,424,4,23.34,Received
PO-480527,14,SUP-122,B000285,YEG3,2026-05-06,2026-06-06,2026-05-31,15,14,0,99.56,Received
PO-480527,15,SUP-122,B000341,YYZ4,2026-05-06,2026-06-06,2026-05-31,2130,1950,18,57.14,Received
PO-480527,13,SUP-122,B000352,YYZ4,2026-05-06,2026-06-06,2026-05-31,12,12,0,42.99,Received
PO-480011,12,SUP-101,B000042,YYZ4,2026-05-08,2026-06-19,2026-07-03,16,15,0,22.73,Received
PO-480011,15,SUP-101,B000105,YUL5,2026-05-08,2026-06-19,2026-07-03,216,216,4,32.78,Received
PO-480011,7,SUP-101,B000163,YYZ4,2026-05-08,2026-06-19,2026-07-03,40,40,2,17.6,Received
PO-480011,16,SUP-101,B000165,YYC1,2026-05-08,2026-06-19,2026-07-03,3592,3592,115,35.18,Received
PO-480011,17,SUP-101,B000201,YVR2,2026-05-08,2026-06-19,2026-07-03,864,864,27,40.84,Received
PO-480011,8,SUP-101,B000207,YYZ4,2026-05-08,2026-06-19,2026-07-03,43,43,2,27.3,Received
PO-480011,10,SUP-101,B000229,YVR2,2026-05-08,2026-06-19,2026-07-03,1808,1808,66,69.87,Received
PO-480011,14,SUP-101,B000266,YYZ4,2026-05-08,2026-06-19,2026-07-03,245,221,0,77.37,Received
PO-480011,9,SUP-101,B000366,YHZ1,2026-05-08,2026-06-19,2026-07-03,1364,1364,20,36.73,Received
PO-480011,13,SUP-101,B000370,YWG2,2026-05-08,2026-06-19,2026-07-03,192,178,2,28.99,Received
PO-480011,11,SUP-101,B000385,YUL5,2026-05-08,2026-06-19,2026-07-03,244,244,7,19.7,Received
PO-480528,21,SUP-122,B000003,YUL5,2026-05-09,2026-06-09,2026-06-04,264,264,0,116.68,Received
PO-480528,23,SUP-122,B000067,YYC1,2026-05-09,2026-06-09,2026-06-04,480,480,3,26.62,Received
PO-480528,22,SUP-122,B000068,YUL5,2026-05-09,2026-06-09,2026-06-04,60,60,0,53.46,Received
PO-480528,28,SUP-122,B000235,YYZ4,2026-05-09,2026-06-09,2026-06-04,32,32,0,59.11,Received
PO-480528,26,SUP-122,B000264,YYZ4,2026-05-09,2026-06-09,2026-06-04,24,24,0,32.04,Received
PO-480528,27,SUP-122,B000271,YEG3,2026-05-09,2026-06-09,2026-06-04,88,88,1,23.34,Received
PO-480528,24,SUP-122,B000285,YEG3,2026-05-09,2026-06-09,2026-06-04,13,13,0,99.56,Received
PO-480528,29,SUP-122,B000341,YEG3,2026-05-09,2026-06-09,2026-06-04,2348,2348,20,57.14,Received
PO-480528,25,SUP-122,B000352,YYZ4,2026-05-09,2026-06-09,2026-06-04,30,30,0,42.99,Received
PO-480529,32,SUP-122,B000003,YYZ4,2026-05-10,2026-06-10,2026-06-11,360,360,2,116.68,Received
PO-480529,36,SUP-122,B000067,YUL5,2026-05-10,2026-06-10,2026-06-11,720,720,6,26.62,Received
PO-480529,34,SUP-122,B000068,YYZ4,2026-05-10,2026-06-10,2026-06-11,24,24,0,53.46,Received
PO-480529,30,SUP-122,B000141,YUL5,2026-05-10,2026-06-10,2026-06-11,52,52,0,44.89,Received
PO-480529,31,SUP-122,B000235,YVR2,2026-05-10,2026-06-10,2026-06-11,72,72,0,59.11,Received
PO-480529,37,SUP-122,B000264,YVR2,2026-05-10,2026-06-10,2026-06-11,108,108,0,32.04,Received
PO-480529,35,SUP-122,B000271,YHZ1,2026-05-10,2026-06-10,2026-06-11,216,216,1,23.34,Received
PO-480529,33,SUP-122,B000285,YEG3,2026-05-10,2026-06-10,2026-06-11,29,29,0,99.56,Received
PO-480529,39,SUP-122,B000341,YUL5,2026-05-10,2026-06-10,2026-06-11,578,578,1,57.14,Received
PO-480529,38,SUP-122,B000352,YYZ4,2026-05-10,2026-06-10,2026-06-11,12,12,0,42.99,Received
PO-480303,11,SUP-112,B000076,YYZ4,2026-05-11,2026-05-25,2026-05-28,30,29,0,31.77,Received
PO-480303,10,SUP-112,B000151,YYC1,2026-05-11,2026-05-25,2026-05-28,352,352,2,10.75,Received
PO-480303,4,SUP-112,B000167,YEG3,2026-05-11,2026-05-25,2026-05-28,48,48,0,7.6,Received
PO-480303,9,SUP-112,B000204,YUL5,2026-05-11,2026-05-25,2026-05-28,152,152,1,25.35,Received
PO-480303,1,SUP-112,B000249,YUL5,2026-05-11,2026-05-25,2026-05-28,36,36,0,24.19,Received
PO-480303,6,SUP-112,B000272,YYZ4,2026-05-11,2026-05-25,2026-05-28,54,54,0,5.34,Received
PO-480303,7,SUP-112,B000286,YYC1,2026-05-11,2026-05-25,2026-05-28,108,108,1,43.29,Received
PO-480303,2,SUP-112,B000292,YYC1,2026-05-11,2026-05-25,2026-05-28,156,156,0,32.23,Received
PO-480303,8,SUP-112,B000354,YYC1,2026-05-11,2026-05-25,2026-05-28,120,120,1,3.98,Received
PO-480303,3,SUP-112,B000357,YHZ1,2026-05-11,2026-05-25,2026-05-28,385,385,1,2.48,Received
PO-480303,5,SUP-112,B000393,YVR2,2026-05-11,2026-05-25,2026-05-28,48,40,0,36.15,Received
PO-480358,18,SUP-114,B000139,YYZ4,2026-05-12,2026-06-25,2026-07-05,24,24,1,53.47,Received
PO-480358,14,SUP-114,B000193,YYZ4,2026-05-12,2026-06-25,2026-07-05,204,204,10,39.69,Received
PO-480358,13,SUP-114,B000209,YYZ4,2026-05-12,2026-06-25,2026-07-05,17,17,1,40.77,Received
PO-480358,19,SUP-114,B000247,YYZ4,2026-05-12,2026-06-25,2026-07-05,12,12,1,29.87,Received
PO-480358,15,SUP-114,B000270,YYZ4,2026-05-12,2026-06-25,2026-07-05,330,330,19,42.84,Received
PO-480358,16,SUP-114,B000302,YWG2,2026-05-12,2026-06-25,2026-07-05,16,16,1,37.95,Received
PO-480358,17,SUP-114,B000345,YYZ4,2026-05-12,2026-06-25,2026-07-05,48,48,2,58.25,Received
PO-480304,14,SUP-112,B000076,YUL5,2026-05-13,2026-05-27,2026-05-28,54,54,0,31.77,Received
PO-480304,23,SUP-112,B000087,YHZ1,2026-05-13,2026-05-27,2026-05-28,112,112,2,35.54,Received
PO-480304,12,SUP-112,B000118,YWG2,2026-05-13,2026-05-27,2026-05-28,744,744,4,14.9,Received
PO-480304,18,SUP-112,B000143,YEG3,2026-05-13,2026-05-27,2026-05-28,512,448,6,6.49,Received
PO-480304,25,SUP-112,B000151,YUL5,2026-05-13,2026-05-27,2026-05-28,406,406,6,10.75,Received
PO-480304,19,SUP-112,B000189,YYC1,2026-05-13,2026-05-27,2026-05-28,180,180,2,11.62,Received
PO-480304,20,SUP-112,B000192,YYC1,2026-05-13,2026-05-27,2026-05-28,29,29,0,35.26,Received
PO-480304,21,SUP-112,B000224,YVR2,2026-05-13,2026-05-27,2026-05-28,192,192,0,5.13,Received
PO-480304,26,SUP-112,B000242,YHZ1,2026-05-13,2026-05-27,2026-05-28,684,684,3,7.44,Received
PO-480304,24,SUP-112,B000249,YYZ4,2026-05-13,2026-05-27,2026-05-28,60,60,1,24.19,Received
PO-480304,22,SUP-112,B000292,YYZ4,2026-05-13,2026-05-27,2026-05-28,339,339,4,32.23,Received
PO-480304,16,SUP-112,B000297,YHZ1,2026-05-13,2026-05-27,2026-05-28,18,18,0,20.76,Received
PO-480304,27,SUP-112,B000324,YYZ4,2026-05-13,2026-05-27,2026-05-28,468,468,7,50.1,Received
PO-480304,15,SUP-112,B000339,YVR2,2026-05-13,2026-05-27,2026-05-28,1360,1360,0,17.86,Received
PO-480304,13,SUP-112,B000354,YUL5,2026-05-13,2026-05-27,2026-05-28,240,240,2,3.98,Received
PO-480304,17,SUP-112,B000416,YYZ4,2026-05-13,2026-05-27,2026-05-28,738,738,1,26.43,Received
PO-480359,27,SUP-114,B000139,YUL5,2026-05-13,2026-06-26,2026-07-10,16,16,1,53.47,Received
PO-480359,20,SUP-114,B000193,YYC1,2026-05-13,2026-06-26,2026-07-10,96,96,0,39.69,Received
PO-480359,24,SUP-114,B000209,YYZ4,2026-05-13,2026-06-26,2026-07-10,56,56,3,40.77,Received
PO-480359,21,SUP-114,B000227,YYC1,2026-05-13,2026-06-26,2026-07-10,48,48,2,55.69,Received
PO-480359,23,SUP-114,B000247,YYZ4,2026-05-13,2026-06-26,2026-07-10,12,12,0,29.87,Received
PO-480359,22,SUP-114,B000270,YVR2,2026-05-13,2026-06-26,2026-07-10,648,648,36,42.84,Received
PO-480359,26,SUP-114,B000302,YWG2,2026-05-13,2026-06-26,2026-07-10,16,16,1,37.95,Received
PO-480359,25,SUP-114,B000345,YYC1,2026-05-13,2026-06-26,2026-07-10,96,96,0,58.25,Received
PO-480498,26,SUP-120,B000008,YHZ1,2026-05-13,2026-05-19,2026-05-19,616,616,1,3.7,Received
PO-480498,25,SUP-120,B000012,YEG3,2026-05-13,2026-05-19,2026-05-19,268,268,0,9.46,Received
PO-480498,30,SUP-120,B000052,YEG3,2026-05-13,2026-05-19,2026-05-19,126,126,0,3.12,Received
PO-480498,29,SUP-120,B000130,YUL5,2026-05-13,2026-05-19,2026-05-19,60,60,0,4.08,Received
PO-480498,21,SUP-120,B000195,YVR2,2026-05-13,2026-05-19,2026-05-19,16,16,0,6.65,Received
PO-480498,27,SUP-120,B000196,YYC1,2026-05-13,2026-05-19,2026-05-19,4,4,0,7.3,Received
PO-480498,32,SUP-120,B000197,YYZ4,2026-05-13,2026-05-19,2026-05-19,96,96,0,7.26,Received
PO-480498,31,SUP-120,B000210,YUL5,2026-05-13,2026-05-19,2026-05-19,756,756,0,2.12,Received
PO-480498,23,SUP-120,B000250,YHZ1,2026-05-13,2026-05-19,2026-05-19,112,112,0,3.15,Received
PO-480498,20,SUP-120,B000269,YYZ4,2026-05-13,2026-05-19,2026-05-19,24,24,0,2.24,Received
PO-480498,28,SUP-120,B000310,YHZ1,2026-05-13,2026-05-19,2026-05-19,44,44,0,2.96,Received
PO-480498,33,SUP-120,B000321,YYC1,2026-05-13,2026-05-19,2026-05-19,24,24,0,8.49,Received
PO-480498,24,SUP-120,B000338,YUL5,2026-05-13,2026-05-19,2026-05-19,560,560,1,3.88,Received
PO-480498,22,SUP-120,B000365,YVR2,2026-05-13,2026-05-19,2026-05-19,24,19,0,4.97,Received
PO-480305,31,SUP-112,B000061,YYZ4,2026-05-15,2026-05-29,2026-05-24,24,24,0,9.8,Received
PO-480305,29,SUP-112,B000076,YYZ4,2026-05-15,2026-05-29,2026-05-24,24,24,0,31.77,Received
PO-480305,39,SUP-112,B000086,YHZ1,2026-05-15,2026-05-29,2026-05-24,68,68,1,8.8,Received
PO-480305,35,SUP-112,B000087,YYZ4,2026-05-15,2026-05-29,2026-05-24,72,72,1,35.54,Received
PO-480305,34,SUP-112,B000118,YWG2,2026-05-15,2026-05-29,2026-05-24,328,267,1,14.9,Received
PO-480305,36,SUP-112,B000143,YEG3,2026-05-15,2026-05-29,2026-05-24,425,425,5,6.49,Received
PO-480305,30,SUP-112,B000167,YEG3,2026-05-15,2026-05-29,2026-05-24,48,48,0,7.6,Received
PO-480305,32,SUP-112,B000189,YYC1,2026-05-15,2026-05-29,2026-05-24,28,27,0,11.62,Received
PO-480305,38,SUP-112,B000204,YYZ4,2026-05-15,2026-05-29,2026-05-24,132,132,1,25.35,Received
PO-480305,28,SUP-112,B000242,YHZ1,2026-05-15,2026-05-29,2026-05-24,456,431,5,7.44,Received
PO-480305,41,SUP-112,B000296,YHZ1,2026-05-15,2026-05-29,2026-05-24,80,80,1,28.09,Received
PO-480305,42,SUP-112,B000297,YHZ1,2026-05-15,2026-05-29,2026-05-24,12,12,0,20.76,Received
PO-480305,37,SUP-112,B000304,YYZ4,2026-05-15,2026-05-29,2026-05-24,354,354,1,13.26,Received
PO-480305,33,SUP-112,B000339,YUL5,2026-05-15,2026-05-29,2026-05-24,112,112,0,17.86,Received
PO-480305,40,SUP-112,B000393,YEG3,2026-05-15,2026-05-29,2026-05-24,48,41,1,36.15,Received
PO-480135,14,SUP-105,B000016,YYZ4,2026-05-17,2026-05-26,2026-05-23,264,264,1,22.7,Received
PO-480135,12,SUP-105,B000023,YYC1,2026-05-17,2026-05-26,2026-05-23,16,16,0,55.53,Received
PO-480135,18,SUP-105,B000025,YYZ4,2026-05-17,2026-05-26,2026-05-23,88,84,0,34.44,Received
PO-480135,11,SUP-105,B000043,YHZ1,2026-05-17,2026-05-26,2026-05-23,16,16,0,81.24,Received
PO-480135,13,SUP-105,B000071,YYZ4,2026-05-17,2026-05-26,2026-05-23,48,48,0,52.68,Received
PO-480135,16,SUP-105,B000097,YVR2,2026-05-17,2026-05-26,2026-05-23,24,24,0,48.69,Received
PO-480135,19,SUP-105,B000153,YHZ1,2026-05-17,2026-05-26,2026-05-23,534,534,1,9.61,Received
PO-480135,17,SUP-105,B000263,YUL5,2026-05-17,2026-05-26,2026-05-23,156,156,1,50.34,Received
PO-480135,22,SUP-105,B000282,YUL5,2026-05-17,2026-05-26,2026-05-23,363,342,1,55.18,Received
PO-480135,15,SUP-105,B000308,YUL5,2026-05-17,2026-05-26,2026-05-23,120,120,0,10.93,Received
PO-480135,23,SUP-105,B000361,YYZ4,2026-05-17,2026-05-26,2026-05-23,192,192,1,25.9,Received
PO-480135,20,SUP-105,B000369,YEG3,2026-05-17,2026-05-26,2026-05-23,48,48,0,12.66,Received
PO-480135,21,SUP-105,B000410,YHZ1,2026-05-17,2026-05-26,2026-05-23,96,84,0,31.02,Received
PO-480341,47,SUP-113,B000009,YYZ4,2026-05-17,2026-06-02,2026-06-14,14,14,0,15.41,Received
PO-480341,49,SUP-113,B000030,YUL5,2026-05-17,2026-06-02,2026-06-14,48,48,1,26.33,Received
PO-480341,41,SUP-113,B000059,YEG3,2026-05-17,2026-06-02,2026-06-14,858,858,11,55.06,Received
PO-480341,42,SUP-113,B000063,YEG3,2026-05-17,2026-06-02,2026-06-14,242,242,2,20.49,Received
PO-480341,51,SUP-113,B000070,YEG3,2026-05-17,2026-06-02,2026-06-14,2731,2731,37,8.73,Received
PO-480341,40,SUP-113,B000078,YYZ4,2026-05-17,2026-06-02,2026-06-14,12,12,0,172.65,Received
PO-480341,50,SUP-113,B000106,YYZ4,2026-05-17,2026-06-02,2026-06-14,120,120,0,11.64,Received
PO-480341,43,SUP-113,B000135,YYZ4,2026-05-17,2026-06-02,2026-06-14,48,48,1,13.09,Received
PO-480341,54,SUP-113,B000136,YUL5,2026-05-17,2026-06-02,2026-06-14,8,8,0,38.25,Received
PO-480341,53,SUP-113,B000176,YYZ4,2026-05-17,2026-06-02,2026-06-14,18,18,0,23.18,Received
PO-480341,45,SUP-113,B000231,YEG3,2026-05-17,2026-06-02,2026-06-14,72,72,1,17.01,Received
PO-480341,52,SUP-113,B000326,YYZ4,2026-05-17,2026-06-02,2026-06-14,144,115,2,9.48,Received
PO-480341,46,SUP-113,B000334,YYZ4,2026-05-17,2026-06-02,2026-06-14,17,17,0,8.22,Received
PO-480341,44,SUP-113,B000395,YHZ1,2026-05-17,2026-06-02,2026-06-14,36,29,1,9.53,Received
PO-480341,39,SUP-113,B000406,YYC1,2026-05-17,2026-06-02,2026-06-14,63,63,1,12.22,Received
PO-480341,48,SUP-113,B000419,YUL5,2026-05-17,2026-06-02,2026-06-14,176,176,1,34.2,Received
PO-480136,36,SUP-105,B000023,YYC1,2026-05-18,2026-05-27,2026-05-25,16,16,0,55.53,Received
PO-480136,29,SUP-105,B000025,YVR2,2026-05-18,2026-05-27,2026-05-25,48,38,0,34.44,Received
PO-480136,35,SUP-105,B000071,YUL5,2026-05-18,2026-05-27,2026-05-25,60,57,0,52.68,Received
PO-480136,30,SUP-105,B000092,YYZ4,2026-05-18,2026-05-27,2026-05-25,96,96,0,37.96,Received
PO-480136,26,SUP-105,B000097,YYC1,2026-05-18,2026-05-27,2026-05-25,48,48,0,48.69,Received
PO-480136,32,SUP-105,B000153,YUL5,2026-05-18,2026-05-27,2026-05-25,768,768,4,9.61,Received
PO-480136,31,SUP-105,B000213,YUL5,2026-05-18,2026-05-27,2026-05-25,112,112,0,46.02,Received
PO-480136,34,SUP-105,B000216,YVR2,2026-05-18,2026-05-27,2026-05-25,132,132,0,49.89,Received
PO-480136,24,SUP-105,B000259,YYZ4,2026-05-18,2026-05-27,2026-05-25,33,30,0,17.17,Received
PO-480136,27,SUP-105,B000263,YVR2,2026-05-18,2026-05-27,2026-05-25,620,620,0,50.34,Received
PO-480136,39,SUP-105,B000282,YVR2,2026-05-18,2026-05-27,2026-05-25,257,257,2,55.18,Received
PO-480136,37,SUP-105,B000308,YEG3,2026-05-18,2026-05-27,2026-05-25,528,500,2,10.93,Received
PO-480136,38,SUP-105,B000361,YYZ4,2026-05-18,2026-05-27,2026-05-25,336,336,1,25.9,Received
PO-480136,33,SUP-105,B000369,YVR2,2026-05-18,2026-05-27,2026-05-25,144,144,0,12.66,Received
PO-480136,28,SUP-105,B000380,YYC1,2026-05-18,2026-05-27,2026-05-25,72,72,0,31.53,Received
PO-480136,25,SUP-105,B000410,YHZ1,2026-05-18,2026-05-27,2026-05-25,144,144,0,31.02,Received
PO-480306,51,SUP-112,B000026,YYZ4,2026-05-19,2026-06-02,2026-06-13,48,48,1,18.63,Received
PO-480306,55,SUP-112,B000076,YUL5,2026-05-19,2026-06-02,2026-06-13,12,12,0,31.77,Received
PO-480306,52,SUP-112,B000087,YHZ1,2026-05-19,2026-06-02,2026-06-13,112,112,1,35.54,Received
PO-480306,56,SUP-112,B000143,YUL5,2026-05-19,2026-06-02,2026-06-13,83,83,1,6.49,Received
PO-480306,53,SUP-112,B000192,YYC1,2026-05-19,2026-06-02,2026-06-13,6,6,0,35.26,Received
PO-480306,47,SUP-112,B000249,YYC1,2026-05-19,2026-06-02,2026-06-13,204,204,2,24.19,Received
PO-480306,43,SUP-112,B000272,YVR2,2026-05-19,2026-06-02,2026-06-13,72,72,0,5.34,Received
PO-480306,54,SUP-112,B000292,YVR2,2026-05-19,2026-06-02,2026-06-13,343,343,6,32.23,Received
PO-480306,50,SUP-112,B000297,YYZ4,2026-05-19,2026-06-02,2026-06-13,5,5,0,20.76,Received
PO-480306,45,SUP-112,B000304,YYC1,2026-05-19,2026-06-02,2026-06-13,182,182,3,13.26,Received
PO-480306,46,SUP-112,B000324,YYC1,2026-05-19,2026-06-02,2026-06-13,484,395,5,50.1,Received
PO-480306,49,SUP-112,B000339,YUL5,2026-05-19,2026-06-02,2026-06-13,112,112,1,17.86,Received
PO-480306,48,SUP-112,B000354,YYC1,2026-05-19,2026-06-02,2026-06-13,192,192,2,3.98,Received
PO-480306,57,SUP-112,B000357,YVR2,2026-05-19,2026-06-02,2026-06-13,474,474,7,2.48,Received
PO-480306,44,SUP-112,B000416,YYC1,2026-05-19,2026-06-02,2026-06-13,300,300,3,26.43,Received
PO-480099,51,SUP-104,B000077,YWG2,2026-05-22,2026-06-01,2026-05-28,192,192,2,55.44,Received
PO-480099,56,SUP-104,B000088,YYZ4,2026-05-22,2026-06-01,2026-05-28,42,40,0,22.27,Received
PO-480099,52,SUP-104,B000095,YHZ1,2026-05-22,2026-06-01,2026-05-28,240,240,1,4.5,Received
PO-480099,49,SUP-104,B000140,YVR2,2026-05-22,2026-06-01,2026-05-28,216,216,0,5.15,Received
PO-480099,53,SUP-104,B000150,YUL5,2026-05-22,2026-06-01,2026-05-28,16,16,0,2.47,Received
PO-480099,55,SUP-104,B000168,YYZ4,2026-05-22,2026-06-01,2026-05-28,186,186,1,8.87,Received
PO-480099,58,SUP-104,B000214,YUL5,2026-05-22,2026-06-01,2026-05-28,96,96,1,9.98,Received
PO-480099,45,SUP-104,B000233,YEG3,2026-05-22,2026-06-01,2026-05-28,24,24,0,30.93,Received
PO-480099,59,SUP-104,B000256,YWG2,2026-05-22,2026-06-01,2026-05-28,96,76,0,17.41,Received
PO-480099,44,SUP-104,B000257,YVR2,2026-05-22,2026-06-01,2026-05-28,1200,1200,1,12.7,Received
PO-480099,57,SUP-104,B000290,YVR2,2026-05-22,2026-06-01,2026-05-28,200,200,0,2.29,Received
PO-480099,43,SUP-104,B000367,YUL5,2026-05-22,2026-06-01,2026-05-28,102,102,0,4.19,Received
PO-480099,46,SUP-104,B000371,YUL5,2026-05-22,2026-06-01,2026-05-28,24,22,0,9.71,Received
PO-480099,54,SUP-104,B000388,YWG2,2026-05-22,2026-06-01,2026-05-28,30,30,0,19.55,Received
PO-480099,50,SUP-104,B000390,YYZ4,2026-05-22,2026-06-01,2026-05-28,148,148,1,10.78,Received
PO-480099,47,SUP-104,B000412,YWG2,2026-05-22,2026-06-01,2026-05-28,354,354,2,5.35,Received
PO-480099,48,SUP-104,B000417,YYC1,2026-05-22,2026-06-01,2026-05-28,6,6,0,17.43,Received
PO-480530,47,SUP-122,B000003,YYC1,2026-05-22,2026-06-22,2026-06-21,1116,1116,4,116.68,Received
PO-480530,46,SUP-122,B000067,YVR2,2026-05-22,2026-06-22,2026-06-21,336,336,2,26.62,Received
PO-480530,45,SUP-122,B000068,YHZ1,2026-05-22,2026-06-22,2026-06-21,24,24,0,53.46,Received
PO-480530,40,SUP-122,B000235,YHZ1,2026-05-22,2026-06-22,2026-06-21,224,215,1,59.11,Received
PO-480530,41,SUP-122,B000271,YVR2,2026-05-22,2026-06-22,2026-06-21,48,48,0,23.34,Received
PO-480530,42,SUP-122,B000285,YYZ4,2026-05-22,2026-06-22,2026-06-21,17,17,0,99.56,Received
PO-480530,43,SUP-122,B000341,YYZ4,2026-05-22,2026-06-22,2026-06-21,1002,1002,4,57.14,Received
PO-480530,44,SUP-122,B000352,YHZ1,2026-05-22,2026-06-22,2026-06-21,12,12,0,42.99,Received
PO-480271,36,SUP-111,B000015,YEG3,2026-05-23,2026-05-30,2026-05-30,216,216,0,3.74,Received
PO-480271,31,SUP-111,B000019,YYZ4,2026-05-23,2026-05-30,2026-05-30,2431,2431,11,12.51,Received
PO-480271,27,SUP-111,B000065,YYZ4,2026-05-23,2026-05-30,2026-05-30,280,280,1,8.16,Received
PO-480271,29,SUP-111,B000072,YYZ4,2026-05-23,2026-05-30,2026-05-30,108,108,0,16.47,Received
PO-480271,34,SUP-111,B000100,YUL5,2026-05-23,2026-05-30,2026-05-30,48,48,0,2.0,Received
PO-480271,26,SUP-111,B000109,YYC1,2026-05-23,2026-05-30,2026-05-30,48,42,0,27.2,Received
PO-480271,37,SUP-111,B000122,YEG3,2026-05-23,2026-05-30,2026-05-30,154,154,0,13.42,Received
PO-480271,32,SUP-111,B000145,YYC1,2026-05-23,2026-05-30,2026-05-30,96,96,0,13.18,Received
PO-480271,25,SUP-111,B000187,YUL5,2026-05-23,2026-05-30,2026-05-30,672,672,2,18.92,Received
PO-480271,33,SUP-111,B000203,YVR2,2026-05-23,2026-05-30,2026-05-30,28,22,0,5.75,Received
PO-480271,30,SUP-111,B000218,YYZ4,2026-05-23,2026-05-30,2026-05-30,368,368,1,3.34,Received
PO-480271,28,SUP-111,B000337,YWG2,2026-05-23,2026-05-30,2026-05-30,654,654,1,10.03,Received
PO-480271,35,SUP-111,B000418,YYC1,2026-05-23,2026-05-30,2026-05-30,192,192,0,20.14,Received
PO-480382,89,SUP-115,B000010,YYC1,2026-05-23,2026-06-25,2026-06-12,8580,8580,97,22.5,Received
PO-480382,99,SUP-115,B000040,YVR2,2026-05-23,2026-06-25,2026-06-12,221,221,1,78.85,Received
PO-480382,96,SUP-115,B000047,YWG2,2026-05-23,2026-06-25,2026-06-12,966,966,3,63.07,Received
PO-480382,98,SUP-115,B000051,YYZ4,2026-05-23,2026-06-25,2026-06-12,143,131,0,17.69,Received
PO-480382,1,SUP-115,B000053,YUL5,2026-05-23,2026-06-25,2026-06-12,79,79,1,15.69,Received
PO-480382,91,SUP-115,B000116,YHZ1,2026-05-23,2026-06-25,2026-06-12,447,447,4,59.9,Received
PO-480382,3,SUP-115,B000126,YHZ1,2026-05-23,2026-06-25,2026-06-12,728,728,7,5.33,Received
PO-480382,2,SUP-115,B000138,YYZ4,2026-05-23,2026-06-25,2026-06-12,154,154,2,25.11,Received
PO-480382,4,SUP-115,B000157,YEG3,2026-05-23,2026-06-25,2026-06-12,24,24,0,58.52,Received
PO-480382,94,SUP-115,B000244,YEG3,2026-05-23,2026-06-25,2026-06-12,612,612,3,31.25,Received
PO-480382,93,SUP-115,B000287,YUL5,2026-05-23,2026-06-25,2026-06-12,116,116,1,94.57,Received
PO-480382,92,SUP-115,B000300,YUL5,2026-05-23,2026-06-25,2026-06-12,150,150,1,30.93,Received
PO-480382,90,SUP-115,B000315,YEG3,2026-05-23,2026-06-25,2026-06-12,1592,1592,1,68.19,Received
PO-480382,95,SUP-115,B000328,YWG2,2026-05-23,2026-06-25,2026-06-12,8,8,0,28.33,Received
PO-480382,97,SUP-115,B000377,YUL5,2026-05-23,2026-06-25,2026-06-12,36,36,0,61.98,Received
PO-480342,56,SUP-113,B000009,YYZ4,2026-05-24,2026-06-09,2026-06-09,20,20,0,15.41,Received
PO-480342,58,SUP-113,B000028,YYZ4,2026-05-24,2026-06-09,2026-06-09,16,16,0,33.32,Received
PO-480342,70,SUP-113,B000030,YYZ4,2026-05-24,2026-06-09,2026-06-09,120,112,0,26.33,Received
PO-480342,63,SUP-113,B000059,YHZ1,2026-05-24,2026-06-09,2026-06-09,498,498,2,55.06,Received
PO-480342,60,SUP-113,B000063,YEG3,2026-05-24,2026-06-09,2026-06-09,65,65,1,20.49,Received
PO-480342,59,SUP-113,B000070,YYC1,2026-05-24,2026-06-09,2026-06-09,642,642,6,8.73,Received
PO-480342,66,SUP-113,B000091,YUL5,2026-05-24,2026-06-09,2026-06-09,24,24,0,40.85,Received
PO-480342,55,SUP-113,B000106,YEG3,2026-05-24,2026-06-09,2026-06-09,96,96,1,11.64,Received
PO-480342,67,SUP-113,B000135,YYZ4,2026-05-24,2026-06-09,2026-06-09,60,60,1,13.09,Received
PO-480342,62,SUP-113,B000154,YHZ1,2026-05-24,2026-06-09,2026-06-09,120,120,1,6.27,Received
PO-480342,57,SUP-113,B000186,YEG3,2026-05-24,2026-06-09,2026-06-09,24,24,0,7.27,Received
PO-480342,68,SUP-113,B000298,YYC1,2026-05-24,2026-06-09,2026-06-09,112,112,2,39.04,Received
PO-480342,69,SUP-113,B000326,YYC1,2026-05-24,2026-06-09,2026-06-09,1008,1008,13,9.48,Received
PO-480342,64,SUP-113,B000334,YYZ4,2026-05-24,2026-06-09,2026-06-09,10,10,0,8.22,Received
PO-480342,65,SUP-113,B000395,YHZ1,2026-05-24,2026-06-09,2026-06-09,16,16,0,9.53,Received
PO-480342,61,SUP-113,B000419,YYZ4,2026-05-24,2026-06-09,2026-06-09,104,104,0,34.2,Received
PO-480401,22,SUP-116,B000164,YYZ4,2026-05-25,2026-06-29,2026-06-18,192,192,1,52.28,Received
PO-480401,30,SUP-116,B000179,YYZ4,2026-05-25,2026-06-29,2026-06-18,200,200,1,62.15,Received
PO-480401,28,SUP-116,B000185,YEG3,2026-05-25,2026-06-29,2026-06-18,432,432,3,23.78,Received
PO-480401,27,SUP-116,B000228,YYZ4,2026-05-25,2026-06-29,2026-06-18,396,396,1,51.13,Received
PO-480401,34,SUP-116,B000234,YYC1,2026-05-25,2026-06-29,2026-06-18,237,237,1,68.84,Received
PO-480401,31,SUP-116,B000240,YEG3,2026-05-25,2026-06-29,2026-06-18,1164,1164,1,9.44,Received
PO-480401,25,SUP-116,B000318,YUL5,2026-05-25,2026-06-29,2026-06-18,212,212,1,27.75,Received
PO-480401,32,SUP-116,B000335,YHZ1,2026-05-25,2026-06-29,2026-06-18,460,460,1,57.26,Received
PO-480401,26,SUP-116,B000358,YYC1,2026-05-25,2026-06-29,2026-06-18,164,164,0,85.05,Received
PO-480401,29,SUP-116,B000360,YYZ4,2026-05-25,2026-06-29,2026-06-18,64,64,0,13.52,Received
PO-480401,23,SUP-116,B000375,YVR2,2026-05-25,2026-06-29,2026-06-18,920,920,3,81.72,Received
PO-480401,24,SUP-116,B000384,YVR2,2026-05-25,2026-06-29,2026-06-18,75,75,0,152.21,Received
PO-480401,33,SUP-116,B000401,YYC1,2026-05-25,2026-06-29,2026-06-18,106,104,0,26.64,Received
PO-480100,71,SUP-104,B000054,YVR2,2026-05-26,2026-06-05,2026-06-02,32,32,0,12.38,Received
PO-480100,63,SUP-104,B000060,YYC1,2026-05-26,2026-06-05,2026-06-02,344,344,2,14.56,Received
PO-480100,72,SUP-104,B000077,YYZ4,2026-05-26,2026-06-05,2026-06-02,192,186,1,55.44,Received
PO-480100,69,SUP-104,B000088,YYZ4,2026-05-26,2026-06-05,2026-06-02,53,53,0,22.27,Received
PO-480100,73,SUP-104,B000093,YUL5,2026-05-26,2026-06-05,2026-06-02,24,24,0,3.57,Received
PO-480100,74,SUP-104,B000095,YWG2,2026-05-26,2026-06-05,2026-06-02,192,162,1,4.5,Received
PO-480100,64,SUP-104,B000140,YYZ4,2026-05-26,2026-06-05,2026-06-02,108,108,0,5.15,Received
PO-480100,68,SUP-104,B000150,YYZ4,2026-05-26,2026-06-05,2026-06-02,16,16,0,2.47,Received
PO-480100,61,SUP-104,B000233,YEG3,2026-05-26,2026-06-05,2026-06-02,36,36,0,30.93,Received
PO-480100,77,SUP-104,B000256,YYZ4,2026-05-26,2026-06-05,2026-06-02,96,94,1,17.41,Received
PO-480100,70,SUP-104,B000257,YVR2,2026-05-26,2026-06-05,2026-06-02,3608,3608,13,12.7,Received
PO-480100,67,SUP-104,B000290,YYZ4,2026-05-26,2026-06-05,2026-06-02,120,120,0,2.29,Received
PO-480100,62,SUP-104,B000367,YUL5,2026-05-26,2026-06-05,2026-06-02,139,139,1,4.19,Received
PO-480100,75,SUP-104,B000371,YUL5,2026-05-26,2026-06-05,2026-06-02,30,30,0,9.71,Received
PO-480100,76,SUP-104,B000388,YYZ4,2026-05-26,2026-06-05,2026-06-02,18,18,0,19.55,Received
PO-480100,60,SUP-104,B000390,YYZ4,2026-05-26,2026-06-05,2026-06-02,195,195,0,10.78,Received
PO-480100,65,SUP-104,B000412,YEG3,2026-05-26,2026-06-05,2026-06-02,510,510,1,5.35,Received
PO-480100,66,SUP-104,B000417,YYC1,2026-05-26,2026-06-05,2026-06-02,6,6,0,17.43,Received
PO-480137,49,SUP-105,B000016,YYZ4,2026-05-28,2026-06-06,2026-06-03,180,180,1,22.7,Received
PO-480137,48,SUP-105,B000023,YYZ4,2026-05-28,2026-06-06,2026-06-03,40,40,0,55.53,Received
PO-480137,45,SUP-105,B000043,YEG3,2026-05-28,2026-06-06,2026-06-03,28,28,0,81.24,Received
PO-480137,46,SUP-105,B000071,YYZ4,2026-05-28,2026-06-06,2026-06-03,84,84,0,52.68,Received
PO-480137,40,SUP-105,B000092,YUL5,2026-05-28,2026-06-06,2026-06-03,48,48,0,37.96,Received
PO-480137,47,SUP-105,B000213,YYC1,2026-05-28,2026-06-06,2026-06-03,400,372,0,46.02,Received
PO-480137,41,SUP-105,B000216,YVR2,2026-05-28,2026-06-06,2026-06-03,102,102,0,49.89,Received
PO-480137,43,SUP-105,B000259,YYC1,2026-05-28,2026-06-06,2026-06-03,196,196,0,17.17,Received
PO-480137,50,SUP-105,B000284,YWG2,2026-05-28,2026-06-06,2026-06-03,500,500,1,19.61,Received
PO-480137,42,SUP-105,B000308,YUL5,2026-05-28,2026-06-06,2026-06-03,240,240,2,10.93,Received
PO-480137,44,SUP-105,B000320,YYC1,2026-05-28,2026-06-06,2026-06-03,60,60,0,15.12,Received
PO-480232,31,SUP-110,B000017,YWG2,2026-05-28,2026-07-03,2026-07-04,3456,3456,40,37.04,Received
PO-480232,37,SUP-110,B000020,YHZ1,2026-05-28,2026-07-03,2026-07-04,54,45,1,26.71,Received
PO-480232,38,SUP-110,B000038,YYZ4,2026-05-28,2026-07-03,2026-07-04,24,20,0,29.94,Received
PO-480232,28,SUP-110,B000050,YYZ4,2026-05-28,2026-07-03,2026-07-04,116,96,1,10.46,Received
PO-480232,35,SUP-110,B000055,YYZ4,2026-05-28,2026-07-03,2026-07-04,52,52,2,23.61,Received
PO-480232,27,SUP-110,B000082,YHZ1,2026-05-28,2026-07-03,2026-07-04,10440,10440,177,43.59,Received
PO-480232,36,SUP-110,B000129,YYC1,2026-05-28,2026-07-03,2026-07-04,24588,24588,352,47.77,Received
PO-480232,34,SUP-110,B000183,YYC1,2026-05-28,2026-07-03,2026-07-04,84,84,3,21.45,Received
PO-480232,29,SUP-110,B000303,YEG3,2026-05-28,2026-07-03,2026-07-04,120,120,2,9.43,Received
PO-480232,30,SUP-110,B000325,YUL5,2026-05-28,2026-07-03,2026-07-04,776,776,17,11.69,Received
PO-480232,26,SUP-110,B000347,YHZ1,2026-05-28,2026-07-03,2026-07-04,32,32,0,8.39,Received
PO-480232,33,SUP-110,B000363,YHZ1,2026-05-28,2026-07-03,2026-07-04,12,12,0,18.43,Received
PO-480232,32,SUP-110,B000379,YVR2,2026-05-28,2026-07-03,2026-07-04,520,520,20,6.69,Received
PO-480232,39,SUP-110,B000407,YYZ4,2026-05-28,2026-07-03,2026-07-04,408,408,8,13.84,Received
PO-480307,70,SUP-112,B000061,YYZ4,2026-05-29,2026-06-12,2026-06-20,36,36,0,9.8,Received
PO-480307,69,SUP-112,B000086,YUL5,2026-05-29,2026-06-12,2026-06-20,136,136,1,8.8,Received
PO-480307,63,SUP-112,B000118,YVR2,2026-05-29,2026-06-12,2026-06-20,2040,2040,31,14.9,Received
PO-480307,65,SUP-112,B000143,YEG3,2026-05-29,2026-06-12,2026-06-20,245,245,2,6.49,Received
PO-480307,60,SUP-112,B000167,YYZ4,2026-05-29,2026-06-12,2026-06-20,48,48,1,7.6,Received
PO-480307,68,SUP-112,B000189,YYZ4,2026-05-29,2026-06-12,2026-06-20,36,36,0,11.62,Received
PO-480307,59,SUP-112,B000192,YYC1,2026-05-29,2026-06-12,2026-06-20,6,6,0,35.26,Received
PO-480307,66,SUP-112,B000204,YYZ4,2026-05-29,2026-06-12,2026-06-20,216,184,2,25.35,Received
PO-480307,58,SUP-112,B000248,YVR2,2026-05-29,2026-06-12,2026-06-20,88,88,1,20.2,Received
PO-480307,61,SUP-112,B000249,YYZ4,2026-05-29,2026-06-12,2026-06-20,192,192,2,24.19,Received
PO-480307,64,SUP-112,B000272,YYZ4,2026-05-29,2026-06-12,2026-06-20,42,42,1,5.34,Received
PO-480307,72,SUP-112,B000292,YYC1,2026-05-29,2026-06-12,2026-06-20,79,79,1,32.23,Received
PO-480307,62,SUP-112,B000296,YYZ4,2026-05-29,2026-06-12,2026-06-20,96,96,0,28.09,Received
PO-480307,71,SUP-112,B000324,YYC1,2026-05-29,2026-06-12,2026-06-20,48,48,0,50.1,Received
PO-480307,67,SUP-112,B000416,YYZ4,2026-05-29,2026-06-12,2026-06-20,468,468,6,26.43,Received
PO-480420,43,SUP-117,B000004,YHZ1,2026-06-01,2026-07-11,2026-07-19,2,2,0,9.82,Received
PO-480420,44,SUP-117,B000036,YYC1,2026-06-01,2026-07-11,2026-07-19,131,131,3,29.55,Received
PO-480420,40,SUP-117,B000058,YUL5,2026-06-01,2026-07-11,2026-07-19,288,288,9,12.88,Received
PO-480420,42,SUP-117,B000120,YYZ4,2026-06-01,2026-07-11,2026-07-19,324,324,6,22.08,Received
PO-480420,39,SUP-117,B000128,YEG3,2026-06-01,2026-07-11,2026-07-19,12312,12312,348,12.39,Received
PO-480420,46,SUP-117,B000162,YYZ4,2026-06-01,2026-07-11,2026-07-19,288,288,1,11.86,Received
PO-480420,36,SUP-117,B000169,YWG2,2026-06-01,2026-07-11,2026-07-19,1584,1584,27,31.28,Received
PO-480420,35,SUP-117,B000205,YYZ4,2026-06-01,2026-07-11,2026-07-19,68,68,0,6.57,Received
PO-480420,38,SUP-117,B000245,YVR2,2026-06-01,2026-07-11,2026-07-19,520,520,11,2.38,Received
PO-480420,45,SUP-117,B000293,YWG2,2026-06-01,2026-07-11,2026-07-19,219,219,5,14.75,Received
PO-480420,37,SUP-117,B000400,YYZ4,2026-06-01,2026-07-11,2026-07-19,144,144,4,7.68,Received
PO-480420,34,SUP-117,B000402,YYZ4,2026-06-01,2026-07-11,2026-07-19,130,130,3,12.23,Received
PO-480420,41,SUP-117,B000415,YWG2,2026-06-01,2026-07-11,2026-07-19,12,12,0,8.41,Received
PO-480062,62,SUP-103,B000000,YYZ4,2026-06-03,2026-06-15,2026-06-14,24,24,0,5.35,Received
PO-480062,60,SUP-103,B000006,YYC1,2026-06-03,2026-06-15,2026-06-14,84,68,0,10.47,Received
PO-480062,61,SUP-103,B000024,YYZ4,2026-06-03,2026-06-15,2026-06-14,408,408,2,24.8,Received
PO-480062,68,SUP-103,B000119,YYZ4,2026-06-03,2026-06-15,2026-06-14,12,12,0,15.29,Received
PO-480062,71,SUP-103,B000178,YVR2,2026-06-03,2026-06-15,2026-06-14,192,192,2,27.42,Received
PO-480062,70,SUP-103,B000194,YEG3,2026-06-03,2026-06-15,2026-06-14,32,32,0,12.16,Received
PO-480062,63,SUP-103,B000246,YVR2,2026-06-03,2026-06-15,2026-06-14,72,72,1,48.07,Received
PO-480062,59,SUP-103,B000273,YHZ1,2026-06-03,2026-06-15,2026-06-14,32,32,0,23.72,Received
PO-480062,65,SUP-103,B000291,YYZ4,2026-06-03,2026-06-15,2026-06-14,28,28,0,17.87,Received
PO-480062,67,SUP-103,B000295,YVR2,2026-06-03,2026-06-15,2026-06-14,46,46,0,18.76,Received
PO-480062,72,SUP-103,B000312,YYZ4,2026-06-03,2026-06-15,2026-06-14,209,209,0,11.5,Received
PO-480062,66,SUP-103,B000348,YEG3,2026-06-03,2026-06-15,2026-06-14,784,784,9,9.96,Received
PO-480062,69,SUP-103,B000374,YYC1,2026-06-03,2026-06-15,2026-06-14,49,49,0,10.68,Received
PO-480062,58,SUP-103,B000382,YYC1,2026-06-03,2026-06-15,2026-06-14,886,886,6,9.75,Received
PO-480062,64,SUP-103,B000387,YVR2,2026-06-03,2026-06-15,2026-06-14,170,170,2,40.99,Received
PO-480138,51,SUP-105,B000016,YEG3,2026-06-03,2026-06-12,2026-06-11,192,192,1,22.7,Received
PO-480138,52,SUP-105,B000023,YYC1,2026-06-03,2026-06-12,2026-06-11,32,32,0,55.53,Received
PO-480138,53,SUP-105,B000213,YVR2,2026-06-03,2026-06-12,2026-06-11,112,112,1,46.02,Received
PO-480138,54,SUP-105,B000263,YUL5,2026-06-03,2026-06-12,2026-06-11,1108,1108,2,50.34,Received
PO-480138,55,SUP-105,B000282,YVR2,2026-06-03,2026-06-12,2026-06-11,186,149,1,55.18,Received
PO-480138,56,SUP-105,B000369,YYZ4,2026-06-03,2026-06-12,2026-06-11,96,96,0,12.66,Received
PO-480216,35,SUP-109,B000056,YVR2,2026-06-04,2026-07-22,2026-08-19,1740,1740,104,224.05,Received
PO-480216,33,SUP-109,B000171,YYZ4,2026-06-04,2026-07-22,2026-08-19,432,432,28,99.79,Received
PO-480216,41,SUP-109,B000181,YUL5,2026-06-04,2026-07-22,2026-08-19,1308,1308,96,54.45,Received
PO-480216,38,SUP-109,B000262,YWG2,2026-06-04,2026-07-22,2026-08-19,3849,3849,273,79.31,Received
PO-480216,40,SUP-109,B000277,YYZ4,2026-06-04,2026-07-22,2026-08-19,80,80,5,37.83,Received
PO-480216,36,SUP-109,B000289,YVR2,2026-06-04,2026-07-22,2026-08-19,764,764,40,33.98,Received
PO-480216,39,SUP-109,B000314,YWG2,2026-06-04,2026-07-22,2026-08-19,168,146,7,39.46,Received
PO-480216,42,SUP-109,B000329,YYZ4,2026-06-04,2026-07-22,2026-08-19,24,24,0,64.01,Received
PO-480216,37,SUP-109,B000368,YUL5,2026-06-04,2026-07-22,2026-08-19,96,77,4,45.85,Received
PO-480216,34,SUP-109,B000405,YHZ1,2026-06-04,2026-07-22,2026-08-19,408,408,23,81.28,Received
PO-480343,76,SUP-113,B000009,YYC1,2026-06-04,2026-06-20,2026-06-24,65,58,1,15.41,Received
PO-480343,78,SUP-113,B000028,YYZ4,2026-06-04,2026-06-20,2026-06-24,27,23,0,33.32,Received
PO-480343,75,SUP-113,B000063,YVR2,2026-06-04,2026-06-20,2026-06-24,102,102,0,20.49,Received
PO-480343,73,SUP-113,B000070,YYZ4,2026-06-04,2026-06-20,2026-06-24,520,520,10,8.73,Received
PO-480343,77,SUP-113,B000106,YYZ4,2026-06-04,2026-06-20,2026-06-24,96,83,1,11.64,Received
PO-480343,72,SUP-113,B000186,YEG3,2026-06-04,2026-06-20,2026-06-24,24,19,0,7.27,Received
PO-480343,71,SUP-113,B000298,YYZ4,2026-06-04,2026-06-20,2026-06-24,568,485,2,39.04,Received
PO-480343,79,SUP-113,B000326,YUL5,2026-06-04,2026-06-20,2026-06-24,192,192,3,9.48,Received
PO-480343,74,SUP-113,B000334,YYZ4,2026-06-04,2026-06-20,2026-06-24,13,13,0,8.22,Received
PO-480139,62,SUP-105,B000023,YYZ4,2026-06-05,2026-06-14,2026-06-13,16,16,0,55.53,Received
PO-480139,65,SUP-105,B000025,YYZ4,2026-06-05,2026-06-14,2026-06-13,88,88,0,34.44,Received
PO-480139,58,SUP-105,B000043,YEG3,2026-06-05,2026-06-14,2026-06-13,20,20,0,81.24,Received
PO-480139,61,SUP-105,B000092,YYC1,2026-06-05,2026-06-14,2026-06-13,48,48,0,37.96,Received
PO-480139,60,SUP-105,B000153,YYC1,2026-06-05,2026-06-14,2026-06-13,468,468,3,9.61,Received
PO-480139,59,SUP-105,B000216,YYZ4,2026-06-05,2026-06-14,2026-06-13,246,246,1,49.89,Received
PO-480139,64,SUP-105,B000263,YUL5,2026-06-05,2026-06-14,2026-06-13,1700,1700,4,50.34,Received
PO-480139,63,SUP-105,B000282,YHZ1,2026-06-05,2026-06-14,2026-06-13,630,630,1,55.18,Received
PO-480139,57,SUP-105,B000320,YVR2,2026-06-05,2026-06-14,2026-06-13,36,36,0,15.12,Received
PO-480139,66,SUP-105,B000361,YYZ4,2026-06-05,2026-06-14,2026-06-13,192,192,1,25.9,Received
PO-480139,67,SUP-105,B000410,YYZ4,2026-06-05,2026-06-14,2026-06-13,96,96,0,31.02,Received
PO-480511,67,SUP-121,B000022,YYC1,2026-06-05,2026-07-25,2026-07-20,288,288,19,23.15,Received
PO-480511,60,SUP-121,B000045,YWG2,2026-06-05,2026-07-25,2026-07-20,72,63,2,57.92,Received
PO-480511,68,SUP-121,B000152,YVR2,2026-06-05,2026-07-25,2026-07-20,117,117,2,28.18,Received
PO-480511,63,SUP-121,B000161,YEG3,2026-06-05,2026-07-25,2026-07-20,121,121,3,20.9,Received
PO-480511,62,SUP-121,B000174,YUL5,2026-06-05,2026-07-25,2026-07-20,784,784,30,29.82,Received
PO-480511,58,SUP-121,B000220,YYC1,2026-06-05,2026-07-25,2026-07-20,48,45,1,19.35,Received
PO-480511,66,SUP-121,B000276,YYZ4,2026-06-05,2026-07-25,2026-07-20,48,48,1,23.17,Received
PO-480511,64,SUP-121,B000323,YEG3,2026-06-05,2026-07-25,2026-07-20,196,157,7,11.42,Received
PO-480511,59,SUP-121,B000392,YHZ1,2026-06-05,2026-07-25,2026-07-20,760,678,23,42.02,Received
PO-480511,65,SUP-121,B000408,YYZ4,2026-06-05,2026-07-25,2026-07-20,48,48,2,43.76,Received
PO-480511,61,SUP-121,B000409,YUL5,2026-06-05,2026-07-25,2026-07-20,120,120,0,15.72,Received
PO-480499,39,SUP-120,B000008,YEG3,2026-06-08,2026-06-14,2026-06-13,140,140,0,3.7,Received
PO-480499,40,SUP-120,B000012,YYZ4,2026-06-08,2026-06-14,2026-06-13,164,164,0,9.46,Received
PO-480499,35,SUP-120,B000052,YEG3,2026-06-08,2026-06-14,2026-06-13,150,133,0,3.12,Received
PO-480499,38,SUP-120,B000195,YYZ4,2026-06-08,2026-06-14,2026-06-13,16,16,0,6.65,Received
PO-480499,43,SUP-120,B000196,YYC1,2026-06-08,2026-06-14,2026-06-13,3,3,0,7.3,Received
PO-480499,44,SUP-120,B000199,YWG2,2026-06-08,2026-06-14,2026-06-13,76,76,0,17.21,Received
PO-480499,34,SUP-120,B000210,YYC1,2026-06-08,2026-06-14,2026-06-13,492,492,0,2.12,Received
PO-480499,41,SUP-120,B000250,YYZ4,2026-06-08,2026-06-14,2026-06-13,144,144,0,3.15,Received
PO-480499,36,SUP-120,B000269,YYC1,2026-06-08,2026-06-14,2026-06-13,24,24,0,2.24,Received
PO-480499,45,SUP-120,B000310,YHZ1,2026-06-08,2026-06-14,2026-06-13,52,52,0,2.96,Received
PO-480499,42,SUP-120,B000321,YYC1,2026-06-08,2026-06-14,2026-06-13,48,48,0,8.49,Received
PO-480499,37,SUP-120,B000338,YVR2,2026-06-08,2026-06-14,2026-06-13,368,334,1,3.88,Received
PO-480167,91,SUP-106,B000239,YVR2,2026-06-09,2026-07-03,2026-07-11,96,96,2,12.84,Received
PO-480167,86,SUP-106,B000251,YVR2,2026-06-09,2026-07-03,2026-07-11,206,206,1,12.22,Received
PO-480167,87,SUP-106,B000294,YHZ1,2026-06-09,2026-07-03,2026-07-11,252,207,1,42.52,Received
PO-480167,90,SUP-106,B000307,YYZ4,2026-06-09,2026-07-03,2026-07-11,144,144,3,10.55,Received
PO-480167,89,SUP-106,B000316,YYC1,2026-06-09,2026-07-03,2026-07-11,184,184,2,11.05,Received
PO-480167,84,SUP-106,B000319,YYZ4,2026-06-09,2026-07-03,2026-07-11,48,47,1,45.53,Received
PO-480167,88,SUP-106,B000378,YYC1,2026-06-09,2026-07-03,2026-07-11,6594,6594,41,9.25,Received
PO-480167,85,SUP-106,B000383,YVR2,2026-06-09,2026-07-03,2026-07-11,176,176,4,12.08,Received
PO-480344,82,SUP-113,B000059,YWG2,2026-06-09,2026-06-25,2026-06-21,492,492,9,55.06,Received
PO-480344,87,SUP-113,B000091,YYC1,2026-06-09,2026-06-25,2026-06-21,144,135,2,40.85,Received
PO-480344,80,SUP-113,B000186,YEG3,2026-06-09,2026-06-25,2026-06-21,24,21,0,7.27,Received
PO-480344,86,SUP-113,B000231,YHZ1,2026-06-09,2026-06-25,2026-06-21,156,156,0,17.01,Received
PO-480344,84,SUP-113,B000298,YYC1,2026-06-09,2026-06-25,2026-06-21,184,184,2,39.04,Received
PO-480344,81,SUP-113,B000334,YYZ4,2026-06-09,2026-06-25,2026-06-21,12,12,0,8.22,Received
PO-480344,83,SUP-113,B000395,YHZ1,2026-06-09,2026-06-25,2026-06-21,16,16,0,9.53,Received
PO-480344,85,SUP-113,B000406,YHZ1,2026-06-09,2026-06-25,2026-06-21,52,52,1,12.22,Received
PO-480500,51,SUP-120,B000012,YVR2,2026-06-09,2026-06-15,2026-06-16,52,46,0,9.46,Received
PO-480500,49,SUP-120,B000052,YEG3,2026-06-09,2026-06-15,2026-06-16,80,80,0,3.12,Received
PO-480500,50,SUP-120,B000195,YYZ4,2026-06-09,2026-06-15,2026-06-16,16,16,0,6.65,Received
PO-480500,53,SUP-120,B000196,YYZ4,2026-06-09,2026-06-15,2026-06-16,3,3,0,7.3,Received
PO-480500,54,SUP-120,B000197,YWG2,2026-06-09,2026-06-15,2026-06-16,48,48,0,7.26,Received
PO-480500,47,SUP-120,B000199,YYC1,2026-06-09,2026-06-15,2026-06-16,120,120,1,17.21,Received
PO-480500,48,SUP-120,B000269,YYZ4,2026-06-09,2026-06-15,2026-06-16,24,24,0,2.24,Received
PO-480500,55,SUP-120,B000310,YHZ1,2026-06-09,2026-06-15,2026-06-16,96,96,0,2.96,Received
PO-480500,46,SUP-120,B000321,YYZ4,2026-06-09,2026-06-15,2026-06-16,40,40,0,8.49,Received
PO-480500,52,SUP-120,B000365,YYZ4,2026-06-09,2026-06-15,2026-06-16,54,54,0,4.97,Received
PO-480345,92,SUP-113,B000030,YYZ4,2026-06-10,2026-06-26,2026-06-30,216,216,3,26.33,Received
PO-480345,2,SUP-113,B000063,YVR2,2026-06-10,2026-06-26,2026-06-30,85,85,1,20.49,Received
PO-480345,89,SUP-113,B000070,YWG2,2026-06-10,2026-06-26,2026-06-30,2713,2713,44,8.73,Received
PO-480345,1,SUP-113,B000078,YYZ4,2026-06-10,2026-06-26,2026-06-30,12,12,0,172.65,Received
PO-480345,96,SUP-113,B000091,YYZ4,2026-06-10,2026-06-26,2026-06-30,24,20,0,40.85,Received
PO-480345,3,SUP-113,B000106,YEG3,2026-06-10,2026-06-26,2026-06-30,120,120,2,11.64,Received
PO-480345,90,SUP-113,B000135,YVR2,2026-06-10,2026-06-26,2026-06-30,84,69,1,13.09,Received
PO-480345,93,SUP-113,B000154,YWG2,2026-06-10,2026-06-26,2026-06-30,72,57,0,6.27,Received
PO-480345,88,SUP-113,B000176,YUL5,2026-06-10,2026-06-26,2026-06-30,12,12,0,23.18,Received
PO-480345,97,SUP-113,B000182,YYZ4,2026-06-10,2026-06-26,2026-06-30,1236,1236,21,8.68,Received
PO-480345,91,SUP-113,B000198,YUL5,2026-06-10,2026-06-26,2026-06-30,264,264,2,27.58,Received
PO-480345,99,SUP-113,B000231,YEG3,2026-06-10,2026-06-26,2026-06-30,78,72,1,17.01,Received
PO-480345,95,SUP-113,B000298,YHZ1,2026-06-10,2026-06-26,2026-06-30,296,296,5,39.04,Received
PO-480345,98,SUP-113,B000334,YYZ4,2026-06-10,2026-06-26,2026-06-30,10,10,0,8.22,Received
PO-480345,94,SUP-113,B000395,YHZ1,2026-06-10,2026-06-26,2026-06-30,32,26,0,9.53,Received
PO-480272,52,SUP-111,B000005,YYZ4,2026-06-16,2026-06-23,2026-06-23,24,24,0,11.5,Received
PO-480272,50,SUP-111,B000015,YYZ4,2026-06-16,2026-06-23,2026-06-23,320,320,1,3.74,Received
PO-480272,43,SUP-111,B000062,YYZ4,2026-06-16,2026-06-23,2026-06-23,144,144,0,13.09,Received
PO-480272,41,SUP-111,B000065,YHZ1,2026-06-16,2026-06-23,2026-06-23,408,408,2,8.16,Received
PO-480272,39,SUP-111,B000102,YEG3,2026-06-16,2026-06-23,2026-06-23,732,732,3,4.23,Received
PO-480272,46,SUP-111,B000123,YVR2,2026-06-16,2026-06-23,2026-06-23,60,60,0,11.77,Received
PO-480272,48,SUP-111,B000145,YYZ4,2026-06-16,2026-06-23,2026-06-23,48,48,0,13.18,Received
PO-480272,51,SUP-111,B000147,YUL5,2026-06-16,2026-06-23,2026-06-23,524,524,2,34.39,Received
PO-480272,49,SUP-111,B000191,YVR2,2026-06-16,2026-06-23,2026-06-23,3,3,0,12.14,Received
PO-480272,40,SUP-111,B000218,YUL5,2026-06-16,2026-06-23,2026-06-23,52,52,0,3.34,Received
PO-480272,42,SUP-111,B000232,YUL5,2026-06-16,2026-06-23,2026-06-23,70,70,0,7.58,Received
PO-480272,38,SUP-111,B000283,YUL5,2026-06-16,2026-06-23,2026-06-23,3840,3496,11,5.71,Received
PO-480272,45,SUP-111,B000337,YYZ4,2026-06-16,2026-06-23,2026-06-23,72,72,0,10.03,Received
PO-480272,47,SUP-111,B000351,YEG3,2026-06-16,2026-06-23,2026-06-23,768,663,2,7.71,Received
PO-480272,44,SUP-111,B000418,YYZ4,2026-06-16,2026-06-23,2026-06-23,336,336,0,20.14,Received
PO-480531,55,SUP-122,B000003,YVR2,2026-06-16,2026-07-17,2026-07-16,108,108,1,116.68,Received
PO-480531,50,SUP-122,B000067,YEG3,2026-06-16,2026-07-17,2026-07-16,480,459,4,26.62,Received
PO-480531,53,SUP-122,B000068,YUL5,2026-06-16,2026-07-17,2026-07-16,96,96,1,53.46,Received
PO-480531,54,SUP-122,B000141,YUL5,2026-06-16,2026-07-17,2026-07-16,56,56,1,44.89,Received
PO-480531,48,SUP-122,B000235,YHZ1,2026-06-16,2026-07-17,2026-07-16,16,16,0,59.11,Received
PO-480531,49,SUP-122,B000264,YYZ4,2026-06-16,2026-07-17,2026-07-16,30,30,0,32.04,Received
PO-480531,52,SUP-122,B000285,YYZ4,2026-06-16,2026-07-17,2026-07-16,26,26,0,99.56,Received
PO-480531,51,SUP-122,B000341,YUL5,2026-06-16,2026-07-17,2026-07-16,336,336,1,57.14,Received
PO-480012,18,SUP-101,B000042,YUL5,2026-06-17,2026-07-29,2026-07-30,100,100,1,22.73,Received
PO-480012,22,SUP-101,B000105,YYZ4,2026-06-17,2026-07-29,2026-07-30,96,96,2,32.78,Received
PO-480012,20,SUP-101,B000132,YUL5,2026-06-17,2026-07-29,2026-07-30,3582,3582,60,36.4,Received
PO-480012,23,SUP-101,B000207,YEG3,2026-06-17,2026-07-29,2026-07-30,72,62,3,27.3,Received
PO-480012,21,SUP-101,B000266,YUL5,2026-06-17,2026-07-29,2026-07-30,45,45,1,77.37,Received
PO-480012,24,SUP-101,B000275,YYZ4,2026-06-17,2026-07-29,2026-07-30,2,2,0,27.48,Received
PO-480012,19,SUP-101,B000279,YYZ4,2026-06-17,2026-07-29,2026-07-30,68,68,3,30.79,Received
PO-480013,30,SUP-101,B000031,YYC1,2026-06-18,2026-07-30,2026-08-13,3294,3294,18,50.63,Received
PO-480013,32,SUP-101,B000042,YYZ4,2026-06-18,2026-07-30,2026-08-13,44,44,1,22.73,Received
PO-480013,36,SUP-101,B000096,YYZ4,2026-06-18,2026-07-30,2026-08-13,12,12,0,125.28,Received
PO-480013,34,SUP-101,B000105,YYZ4,2026-06-18,2026-07-30,2026-08-13,60,58,1,32.78,Received
PO-480013,39,SUP-101,B000132,YHZ1,2026-06-18,2026-07-30,2026-08-13,1134,1134,42,36.4,Received
PO-480013,27,SUP-101,B000134,YWG2,2026-06-18,2026-07-30,2026-08-13,2814,2814,11,17.14,Received
PO-480013,31,SUP-101,B000160,YVR2,2026-06-18,2026-07-30,2026-08-13,2954,2954,69,152.23,Received
PO-480013,41,SUP-101,B000165,YEG3,2026-06-18,2026-07-30,2026-08-13,4096,4096,25,35.18,Received
PO-480013,35,SUP-101,B000207,YYZ4,2026-06-18,2026-07-30,2026-08-13,131,110,2,27.3,Received
PO-480013,37,SUP-101,B000229,YYC1,2026-06-18,2026-07-30,2026-08-13,528,528,20,69.87,Received
PO-480013,26,SUP-101,B000261,YUL5,2026-06-18,2026-07-30,2026-08-13,1914,1914,54,61.04,Received
PO-480013,29,SUP-101,B000266,YYZ4,2026-06-18,2026-07-30,2026-08-13,100,100,1,77.37,Received
PO-480013,28,SUP-101,B000279,YHZ1,2026-06-18,2026-07-30,2026-08-13,80,80,0,30.79,Received
PO-480013,40,SUP-101,B000281,YYZ4,2026-06-18,2026-07-30,2026-08-13,64,64,2,27.43,Received
PO-480013,25,SUP-101,B000366,YVR2,2026-06-18,2026-07-30,2026-08-13,680,680,18,36.73,Received
PO-480013,38,SUP-101,B000370,YYZ4,2026-06-18,2026-07-30,2026-08-13,1488,1488,26,28.99,Received
PO-480013,33,SUP-101,B000385,YHZ1,2026-06-18,2026-07-30,2026-08-13,781,781,8,19.7,Received
PO-480101,88,SUP-104,B000054,YVR2,2026-06-18,2026-06-28,2026-06-27,32,32,0,12.38,Received
PO-480101,94,SUP-104,B000060,YYC1,2026-06-18,2026-06-28,2026-06-27,96,83,1,14.56,Received
PO-480101,84,SUP-104,B000077,YWG2,2026-06-18,2026-06-28,2026-06-27,192,192,0,55.44,Received
PO-480101,83,SUP-104,B000088,YWG2,2026-06-18,2026-06-28,2026-06-27,75,75,0,22.27,Received
PO-480101,89,SUP-104,B000095,YEG3,2026-06-18,2026-06-28,2026-06-27,960,960,0,4.5,Received
PO-480101,79,SUP-104,B000140,YYZ4,2026-06-18,2026-06-28,2026-06-27,48,40,0,5.15,Received
PO-480101,90,SUP-104,B000150,YUL5,2026-06-18,2026-06-28,2026-06-27,8,7,0,2.47,Received
PO-480101,82,SUP-104,B000168,YYC1,2026-06-18,2026-06-28,2026-06-27,96,96,0,8.87,Received
PO-480101,87,SUP-104,B000214,YUL5,2026-06-18,2026-06-28,2026-06-27,96,76,1,9.98,Received
PO-480101,78,SUP-104,B000256,YHZ1,2026-06-18,2026-06-28,2026-06-27,96,96,1,17.41,Received
PO-480101,93,SUP-104,B000257,YEG3,2026-06-18,2026-06-28,2026-06-27,1052,1052,6,12.7,Received
PO-480101,85,SUP-104,B000290,YVR2,2026-06-18,2026-06-28,2026-06-27,256,256,1,2.29,Received
PO-480101,92,SUP-104,B000367,YUL5,2026-06-18,2026-06-28,2026-06-27,323,323,2,4.19,Received
PO-480101,86,SUP-104,B000388,YEG3,2026-06-18,2026-06-28,2026-06-27,12,11,0,19.55,Received
PO-480101,91,SUP-104,B000390,YHZ1,2026-06-18,2026-06-28,2026-06-27,40,40,0,10.78,Received
PO-480101,80,SUP-104,B000412,YYZ4,2026-06-18,2026-06-28,2026-06-27,2058,2058,12,5.35,Received
PO-480101,81,SUP-104,B000417,YYC1,2026-06-18,2026-06-28,2026-06-27,6,6,0,17.43,Received
PO-480233,49,SUP-110,B000017,YHZ1,2026-06-18,2026-07-24,2026-08-03,10080,8707,13,37.04,Received
PO-480233,46,SUP-110,B000020,YVR2,2026-06-18,2026-07-24,2026-08-03,66,66,2,26.71,Received
PO-480233,42,SUP-110,B000038,YWG2,2026-06-18,2026-07-24,2026-08-03,32,32,1,29.94,Received
PO-480233,40,SUP-110,B000050,YYZ4,2026-06-18,2026-07-24,2026-08-03,136,136,4,10.46,Received
PO-480233,45,SUP-110,B000082,YUL5,2026-06-18,2026-07-24,2026-08-03,2556,2556,109,43.59,Received
PO-480233,41,SUP-110,B000103,YYC1,2026-06-18,2026-07-24,2026-08-03,288,288,10,12.96,Received
PO-480233,43,SUP-110,B000303,YYZ4,2026-06-18,2026-07-24,2026-08-03,288,288,0,9.43,Received
PO-480233,44,SUP-110,B000325,YVR2,2026-06-18,2026-07-24,2026-08-03,1968,1968,85,11.69,Received
PO-480233,48,SUP-110,B000363,YYZ4,2026-06-18,2026-07-24,2026-08-03,48,48,0,18.43,Received
PO-480233,50,SUP-110,B000403,YHZ1,2026-06-18,2026-07-24,2026-08-03,230,230,8,32.5,Received
PO-480233,47,SUP-110,B000411,YUL5,2026-06-18,2026-07-24,2026-08-03,32,26,0,16.13,Received
PO-480102,2,SUP-104,B000077,YWG2,2026-06-20,2026-06-30,2026-06-30,192,192,1,55.44,Received
PO-480102,95,SUP-104,B000093,YUL5,2026-06-20,2026-06-30,2026-06-30,24,24,0,3.57,Received
PO-480102,97,SUP-104,B000095,YWG2,2026-06-20,2026-06-30,2026-06-30,432,378,3,4.5,Received
PO-480102,5,SUP-104,B000150,YYZ4,2026-06-20,2026-06-30,2026-06-30,48,48,0,2.47,Received
PO-480102,3,SUP-104,B000233,YYZ4,2026-06-20,2026-06-30,2026-06-30,36,36,0,30.93,Received
PO-480102,96,SUP-104,B000256,YYZ4,2026-06-20,2026-06-30,2026-06-30,96,96,0,17.41,Received
PO-480102,99,SUP-104,B000371,YUL5,2026-06-20,2026-06-30,2026-06-30,174,174,1,9.71,Received
PO-480102,4,SUP-104,B000388,YUL5,2026-06-20,2026-06-30,2026-06-30,30,30,0,19.55,Received
PO-480102,98,SUP-104,B000412,YEG3,2026-06-20,2026-06-30,2026-06-30,1164,1164,11,5.35,Received
PO-480102,1,SUP-104,B000417,YYC1,2026-06-20,2026-06-30,2026-06-30,6,6,0,17.43,Received
PO-480532,63,SUP-122,B000003,YYZ4,2026-06-20,2026-07-21,2026-07-24,540,540,2,116.68,Received
PO-480532,60,SUP-122,B000067,YWG2,2026-06-20,2026-07-21,2026-07-24,336,336,1,26.62,Received
PO-480532,61,SUP-122,B000141,YUL5,2026-06-20,2026-07-21,2026-07-24,84,84,1,44.89,Received
PO-480532,62,SUP-122,B000235,YHZ1,2026-06-20,2026-07-21,2026-07-24,24,24,0,59.11,Received
PO-480532,64,SUP-122,B000264,YVR2,2026-06-20,2026-07-21,2026-07-24,90,90,1,32.04,Received
PO-480532,59,SUP-122,B000271,YYZ4,2026-06-20,2026-07-21,2026-07-24,96,96,0,23.34,Received
PO-480532,56,SUP-122,B000285,YYZ4,2026-06-20,2026-07-21,2026-07-24,31,31,0,99.56,Received
PO-480532,58,SUP-122,B000341,YEG3,2026-06-20,2026-07-21,2026-07-24,4920,4920,6,57.14,Received
PO-480532,57,SUP-122,B000352,YVR2,2026-06-20,2026-07-21,2026-07-24,12,12,0,42.99,Received
PO-480103,7,SUP-104,B000088,YWG2,2026-06-21,2026-07-01,2026-06-29,131,131,1,22.27,Received
PO-480103,14,SUP-104,B000093,YUL5,2026-06-21,2026-07-01,2026-06-29,48,41,0,3.57,Received
PO-480103,8,SUP-104,B000095,YYC1,2026-06-21,2026-07-01,2026-06-29,1560,1560,15,4.5,Received
PO-480103,9,SUP-104,B000140,YVR2,2026-06-21,2026-07-01,2026-06-29,60,60,0,5.15,Received
PO-480103,10,SUP-104,B000168,YYC1,2026-06-21,2026-07-01,2026-06-29,36,36,0,8.87,Received
PO-480103,6,SUP-104,B000256,YYZ4,2026-06-21,2026-07-01,2026-06-29,96,96,0,17.41,Received
PO-480103,11,SUP-104,B000257,YYZ4,2026-06-21,2026-07-01,2026-06-29,3360,3360,18,12.7,Received
PO-480103,13,SUP-104,B000290,YYZ4,2026-06-21,2026-07-01,2026-06-29,1080,1080,10,2.29,Received
PO-480103,12,SUP-104,B000367,YEG3,2026-06-21,2026-07-01,2026-06-29,48,48,0,4.19,Received
PO-480103,15,SUP-104,B000417,YYC1,2026-06-21,2026-07-01,2026-06-29,6,6,0,17.43,Received
PO-480187,50,SUP-107,B000014,YYZ4,2026-06-21,2026-07-25,2026-07-11,192,192,1,22.31,Received
PO-480187,53,SUP-107,B000044,YYC1,2026-06-21,2026-07-25,2026-07-11,930,930,11,49.42,Received
PO-480187,51,SUP-107,B000064,YYZ4,2026-06-21,2026-07-25,2026-07-11,123,98,0,40.08,Received
PO-480187,46,SUP-107,B000104,YEG3,2026-06-21,2026-07-25,2026-07-11,30,30,0,16.04,Received
PO-480187,48,SUP-107,B000117,YEG3,2026-06-21,2026-07-25,2026-07-11,312,304,3,10.32,Received
PO-480187,55,SUP-107,B000121,YUL5,2026-06-21,2026-07-25,2026-07-11,15,15,0,27.65,Received
PO-480187,45,SUP-107,B000148,YHZ1,2026-06-21,2026-07-25,2026-07-11,276,276,3,21.53,Received
PO-480187,49,SUP-107,B000173,YVR2,2026-06-21,2026-07-25,2026-07-11,132,132,1,20.12,Received
PO-480187,47,SUP-107,B000350,YYC1,2026-06-21,2026-07-25,2026-07-11,192,192,2,48.35,Received
PO-480187,52,SUP-107,B000356,YYZ4,2026-06-21,2026-07-25,2026-07-11,432,432,2,30.35,Received
PO-480187,54,SUP-107,B000394,YWG2,2026-06-21,2026-07-25,2026-07-11,834,834,3,19.24,Received
PO-480438,68,SUP-118,B000069,YEG3,2026-06-21,2026-07-23,2026-07-10,228,228,0,11.1,Received
PO-480438,70,SUP-118,B000107,YUL5,2026-06-21,2026-07-23,2026-07-10,952,745,5,6.42,Received
PO-480438,69,SUP-118,B000108,YEG3,2026-06-21,2026-07-23,2026-07-10,1981,1918,10,27.52,Received
PO-480438,65,SUP-118,B000124,YYC1,2026-06-21,2026-07-23,2026-07-10,56,56,1,19.28,Received
PO-480438,67,SUP-118,B000156,YWG2,2026-06-21,2026-07-23,2026-07-10,570,570,6,14.32,Received
PO-480438,71,SUP-118,B000243,YUL5,2026-06-21,2026-07-23,2026-07-10,108,108,0,45.01,Received
PO-480438,73,SUP-118,B000327,YVR2,2026-06-21,2026-07-23,2026-07-10,30,30,0,45.86,Received
PO-480438,72,SUP-118,B000340,YVR2,2026-06-21,2026-07-23,2026-07-10,144,144,2,41.74,Received
PO-480438,66,SUP-118,B000372,YUL5,2026-06-21,2026-07-23,2026-07-10,345,291,4,17.44,Received
PO-480402,39,SUP-116,B000164,YHZ1,2026-06-26,2026-07-31,2026-08-06,160,160,1,52.28,Received
PO-480402,35,SUP-116,B000185,YHZ1,2026-06-26,2026-07-31,2026-08-06,720,720,0,23.78,Received
PO-480402,38,SUP-116,B000223,YUL5,2026-06-26,2026-07-31,2026-08-06,756,756,3,48.99,Received
PO-480402,40,SUP-116,B000234,YHZ1,2026-06-26,2026-07-31,2026-08-06,78,78,0,68.84,Received
PO-480402,36,SUP-116,B000318,YYZ4,2026-06-26,2026-07-31,2026-08-06,88,88,0,27.75,Received
PO-480402,37,SUP-116,B000335,YHZ1,2026-06-26,2026-07-31,2026-08-06,328,328,2,57.26,Received
PO-480346,15,SUP-113,B000009,YYZ4,2026-06-28,2026-07-14,2026-07-17,14,14,0,15.41,Received
PO-480346,11,SUP-113,B000028,YEG3,2026-06-28,2026-07-14,2026-07-17,21,21,0,33.32,Received
PO-480346,4,SUP-113,B000030,YUL5,2026-06-28,2026-07-14,2026-07-17,48,48,1,26.33,Received
PO-480346,10,SUP-113,B000063,YUL5,2026-06-28,2026-07-14,2026-07-17,300,300,2,20.49,Received
PO-480346,14,SUP-113,B000070,YVR2,2026-06-28,2026-07-14,2026-07-17,805,657,5,8.73,Received
PO-480346,6,SUP-113,B000136,YYZ4,2026-06-28,2026-07-14,2026-07-17,8,8,0,38.25,Received
PO-480346,7,SUP-113,B000154,YYZ4,2026-06-28,2026-07-14,2026-07-17,120,120,2,6.27,Received
PO-480346,13,SUP-113,B000176,YYZ4,2026-06-28,2026-07-14,2026-07-17,18,18,0,23.18,Received
PO-480346,18,SUP-113,B000182,YEG3,2026-06-28,2026-07-14,2026-07-17,768,667,5,8.68,Received
PO-480346,8,SUP-113,B000186,YYZ4,2026-06-28,2026-07-14,2026-07-17,24,24,0,7.27,Received
PO-480346,5,SUP-113,B000298,YYC1,2026-06-28,2026-07-14,2026-07-17,1248,1248,11,39.04,Received
PO-480346,17,SUP-113,B000326,YYC1,2026-06-28,2026-07-14,2026-07-17,216,216,1,9.48,Received
PO-480346,12,SUP-113,B000395,YHZ1,2026-06-28,2026-07-14,2026-07-17,36,36,0,9.53,Received
PO-480346,9,SUP-113,B000406,YHZ1,2026-06-28,2026-07-14,2026-07-17,330,330,5,12.22,Received
PO-480346,16,SUP-113,B000419,YUL5,2026-06-28,2026-07-14,2026-07-17,328,328,0,34.2,Received
PO-480168,97,SUP-106,B000021,YYZ4,2026-06-29,2026-07-23,2026-07-20,32,32,0,16.28,Received
PO-480168,99,SUP-106,B000029,YWG2,2026-06-29,2026-07-23,2026-07-20,184,146,1,12.43,Received
PO-480168,96,SUP-106,B000037,YYZ4,2026-06-29,2026-07-23,2026-07-20,30,30,1,22.46,Received
PO-480168,93,SUP-106,B000039,YVR2,2026-06-29,2026-07-23,2026-07-20,24,24,1,19.83,Received
PO-480168,94,SUP-106,B000066,YUL5,2026-06-29,2026-07-23,2026-07-20,2334,2334,27,24.86,Received
PO-480168,1,SUP-106,B000098,YHZ1,2026-06-29,2026-07-23,2026-07-20,36,36,1,13.55,Received
PO-480168,4,SUP-106,B000101,YUL5,2026-06-29,2026-07-23,2026-07-20,621,621,12,32.63,Received
PO-480168,5,SUP-106,B000127,YEG3,2026-06-29,2026-07-23,2026-07-20,150,150,2,15.81,Received
PO-480168,95,SUP-106,B000142,YYZ4,2026-06-29,2026-07-23,2026-07-20,144,144,2,12.57,Received
PO-480168,2,SUP-106,B000239,YYZ4,2026-06-29,2026-07-23,2026-07-20,96,96,1,12.84,Received
PO-480168,92,SUP-106,B000307,YUL5,2026-06-29,2026-07-23,2026-07-20,48,48,1,10.55,Received
PO-480168,3,SUP-106,B000362,YUL5,2026-06-29,2026-07-23,2026-07-20,180,180,2,52.53,Received
PO-480168,98,SUP-106,B000389,YYZ4,2026-06-29,2026-07-23,2026-07-20,216,216,6,28.39,Received
PO-480347,19,SUP-113,B000009,YYC1,2026-06-29,2026-07-15,2026-07-17,18,18,0,15.41,Received
PO-480347,24,SUP-113,B000059,YYC1,2026-06-29,2026-07-15,2026-07-17,240,240,1,55.06,Received
PO-480347,20,SUP-113,B000063,YEG3,2026-06-29,2026-07-15,2026-07-17,143,143,2,20.49,Received
PO-480347,26,SUP-113,B000135,YYC1,2026-06-29,2026-07-15,2026-07-17,210,210,4,13.09,Received
PO-480347,27,SUP-113,B000136,YYZ4,2026-06-29,2026-07-15,2026-07-17,8,8,0,38.25,Received
PO-480347,22,SUP-113,B000154,YUL5,2026-06-29,2026-07-15,2026-07-17,168,168,2,6.27,Received
PO-480347,23,SUP-113,B000182,YYC1,2026-06-29,2026-07-15,2026-07-17,1212,1212,19,8.68,Received
PO-480347,21,SUP-113,B000231,YYZ4,2026-06-29,2026-07-15,2026-07-17,78,78,2,17.01,Received
PO-480347,28,SUP-113,B000326,YUL5,2026-06-29,2026-07-15,2026-07-17,648,545,1,9.48,Received
PO-480347,25,SUP-113,B000406,YHZ1,2026-06-29,2026-07-15,2026-07-17,47,47,0,12.22,Received
PO-480188,60,SUP-107,B000014,YYZ4,2026-06-30,2026-08-03,2026-08-08,96,96,1,22.31,Received
PO-480188,63,SUP-107,B000044,YYZ4,2026-06-30,2026-08-03,2026-08-08,972,972,10,49.42,Received
PO-480188,57,SUP-107,B000064,YEG3,2026-06-30,2026-08-03,2026-08-08,82,82,1,40.08,Received
PO-480188,67,SUP-107,B000085,YYC1,2026-06-30,2026-08-03,2026-08-08,120,120,0,85.16,Received
PO-480188,68,SUP-107,B000104,YVR2,2026-06-30,2026-08-03,2026-08-08,66,61,0,16.04,Received
PO-480188,66,SUP-107,B000114,YYC1,2026-06-30,2026-08-03,2026-08-08,184,184,1,74.15,Received
PO-480188,61,SUP-107,B000117,YEG3,2026-06-30,2026-08-03,2026-08-08,48,48,0,10.32,Received
PO-480188,58,SUP-107,B000121,YYZ4,2026-06-30,2026-08-03,2026-08-08,7,7,0,27.65,Received
PO-480188,56,SUP-107,B000148,YYZ4,2026-06-30,2026-08-03,2026-08-08,396,316,3,21.53,Received
PO-480188,65,SUP-107,B000173,YYZ4,2026-06-30,2026-08-03,2026-08-08,36,35,0,20.12,Received
PO-480188,70,SUP-107,B000200,YUL5,2026-06-30,2026-08-03,2026-08-08,24,22,0,42.44,Received
PO-480188,59,SUP-107,B000336,YEG3,2026-06-30,2026-08-03,2026-08-08,108,95,0,61.89,Received
PO-480188,64,SUP-107,B000350,YYZ4,2026-06-30,2026-08-03,2026-08-08,192,192,2,48.35,Received
PO-480188,69,SUP-107,B000356,YYZ4,2026-06-30,2026-08-03,2026-08-08,90,90,1,30.35,Received
PO-480188,62,SUP-107,B000394,YHZ1,2026-06-30,2026-08-03,2026-08-08,462,462,2,19.24,Received
PO-480403,41,SUP-116,B000179,YHZ1,2026-06-30,2026-08-04,2026-07-29,46,46,0,62.15,Received
PO-480403,46,SUP-116,B000228,YYZ4,2026-06-30,2026-08-04,2026-07-29,252,252,1,51.13,Received
PO-480403,42,SUP-116,B000234,YYC1,2026-06-30,2026-08-04,2026-07-29,19,19,0,68.84,Received
PO-480403,47,SUP-116,B000240,YEG3,2026-06-30,2026-08-04,2026-07-29,1748,1748,12,9.44,Received
PO-480403,44,SUP-116,B000335,YYZ4,2026-06-30,2026-08-04,2026-07-29,296,296,2,57.26,Received
PO-480403,45,SUP-116,B000358,YYC1,2026-06-30,2026-08-04,2026-07-29,103,103,0,85.05,Received
PO-480403,43,SUP-116,B000401,YYZ4,2026-06-30,2026-08-04,2026-07-29,129,129,0,26.64,Received
PO-480458,85,SUP-119,B000018,YYZ4,2026-07-02,2026-08-01,2026-08-10,18,18,0,15.1,Received
PO-480458,79,SUP-119,B000032,YYZ4,2026-07-02,2026-08-01,2026-08-10,18,18,0,10.45,Received
PO-480458,81,SUP-119,B000049,YVR2,2026-07-02,2026-08-01,2026-08-10,64,64,1,9.82,Received
PO-480458,82,SUP-119,B000073,YYZ4,2026-07-02,2026-08-01,2026-08-10,120,120,1,4.65,Received
PO-480458,80,SUP-119,B000112,YYZ4,2026-07-02,2026-08-01,2026-08-10,96,96,1,43.81,Received
PO-480458,84,SUP-119,B000125,YYC1,2026-07-02,2026-08-01,2026-08-10,412,412,7,8.87,Received
PO-480458,87,SUP-119,B000159,YUL5,2026-07-02,2026-08-01,2026-08-10,196,196,5,5.08,Received
PO-480458,88,SUP-119,B000206,YVR2,2026-07-02,2026-08-01,2026-08-10,32,32,0,15.92,Received
PO-480458,83,SUP-119,B000331,YYC1,2026-07-02,2026-08-01,2026-08-10,12,12,0,5.86,Received
PO-480458,86,SUP-119,B000386,YYZ4,2026-07-02,2026-08-01,2026-08-10,24,20,0,3.34,Received
PO-480459,90,SUP-119,B000013,YUL5,2026-07-03,2026-08-02,2026-08-11,192,192,2,7.12,Received
PO-480459,95,SUP-119,B000018,YHZ1,2026-07-03,2026-08-02,2026-08-11,30,30,1,15.1,Received
PO-480459,99,SUP-119,B000032,YWG2,2026-07-03,2026-08-02,2026-08-11,12,11,0,10.45,Received
PO-480459,1,SUP-119,B000049,YVR2,2026-07-03,2026-08-02,2026-08-11,64,64,1,9.82,Received
PO-480459,92,SUP-119,B000073,YYZ4,2026-07-03,2026-08-02,2026-08-11,72,72,2,4.65,Received
PO-480459,91,SUP-119,B000112,YYZ4,2026-07-03,2026-08-02,2026-08-11,144,144,2,43.81,Received
PO-480459,89,SUP-119,B000125,YYZ4,2026-07-03,2026-08-02,2026-08-11,400,400,7,8.87,Received
PO-480459,93,SUP-119,B000159,YYC1,2026-07-03,2026-08-02,2026-08-11,860,841,14,5.08,Received
PO-480459,96,SUP-119,B000175,YWG2,2026-07-03,2026-08-02,2026-08-11,180,180,4,13.44,Received
PO-480459,98,SUP-119,B000206,YYZ4,2026-07-03,2026-08-02,2026-08-11,56,56,1,15.92,Received
PO-480459,97,SUP-119,B000331,YYC1,2026-07-03,2026-08-02,2026-08-11,12,12,0,5.86,Received
PO-480459,94,SUP-119,B000386,YHZ1,2026-07-03,2026-08-02,2026-08-11,24,24,1,3.34,Received
PO-480404,56,SUP-116,B000164,YYZ4,2026-07-04,2026-08-08,2026-07-27,264,264,2,52.28,Received
PO-480404,59,SUP-116,B000179,YVR2,2026-07-04,2026-08-08,2026-07-27,134,134,0,62.15,Received
PO-480404,57,SUP-116,B000185,YYZ4,2026-07-04,2026-08-08,2026-07-27,384,384,0,23.78,Received
PO-480404,52,SUP-116,B000223,YUL5,2026-07-04,2026-08-08,2026-07-27,288,288,2,48.99,Received
PO-480404,50,SUP-116,B000228,YYZ4,2026-07-04,2026-08-08,2026-07-27,336,336,2,51.13,Received
PO-480404,48,SUP-116,B000234,YYZ4,2026-07-04,2026-08-08,2026-07-27,27,27,0,68.84,Received
PO-480404,54,SUP-116,B000240,YYZ4,2026-07-04,2026-08-08,2026-07-27,652,652,4,9.44,Received
PO-480404,55,SUP-116,B000318,YWG2,2026-07-04,2026-08-08,2026-07-27,164,164,1,27.75,Received
PO-480404,60,SUP-116,B000335,YEG3,2026-07-04,2026-08-08,2026-07-27,588,588,1,57.26,Received
PO-480404,49,SUP-116,B000358,YYZ4,2026-07-04,2026-08-08,2026-07-27,240,240,0,85.05,Received
PO-480404,53,SUP-116,B000360,YEG3,2026-07-04,2026-08-08,2026-07-27,160,160,1,13.52,Received
PO-480404,58,SUP-116,B000375,YVR2,2026-07-04,2026-08-08,2026-07-27,284,284,0,81.72,Received
PO-480404,61,SUP-116,B000384,YYZ4,2026-07-04,2026-08-08,2026-07-27,60,60,0,152.21,Received
PO-480404,51,SUP-116,B000401,YHZ1,2026-07-04,2026-08-08,2026-07-27,40,32,0,26.64,Received
PO-480140,68,SUP-105,B000071,YVR2,2026-07-05,2026-07-14,2026-07-14,48,48,0,52.68,Received
PO-480140,76,SUP-105,B000092,YYC1,2026-07-05,2026-07-14,2026-07-14,48,48,0,37.96,Received
PO-480140,69,SUP-105,B000097,YYZ4,2026-07-05,2026-07-14,2026-07-14,48,45,0,48.69,Received
PO-480140,70,SUP-105,B000153,YUL5,2026-07-05,2026-07-14,2026-07-14,636,505,1,9.61,Received
PO-480140,75,SUP-105,B000213,YVR2,2026-07-05,2026-07-14,2026-07-14,276,276,1,46.02,Received
PO-480140,71,SUP-105,B000259,YUL5,2026-07-05,2026-07-14,2026-07-14,33,33,0,17.17,Received
PO-480140,73,SUP-105,B000263,YVR2,2026-07-05,2026-07-14,2026-07-14,436,436,2,50.34,Received
PO-480140,74,SUP-105,B000308,YUL5,2026-07-05,2026-07-14,2026-07-14,144,144,1,10.93,Received
PO-480140,77,SUP-105,B000320,YYZ4,2026-07-05,2026-07-14,2026-07-14,60,60,0,15.12,Received
PO-480140,72,SUP-105,B000410,YYZ4,2026-07-05,2026-07-14,2026-07-14,96,93,0,31.02,Received
PO-480169,20,SUP-106,B000021,YYZ4,2026-07-05,2026-07-29,2026-07-30,16,16,0,16.28,Received
PO-480169,17,SUP-106,B000033,YYZ4,2026-07-05,2026-07-29,2026-07-30,240,240,7,25.32,Received
PO-480169,19,SUP-106,B000037,YEG3,2026-07-05,2026-07-29,2026-07-30,42,42,0,22.46,Received
PO-480169,6,SUP-106,B000039,YVR2,2026-07-05,2026-07-29,2026-07-30,36,36,1,19.83,Received
PO-480169,7,SUP-106,B000098,YHZ1,2026-07-05,2026-07-29,2026-07-30,36,36,1,13.55,Received
PO-480169,12,SUP-106,B000101,YUL5,2026-07-05,2026-07-29,2026-07-30,292,292,3,32.63,Received
PO-480169,13,SUP-106,B000127,YYZ4,2026-07-05,2026-07-29,2026-07-30,102,84,0,15.81,Received
PO-480169,18,SUP-106,B000142,YVR2,2026-07-05,2026-07-29,2026-07-30,198,198,3,12.57,Received
PO-480169,14,SUP-106,B000202,YEG3,2026-07-05,2026-07-29,2026-07-30,1416,1416,13,26.75,Received
PO-480169,16,SUP-106,B000239,YYZ4,2026-07-05,2026-07-29,2026-07-30,96,96,2,12.84,Received
PO-480169,21,SUP-106,B000251,YYZ4,2026-07-05,2026-07-29,2026-07-30,25,25,0,12.22,Received
PO-480169,8,SUP-106,B000255,YHZ1,2026-07-05,2026-07-29,2026-07-30,24,24,0,18.41,Received
PO-480169,11,SUP-106,B000301,YYZ4,2026-07-05,2026-07-29,2026-07-30,88,88,1,37.32,Received
PO-480169,22,SUP-106,B000309,YHZ1,2026-07-05,2026-07-29,2026-07-30,296,296,5,6.6,Received
PO-480169,15,SUP-106,B000316,YYZ4,2026-07-05,2026-07-29,2026-07-30,64,64,1,11.05,Received
PO-480169,23,SUP-106,B000319,YEG3,2026-07-05,2026-07-29,2026-07-30,84,84,1,45.53,Received
PO-480169,9,SUP-106,B000362,YVR2,2026-07-05,2026-07-29,2026-07-30,924,798,19,52.53,Received
PO-480169,10,SUP-106,B000389,YYZ4,2026-07-05,2026-07-29,2026-07-30,48,48,0,28.39,Received
PO-480348,36,SUP-113,B000009,YYZ4,2026-07-06,2026-07-22,2026-07-29,76,76,0,15.41,Received
PO-480348,38,SUP-113,B000028,YEG3,2026-07-06,2026-07-22,2026-07-29,19,19,0,33.32,Received
PO-480348,40,SUP-113,B000030,YEG3,2026-07-06,2026-07-22,2026-07-29,72,72,0,26.33,Received
PO-480348,34,SUP-113,B000059,YYZ4,2026-07-06,2026-07-22,2026-07-29,522,522,4,55.06,Received
PO-480348,43,SUP-113,B000070,YEG3,2026-07-06,2026-07-22,2026-07-29,811,811,6,8.73,Received
PO-480348,37,SUP-113,B000078,YWG2,2026-07-06,2026-07-22,2026-07-29,12,10,0,172.65,Received
PO-480348,33,SUP-113,B000091,YYC1,2026-07-06,2026-07-22,2026-07-29,24,24,0,40.85,Received
PO-480348,29,SUP-113,B000135,YVR2,2026-07-06,2026-07-22,2026-07-29,126,126,1,13.09,Received
PO-480348,41,SUP-113,B000176,YYZ4,2026-07-06,2026-07-22,2026-07-29,12,12,0,23.18,Received
PO-480348,42,SUP-113,B000186,YYZ4,2026-07-06,2026-07-22,2026-07-29,24,24,0,7.27,Received
PO-480348,39,SUP-113,B000198,YYZ4,2026-07-06,2026-07-22,2026-07-29,588,488,2,27.58,Received
PO-480348,30,SUP-113,B000231,YYZ4,2026-07-06,2026-07-22,2026-07-29,216,216,1,17.01,Received
PO-480348,35,SUP-113,B000326,YVR2,2026-07-06,2026-07-22,2026-07-29,264,264,4,9.48,Received
PO-480348,32,SUP-113,B000334,YVR2,2026-07-06,2026-07-22,2026-07-29,32,32,0,8.22,Received
PO-480348,31,SUP-113,B000406,YHZ1,2026-07-06,2026-07-22,2026-07-29,75,75,1,12.22,Received
PO-480014,53,SUP-101,B000031,YYZ4,2026-07-07,2026-08-18,2026-08-29,618,618,15,50.63,Received
PO-480014,46,SUP-101,B000042,YYZ4,2026-07-07,2026-08-18,2026-08-29,64,64,0,22.73,Received
PO-480014,42,SUP-101,B000132,YWG2,2026-07-07,2026-08-18,2026-08-29,978,978,3,36.4,Received
PO-480014,51,SUP-101,B000163,YYC1,2026-07-07,2026-08-18,2026-08-29,112,112,0,17.6,Received
PO-480014,49,SUP-101,B000266,YYZ4,2026-07-07,2026-08-18,2026-08-29,111,111,3,77.37,Received
PO-480014,43,SUP-101,B000275,YYZ4,2026-07-07,2026-08-18,2026-08-29,4,4,0,27.48,Received
PO-480014,48,SUP-101,B000279,YHZ1,2026-07-07,2026-08-18,2026-08-29,92,92,2,30.79,Received
PO-480014,47,SUP-101,B000281,YEG3,2026-07-07,2026-08-18,2026-08-29,224,224,7,27.43,Received
PO-480014,45,SUP-101,B000349,YYZ4,2026-07-07,2026-08-18,2026-08-29,420,420,13,53.59,Received
PO-480014,52,SUP-101,B000364,YYZ4,2026-07-07,2026-08-18,2026-08-29,240,240,4,60.7,Received
PO-480014,50,SUP-101,B000366,YYZ4,2026-07-07,2026-08-18,2026-08-29,1096,1096,30,36.73,Received
PO-480014,44,SUP-101,B000370,YHZ1,2026-07-07,2026-08-18,2026-08-29,544,544,9,28.99,Received
PO-480383,7,SUP-115,B000010,YHZ1,2026-07-10,2026-08-12,2026-08-07,4620,4620,4,22.5,Received
PO-480383,8,SUP-115,B000040,YWG2,2026-07-10,2026-08-12,2026-08-07,426,426,6,78.85,Received
PO-480383,9,SUP-115,B000053,YYZ4,2026-07-10,2026-08-12,2026-08-07,48,48,1,15.69,Received
PO-480383,11,SUP-115,B000157,YEG3,2026-07-10,2026-08-12,2026-08-07,144,144,2,58.52,Received
PO-480383,6,SUP-115,B000244,YYZ4,2026-07-10,2026-08-12,2026-08-07,1248,1248,2,31.25,Received
PO-480383,10,SUP-115,B000300,YYZ4,2026-07-10,2026-08-12,2026-08-07,84,84,0,30.93,Received
PO-480383,5,SUP-115,B000333,YUL5,2026-07-10,2026-08-12,2026-08-07,410,410,0,53.66,Received
PO-480141,90,SUP-105,B000023,YYZ4,2026-07-12,2026-07-21,2026-07-22,16,16,0,55.53,Received
PO-480141,89,SUP-105,B000025,YYZ4,2026-07-12,2026-07-21,2026-07-22,56,56,0,34.44,Received
PO-480141,79,SUP-105,B000043,YHZ1,2026-07-12,2026-07-21,2026-07-22,20,20,0,81.24,Received
PO-480141,78,SUP-105,B000092,YUL5,2026-07-12,2026-07-21,2026-07-22,48,38,0,37.96,Received
PO-480141,87,SUP-105,B000097,YYZ4,2026-07-12,2026-07-21,2026-07-22,60,60,0,48.69,Received
PO-480141,80,SUP-105,B000213,YVR2,2026-07-12,2026-07-21,2026-07-22,196,196,0,46.02,Received
PO-480141,86,SUP-105,B000216,YYZ4,2026-07-12,2026-07-21,2026-07-22,816,816,3,49.89,Received
PO-480141,81,SUP-105,B000259,YYC1,2026-07-12,2026-07-21,2026-07-22,31,30,0,17.17,Received
PO-480141,91,SUP-105,B000263,YYZ4,2026-07-12,2026-07-21,2026-07-22,240,240,1,50.34,Received
PO-480141,82,SUP-105,B000282,YYZ4,2026-07-12,2026-07-21,2026-07-22,411,411,2,55.18,Received
PO-480141,84,SUP-105,B000308,YEG3,2026-07-12,2026-07-21,2026-07-22,48,44,0,10.93,Received
PO-480141,85,SUP-105,B000320,YYC1,2026-07-12,2026-07-21,2026-07-22,120,120,1,15.12,Received
PO-480141,83,SUP-105,B000369,YEG3,2026-07-12,2026-07-21,2026-07-22,48,48,0,12.66,Received
PO-480141,88,SUP-105,B000410,YHZ1,2026-07-12,2026-07-21,2026-07-22,96,96,1,31.02,Received
PO-480533,69,SUP-122,B000003,YVR2,2026-07-12,2026-08-12,2026-08-14,192,192,1,116.68,Received
PO-480533,65,SUP-122,B000141,YWG2,2026-07-12,2026-08-12,2026-08-14,236,236,0,44.89,Received
PO-480533,66,SUP-122,B000235,YVR2,2026-07-12,2026-08-12,2026-08-14,64,64,0,59.11,Received
PO-480533,70,SUP-122,B000264,YYZ4,2026-07-12,2026-08-12,2026-08-14,210,210,1,32.04,Received
PO-480533,68,SUP-122,B000341,YWG2,2026-07-12,2026-08-12,2026-08-14,2262,2262,10,57.14,Received
PO-480533,67,SUP-122,B000352,YHZ1,2026-07-12,2026-08-12,2026-08-14,36,36,0,42.99,Received
PO-480189,82,SUP-107,B000014,YYZ4,2026-07-13,2026-08-16,2026-08-27,384,384,3,22.31,Received
PO-480189,85,SUP-107,B000044,YYC1,2026-07-13,2026-08-16,2026-08-27,144,144,1,49.42,Received
PO-480189,74,SUP-107,B000064,YYZ4,2026-07-13,2026-08-16,2026-08-27,114,110,1,40.08,Received
PO-480189,78,SUP-107,B000085,YYC1,2026-07-13,2026-08-16,2026-08-27,414,414,4,85.16,Received
PO-480189,72,SUP-107,B000104,YVR2,2026-07-13,2026-08-16,2026-08-27,108,108,1,16.04,Received
PO-480189,71,SUP-107,B000114,YYC1,2026-07-13,2026-08-16,2026-08-27,244,244,1,74.15,Received
PO-480189,83,SUP-107,B000117,YEG3,2026-07-13,2026-08-16,2026-08-27,264,264,2,10.32,Received
PO-480189,77,SUP-107,B000121,YYZ4,2026-07-13,2026-08-16,2026-08-27,6,6,0,27.65,Received
PO-480189,76,SUP-107,B000148,YYZ4,2026-07-13,2026-08-16,2026-08-27,564,564,2,21.53,Received
PO-480189,75,SUP-107,B000173,YYC1,2026-07-13,2026-08-16,2026-08-27,144,144,1,20.12,Received
PO-480189,84,SUP-107,B000200,YUL5,2026-07-13,2026-08-16,2026-08-27,132,132,1,42.44,Received
PO-480189,73,SUP-107,B000336,YUL5,2026-07-13,2026-08-16,2026-08-27,42,42,0,61.89,Received
PO-480189,79,SUP-107,B000350,YYC1,2026-07-13,2026-08-16,2026-08-27,192,192,1,48.35,Received
PO-480189,80,SUP-107,B000356,YUL5,2026-07-13,2026-08-16,2026-08-27,108,108,1,30.35,Received
PO-480189,81,SUP-107,B000394,YUL5,2026-07-13,2026-08-16,2026-08-27,1284,1284,11,19.24,Received
PO-480234,58,SUP-110,B000017,YYZ4,2026-07-15,2026-08-20,2026-08-14,5568,5568,164,37.04,Received
PO-480234,68,SUP-110,B000020,YYZ4,2026-07-15,2026-08-20,2026-08-14,126,126,5,26.71,Received
PO-480234,63,SUP-110,B000038,YWG2,2026-07-15,2026-08-20,2026-08-14,40,40,1,29.94,Received
PO-480234,67,SUP-110,B000050,YYZ4,2026-07-15,2026-08-20,2026-08-14,128,128,2,10.46,Received
PO-480234,61,SUP-110,B000082,YYZ4,2026-07-15,2026-08-20,2026-08-14,1872,1872,77,43.59,Received
PO-480234,62,SUP-110,B000094,YYC1,2026-07-15,2026-08-20,2026-08-14,928,928,40,14.88,Received
PO-480234,64,SUP-110,B000103,YYZ4,2026-07-15,2026-08-20,2026-08-14,336,336,13,12.96,Received
PO-480234,65,SUP-110,B000113,YVR2,2026-07-15,2026-08-20,2026-08-14,240,240,10,5.59,Received
PO-480234,55,SUP-110,B000158,YUL5,2026-07-15,2026-08-20,2026-08-14,136,115,5,23.4,Received
PO-480234,53,SUP-110,B000183,YYC1,2026-07-15,2026-08-20,2026-08-14,156,156,1,21.45,Received
PO-480234,57,SUP-110,B000184,YVR2,2026-07-15,2026-08-20,2026-08-14,5076,5076,64,18.21,Received
PO-480234,52,SUP-110,B000303,YVR2,2026-07-15,2026-08-20,2026-08-14,384,384,2,9.43,Received
PO-480234,60,SUP-110,B000344,YEG3,2026-07-15,2026-08-20,2026-08-14,468,468,20,25.74,Received
PO-480234,51,SUP-110,B000347,YYC1,2026-07-15,2026-08-20,2026-08-14,80,66,1,8.39,Received
PO-480234,59,SUP-110,B000363,YYZ4,2026-07-15,2026-08-20,2026-08-14,36,36,1,18.43,Received
PO-480234,56,SUP-110,B000379,YYC1,2026-07-15,2026-08-20,2026-08-14,316,316,12,6.69,Received
PO-480234,66,SUP-110,B000407,YUL5,2026-07-15,2026-08-20,2026-08-14,2432,2305,54,13.84,Received
PO-480234,54,SUP-110,B000411,YYZ4,2026-07-15,2026-08-20,2026-08-14,32,32,1,16.13,Received
PO-480308,80,SUP-112,B000061,YYZ4,2026-07-15,2026-07-29,2026-08-03,54,54,1,9.8,Received
PO-480308,77,SUP-112,B000087,YUL5,2026-07-15,2026-07-29,2026-08-03,328,328,5,35.54,Received
PO-480308,73,SUP-112,B000143,YYZ4,2026-07-15,2026-07-29,2026-08-03,919,919,12,6.49,Received
PO-480308,76,SUP-112,B000151,YUL5,2026-07-15,2026-07-29,2026-08-03,464,464,2,10.75,Received
PO-480308,78,SUP-112,B000192,YYC1,2026-07-15,2026-07-29,2026-08-03,13,11,0,35.26,Received
PO-480308,79,SUP-112,B000224,YYZ4,2026-07-15,2026-07-29,2026-08-03,192,192,2,5.13,Received
PO-480308,74,SUP-112,B000248,YUL5,2026-07-15,2026-07-29,2026-08-03,49,49,0,20.2,Received
PO-480308,82,SUP-112,B000292,YUL5,2026-07-15,2026-07-29,2026-08-03,66,66,1,32.23,Received
PO-480308,81,SUP-112,B000304,YYC1,2026-07-15,2026-07-29,2026-08-03,579,579,4,13.26,Received
PO-480308,75,SUP-112,B000339,YVR2,2026-07-15,2026-07-29,2026-08-03,640,640,8,17.86,Received
PO-480104,25,SUP-104,B000054,YYZ4,2026-07-19,2026-07-29,2026-07-28,32,29,0,12.38,Received
PO-480104,27,SUP-104,B000077,YWG2,2026-07-19,2026-07-29,2026-07-28,192,192,1,55.44,Received
PO-480104,23,SUP-104,B000088,YWG2,2026-07-19,2026-07-29,2026-07-28,73,68,0,22.27,Received
PO-480104,20,SUP-104,B000095,YVR2,2026-07-19,2026-07-29,2026-07-28,600,600,1,4.5,Received
PO-480104,22,SUP-104,B000140,YYZ4,2026-07-19,2026-07-29,2026-07-28,144,144,1,5.15,Received
PO-480104,30,SUP-104,B000150,YYZ4,2026-07-19,2026-07-29,2026-07-28,16,16,0,2.47,Received
PO-480104,17,SUP-104,B000168,YYC1,2026-07-19,2026-07-29,2026-07-28,24,23,0,8.87,Received
PO-480104,26,SUP-104,B000214,YUL5,2026-07-19,2026-07-29,2026-07-28,96,96,1,9.98,Received
PO-480104,21,SUP-104,B000256,YWG2,2026-07-19,2026-07-29,2026-07-28,96,96,1,17.41,Received
PO-480104,28,SUP-104,B000257,YUL5,2026-07-19,2026-07-29,2026-07-28,1864,1675,7,12.7,Received
PO-480104,18,SUP-104,B000290,YYZ4,2026-07-19,2026-07-29,2026-07-28,216,216,2,2.29,Received
PO-480104,24,SUP-104,B000371,YUL5,2026-07-19,2026-07-29,2026-07-28,30,30,0,9.71,Received
PO-480104,16,SUP-104,B000388,YEG3,2026-07-19,2026-07-29,2026-07-28,108,108,1,19.55,Received
PO-480104,19,SUP-104,B000390,YYZ4,2026-07-19,2026-07-29,2026-07-28,118,118,0,10.78,Received
PO-480104,29,SUP-104,B000412,YWG2,2026-07-19,2026-07-29,2026-07-28,1050,1050,8,5.35,Received
PO-480309,87,SUP-112,B000026,YYC1,2026-07-19,2026-08-02,2026-08-02,48,48,0,18.63,Received
PO-480309,83,SUP-112,B000061,YYZ4,2026-07-19,2026-08-02,2026-08-02,72,72,0,9.8,Received
PO-480309,88,SUP-112,B000146,YWG2,2026-07-19,2026-08-02,2026-08-02,344,344,1,22.0,Received
PO-480309,85,SUP-112,B000151,YYZ4,2026-07-19,2026-08-02,2026-08-02,395,395,2,10.75,Received
PO-480309,86,SUP-112,B000167,YYZ4,2026-07-19,2026-08-02,2026-08-02,48,48,0,7.6,Received
PO-480309,92,SUP-112,B000204,YUL5,2026-07-19,2026-08-02,2026-08-02,132,132,0,25.35,Received
PO-480309,84,SUP-112,B000242,YUL5,2026-07-19,2026-08-02,2026-08-02,732,732,7,7.44,Received
PO-480309,93,SUP-112,B000272,YYZ4,2026-07-19,2026-08-02,2026-08-02,24,24,0,5.34,Received
PO-480309,89,SUP-112,B000286,YYC1,2026-07-19,2026-08-02,2026-08-02,168,168,1,43.29,Received
PO-480309,90,SUP-112,B000297,YYZ4,2026-07-19,2026-08-02,2026-08-02,8,8,0,20.76,Received
PO-480309,91,SUP-112,B000393,YYZ4,2026-07-19,2026-08-02,2026-08-02,48,48,0,36.15,Received
PO-480309,94,SUP-112,B000416,YWG2,2026-07-19,2026-08-02,2026-08-02,1338,1338,5,26.43,Received
PO-480027,25,SUP-102,B000074,YYC1,2026-07-20,2026-09-04,,1004,0,0,11.14,In Transit
PO-480027,27,SUP-102,B000075,YVR2,2026-07-20,2026-09-04,,471,0,0,56.39,In Transit
PO-480027,26,SUP-102,B000115,YEG3,2026-07-20,2026-09-04,,2688,0,0,32.44,In Transit
PO-480027,28,SUP-102,B000131,YYZ4,2026-07-20,2026-09-04,,88,0,0,72.17,In Transit
PO-480027,21,SUP-102,B000252,YYZ4,2026-07-20,2026-09-04,,68,0,0,52.05,In Transit
PO-480027,29,SUP-102,B000267,YYC1,2026-07-20,2026-09-04,,384,0,0,35.69,In Transit
PO-480027,22,SUP-102,B000317,YYZ4,2026-07-20,2026-09-04,,452,0,0,16.4,In Transit
PO-480027,24,SUP-102,B000346,YYC1,2026-07-20,2026-09-04,,1280,0,0,26.44,In Transit
PO-480027,23,SUP-102,B000391,YYC1,2026-07-20,2026-09-04,,2244,0,0,28.53,In Transit
PO-480217,45,SUP-109,B000056,YWG2,2026-07-22,2026-09-08,,972,0,0,224.05,In Transit
PO-480217,53,SUP-109,B000137,YYZ4,2026-07-22,2026-09-08,,176,0,0,104.11,In Transit
PO-480217,48,SUP-109,B000171,YYZ4,2026-07-22,2026-09-08,,1464,0,0,99.79,In Transit
PO-480217,52,SUP-109,B000181,YYC1,2026-07-22,2026-09-08,,1128,0,0,54.45,In Transit
PO-480217,54,SUP-109,B000211,YYZ4,2026-07-22,2026-09-08,,1048,0,0,42.79,In Transit
PO-480217,43,SUP-109,B000219,YYZ4,2026-07-22,2026-09-08,,12,0,0,32.21,In Transit
PO-480217,44,SUP-109,B000260,YYZ4,2026-07-22,2026-09-08,,8,0,0,27.53,In Transit
PO-480217,47,SUP-109,B000262,YYC1,2026-07-22,2026-09-08,,2386,0,0,79.31,In Transit
PO-480217,49,SUP-109,B000277,YYZ4,2026-07-22,2026-09-08,,208,0,0,37.83,In Transit
PO-480217,46,SUP-109,B000289,YUL5,2026-07-22,2026-09-08,,814,0,0,33.98,In Transit
PO-480217,55,SUP-109,B000314,YUL5,2026-07-22,2026-09-08,,176,0,0,39.46,In Transit
PO-480217,51,SUP-109,B000343,YYZ4,2026-07-22,2026-09-08,,384,0,0,128.75,In Transit
PO-480217,50,SUP-109,B000405,YVR2,2026-07-22,2026-09-08,,414,0,0,81.28,In Transit
PO-480439,77,SUP-118,B000027,YYZ4,2026-07-22,2026-08-23,2026-08-08,24,24,0,12.44,Received
PO-480439,78,SUP-118,B000069,YYZ4,2026-07-22,2026-08-23,2026-08-08,348,339,2,11.1,Received
PO-480439,76,SUP-118,B000124,YYZ4,2026-07-22,2026-08-23,2026-08-08,120,120,1,19.28,Received
PO-480439,82,SUP-118,B000156,YYC1,2026-07-22,2026-08-23,2026-08-08,2592,2592,27,14.32,Received
PO-480439,75,SUP-118,B000166,YHZ1,2026-07-22,2026-08-23,2026-08-08,168,168,3,22.72,Received
PO-480439,74,SUP-118,B000237,YHZ1,2026-07-22,2026-08-23,2026-08-08,88,88,2,34.69,Received
PO-480439,79,SUP-118,B000238,YHZ1,2026-07-22,2026-08-23,2026-08-08,236,236,1,33.37,Received
PO-480439,81,SUP-118,B000330,YUL5,2026-07-22,2026-08-23,2026-08-08,1488,1488,24,34.27,Received
PO-480439,80,SUP-118,B000340,YYC1,2026-07-22,2026-08-23,2026-08-08,128,128,1,41.74,Received
PO-480439,85,SUP-118,B000372,YHZ1,2026-07-22,2026-08-23,2026-08-08,223,223,1,17.44,Received
PO-480439,84,SUP-118,B000398,YYZ4,2026-07-22,2026-08-23,2026-08-08,119,119,0,25.87,Received
PO-480439,83,SUP-118,B000414,YHZ1,2026-07-22,2026-08-23,2026-08-08,720,720,3,32.56,Received
PO-480460,5,SUP-119,B000032,YWG2,2026-07-22,2026-08-21,2026-08-28,18,18,0,10.45,Received
PO-480460,8,SUP-119,B000049,YYZ4,2026-07-22,2026-08-21,2026-08-28,64,64,0,9.82,Received
PO-480460,6,SUP-119,B000073,YHZ1,2026-07-22,2026-08-21,2026-08-28,48,48,1,4.65,Received
PO-480460,9,SUP-119,B000112,YYZ4,2026-07-22,2026-08-21,2026-08-28,96,96,2,43.81,Received
PO-480460,3,SUP-119,B000175,YVR2,2026-07-22,2026-08-21,2026-08-28,300,300,2,13.44,Received
PO-480460,4,SUP-119,B000206,YVR2,2026-07-22,2026-08-21,2026-08-28,56,52,1,15.92,Received
PO-480460,7,SUP-119,B000331,YYZ4,2026-07-22,2026-08-21,2026-08-28,12,10,0,5.86,Received
PO-480460,2,SUP-119,B000386,YYZ4,2026-07-22,2026-08-21,2026-08-28,24,24,0,3.34,Received
PO-480206,35,SUP-108,B000084,YHZ1,2026-07-23,2026-08-30,,192,0,0,10.08,In Transit
PO-480206,36,SUP-108,B000254,YHZ1,2026-07-23,2026-08-30,,648,0,0,7.63,In Transit
PO-480206,32,SUP-108,B000268,YUL5,2026-07-23,2026-08-30,,27,0,0,24.53,In Transit
PO-480206,37,SUP-108,B000299,YVR2,2026-07-23,2026-08-30,,64,0,0,8.34,In Transit
PO-480206,34,SUP-108,B000332,YVR2,2026-07-23,2026-08-30,,168,0,0,37.15,In Transit
PO-480206,33,SUP-108,B000397,YYZ4,2026-07-23,2026-08-30,,144,0,0,29.7,In Transit
PO-480405,62,SUP-116,B000164,YHZ1,2026-07-24,2026-08-28,,104,0,0,52.28,In Transit
PO-480405,70,SUP-116,B000179,YHZ1,2026-07-24,2026-08-28,,116,0,0,62.15,In Transit
PO-480405,66,SUP-116,B000185,YEG3,2026-07-24,2026-08-28,,2832,0,0,23.78,In Transit
PO-480405,63,SUP-116,B000234,YYC1,2026-07-24,2026-08-28,,66,0,0,68.84,In Transit
PO-480405,64,SUP-116,B000318,YWG2,2026-07-24,2026-08-28,,192,0,0,27.75,In Transit
PO-480405,71,SUP-116,B000335,YHZ1,2026-07-24,2026-08-28,,628,0,0,57.26,In Transit
PO-480405,69,SUP-116,B000358,YUL5,2026-07-24,2026-08-28,,166,0,0,85.05,In Transit
PO-480405,67,SUP-116,B000375,YUL5,2026-07-24,2026-08-28,,176,0,0,81.72,In Transit
PO-480405,65,SUP-116,B000384,YYZ4,2026-07-24,2026-08-28,,215,0,0,152.21,In Transit
PO-480405,68,SUP-116,B000401,YYZ4,2026-07-24,2026-08-28,,175,0,0,26.64,In Transit
PO-480142,94,SUP-105,B000023,YYC1,2026-07-28,2026-08-06,2026-08-06,16,16,0,55.53,Received
PO-480142,95,SUP-105,B000216,YVR2,2026-07-28,2026-08-06,2026-08-06,564,564,2,49.89,Received
PO-480142,97,SUP-105,B000308,YYZ4,2026-07-28,2026-08-06,2026-08-06,48,48,0,10.93,Received
PO-480142,92,SUP-105,B000320,YYZ4,2026-07-28,2026-08-06,2026-08-06,48,48,0,15.12,Received
PO-480142,96,SUP-105,B000361,YYC1,2026-07-28,2026-08-06,2026-08-06,192,183,1,25.9,Received
PO-480142,93,SUP-105,B000410,YYZ4,2026-07-28,2026-08-06,2026-08-06,96,88,0,31.02,Received
PO-480190,87,SUP-107,B000044,YYZ4,2026-07-28,2026-08-31,2026-08-08,210,210,2,49.42,Received
PO-480190,88,SUP-107,B000064,YVR2,2026-07-28,2026-08-31,2026-08-08,58,58,0,40.08,Received
PO-480190,86,SUP-107,B000104,YEG3,2026-07-28,2026-08-31,2026-08-08,30,30,0,16.04,Received
PO-480190,91,SUP-107,B000114,YYC1,2026-07-28,2026-08-31,2026-08-08,224,224,0,74.15,Received
PO-480190,90,SUP-107,B000356,YYZ4,2026-07-28,2026-08-31,2026-08-08,60,60,1,30.35,Received
PO-480190,89,SUP-107,B000394,YEG3,2026-07-28,2026-08-31,2026-08-08,1392,1392,16,19.24,Received
PO-480360,35,SUP-114,B000139,YUL5,2026-07-28,2026-09-10,,16,0,0,53.47,In Transit
PO-480360,32,SUP-114,B000193,YHZ1,2026-07-28,2026-09-10,,96,0,0,39.69,In Transit
PO-480360,34,SUP-114,B000209,YYZ4,2026-07-28,2026-09-10,,17,0,0,40.77,In Transit
PO-480360,33,SUP-114,B000227,YYC1,2026-07-28,2026-09-10,,24,0,0,55.69,In Transit
PO-480360,30,SUP-114,B000247,YYZ4,2026-07-28,2026-09-10,,12,0,0,29.87,In Transit
PO-480360,31,SUP-114,B000270,YYZ4,2026-07-28,2026-09-10,,72,0,0,42.84,In Transit
PO-480360,29,SUP-114,B000302,YWG2,2026-07-28,2026-09-10,,16,0,0,37.95,In Transit
PO-480360,28,SUP-114,B000345,YHZ1,2026-07-28,2026-09-10,,48,0,0,58.25,In Transit
PO-480440,91,SUP-118,B000083,YVR2,2026-07-30,2026-08-31,,310,0,0,25.64,In Transit
PO-480440,97,SUP-118,B000107,YWG2,2026-07-30,2026-08-31,,1641,0,0,6.42,In Transit
PO-480440,88,SUP-118,B000110,YVR2,2026-07-30,2026-08-31,,324,0,0,27.06,In Transit
PO-480440,86,SUP-118,B000124,YYC1,2026-07-30,2026-08-31,,56,0,0,19.28,In Transit
PO-480440,90,SUP-118,B000156,YYZ4,2026-07-30,2026-08-31,,450,0,0,14.32,In Transit
PO-480440,93,SUP-118,B000166,YWG2,2026-07-30,2026-08-31,,588,0,0,22.72,In Transit
PO-480440,92,SUP-118,B000170,YHZ1,2026-07-30,2026-08-31,,48,0,0,6.35,In Transit
PO-480440,99,SUP-118,B000221,YYZ4,2026-07-30,2026-08-31,,133,0,0,45.14,In Transit
PO-480440,87,SUP-118,B000230,YYZ4,2026-07-30,2026-08-31,,192,0,0,10.67,In Transit
PO-480440,95,SUP-118,B000237,YYZ4,2026-07-30,2026-08-31,,56,0,0,34.69,In Transit
PO-480440,96,SUP-118,B000340,YYZ4,2026-07-30,2026-08-31,,120,0,0,41.74,In Transit
PO-480440,89,SUP-118,B000372,YHZ1,2026-07-30,2026-08-31,,504,0,0,17.44,In Transit
PO-480440,94,SUP-118,B000398,YYZ4,2026-07-30,2026-08-31,,46,0,0,25.87,In Transit
PO-480440,98,SUP-118,B000414,YEG3,2026-07-30,2026-08-31,,1752,0,0,32.56,In Transit
PO-480441,1,SUP-118,B000027,YYZ4,2026-07-31,2026-09-01,2026-08-29,24,24,0,12.44,Received
PO-480441,7,SUP-118,B000069,YEG3,2026-07-31,2026-09-01,2026-08-29,192,192,1,11.1,Received
PO-480441,3,SUP-118,B000110,YYZ4,2026-07-31,2026-09-01,2026-08-29,756,756,3,27.06,Received
PO-480441,4,SUP-118,B000155,YVR2,2026-07-31,2026-09-01,2026-08-29,73,73,0,16.62,Received
PO-480441,2,SUP-118,B000238,YUL5,2026-07-31,2026-09-01,2026-08-29,775,775,15,33.37,Received
PO-480441,6,SUP-118,B000311,YWG2,2026-07-31,2026-09-01,2026-08-29,60,60,1,23.78,Received
PO-480441,8,SUP-118,B000330,YYC1,2026-07-31,2026-09-01,2026-08-29,1200,1200,7,34.27,Received
PO-480441,5,SUP-118,B000372,YUL5,2026-07-31,2026-09-01,2026-08-29,147,147,1,17.44,Received
PO-480534,76,SUP-122,B000003,YYZ4,2026-08-01,2026-09-01,2026-08-27,108,108,0,116.68,Received
PO-480534,75,SUP-122,B000067,YYZ4,2026-08-01,2026-09-01,2026-08-27,1248,1248,3,26.62,Received
PO-480534,73,SUP-122,B000235,YYZ4,2026-08-01,2026-09-01,2026-08-27,48,48,0,59.11,Received
PO-480534,74,SUP-122,B000264,YVR2,2026-08-01,2026-09-01,2026-08-27,36,36,0,32.04,Received
PO-480534,77,SUP-122,B000271,YUL5,2026-08-01,2026-09-01,2026-08-27,416,416,0,23.34,Received
PO-480534,72,SUP-122,B000285,YEG3,2026-08-01,2026-09-01,2026-08-27,7,7,0,99.56,Received
PO-480534,78,SUP-122,B000341,YHZ1,2026-08-01,2026-09-01,2026-08-27,2027,2027,14,57.14,Received
PO-480534,71,SUP-122,B000352,YYZ4,2026-08-01,2026-09-01,2026-08-27,18,15,0,42.99,Received
PO-480191,4,SUP-107,B000014,YEG3,2026-08-02,2026-09-05,,288,0,0,22.31,In Transit
PO-480191,99,SUP-107,B000044,YWG2,2026-08-02,2026-09-05,,618,0,0,49.42,In Transit
PO-480191,97,SUP-107,B000064,YVR2,2026-08-02,2026-09-05,,220,0,0,40.08,In Transit
PO-480191,95,SUP-107,B000085,YYC1,2026-08-02,2026-09-05,,126,0,0,85.16,In Transit
PO-480191,3,SUP-107,B000104,YEG3,2026-08-02,2026-09-05,,222,0,0,16.04,In Transit
PO-480191,93,SUP-107,B000114,YUL5,2026-08-02,2026-09-05,,216,0,0,74.15,In Transit
PO-480191,94,SUP-107,B000117,YYZ4,2026-08-02,2026-09-05,,36,0,0,10.32,In Transit
PO-480191,5,SUP-107,B000121,YUL5,2026-08-02,2026-09-05,,5,0,0,27.65,In Transit
PO-480191,92,SUP-107,B000148,YYZ4,2026-08-02,2026-09-05,,264,0,0,21.53,In Transit
PO-480191,2,SUP-107,B000173,YYC1,2026-08-02,2026-09-05,,48,0,0,20.12,In Transit
PO-480191,1,SUP-107,B000200,YHZ1,2026-08-02,2026-09-05,,80,0,0,42.44,In Transit
PO-480191,96,SUP-107,B000336,YYZ4,2026-08-02,2026-09-05,,60,0,0,61.89,In Transit
PO-480191,6,SUP-107,B000350,YYZ4,2026-08-02,2026-09-05,,192,0,0,48.35,In Transit
PO-480191,98,SUP-107,B000356,YVR2,2026-08-02,2026-09-05,,174,0,0,30.35,In Transit
PO-480191,7,SUP-107,B000394,YVR2,2026-08-02,2026-09-05,,1134,0,0,19.24,In Transit
PO-480063,73,SUP-103,B000006,YYZ4,2026-08-03,2026-08-15,2026-08-13,300,300,0,10.47,Received
PO-480063,74,SUP-103,B000024,YEG3,2026-08-03,2026-08-15,2026-08-13,432,432,1,24.8,Received
PO-480063,83,SUP-103,B000119,YYZ4,2026-08-03,2026-08-15,2026-08-13,30,30,0,15.29,Received
PO-480063,75,SUP-103,B000178,YVR2,2026-08-03,2026-08-15,2026-08-13,2112,2112,13,27.42,Received
PO-480063,78,SUP-103,B000194,YYZ4,2026-08-03,2026-08-15,2026-08-13,32,32,0,12.16,Received
PO-480063,76,SUP-103,B000246,YYZ4,2026-08-03,2026-08-15,2026-08-13,84,84,0,48.07,Received
PO-480063,79,SUP-103,B000273,YHZ1,2026-08-03,2026-08-15,2026-08-13,32,32,0,23.72,Received
PO-480063,85,SUP-103,B000278,YYZ4,2026-08-03,2026-08-15,2026-08-13,18,18,0,38.05,Received
PO-480063,82,SUP-103,B000291,YVR2,2026-08-03,2026-08-15,2026-08-13,124,124,0,17.87,Received
PO-480063,84,SUP-103,B000312,YYZ4,2026-08-03,2026-08-15,2026-08-13,252,252,4,11.5,Received
PO-480063,80,SUP-103,B000348,YYZ4,2026-08-03,2026-08-15,2026-08-13,720,720,5,9.96,Received
PO-480063,77,SUP-103,B000382,YYZ4,2026-08-03,2026-08-15,2026-08-13,1290,1290,18,9.75,Received
PO-480063,81,SUP-103,B000387,YWG2,2026-08-03,2026-08-15,2026-08-13,334,334,1,40.99,Received
PO-480170,33,SUP-106,B000021,YUL5,2026-08-05,2026-08-29,,96,0,0,16.28,In Transit
PO-480170,24,SUP-106,B000029,YYZ4,2026-08-05,2026-08-29,,424,0,0,12.43,In Transit
PO-480170,34,SUP-106,B000033,YEG3,2026-08-05,2026-08-29,,96,0,0,25.32,In Transit
PO-480170,40,SUP-106,B000039,YYZ4,2026-08-05,2026-08-29,,120,0,0,19.83,In Transit
PO-480170,36,SUP-106,B000066,YVR2,2026-08-05,2026-08-29,,1332,0,0,24.86,In Transit
PO-480170,30,SUP-106,B000098,YHZ1,2026-08-05,2026-08-29,,12,0,0,13.55,In Transit
PO-480170,27,SUP-106,B000101,YYZ4,2026-08-05,2026-08-29,,369,0,0,32.63,In Transit
PO-480170,35,SUP-106,B000127,YYZ4,2026-08-05,2026-08-29,,60,0,0,15.81,In Transit
PO-480170,32,SUP-106,B000142,YUL5,2026-08-05,2026-08-29,,174,0,0,12.57,In Transit
PO-480170,29,SUP-106,B000251,YVR2,2026-08-05,2026-08-29,,206,0,0,12.22,In Transit
PO-480170,26,SUP-106,B000294,YVR2,2026-08-05,2026-08-29,,144,0,0,42.52,In Transit
PO-480170,37,SUP-106,B000307,YUL5,2026-08-05,2026-08-29,,84,0,0,10.55,In Transit
PO-480170,39,SUP-106,B000316,YYC1,2026-08-05,2026-08-29,,72,0,0,11.05,In Transit
PO-480170,25,SUP-106,B000319,YYZ4,2026-08-05,2026-08-29,,36,0,0,45.53,In Transit
PO-480170,31,SUP-106,B000362,YYZ4,2026-08-05,2026-08-29,,1512,0,0,52.53,In Transit
PO-480170,38,SUP-106,B000383,YYZ4,2026-08-05,2026-08-29,,416,0,0,12.08,In Transit
PO-480170,28,SUP-106,B000389,YYZ4,2026-08-05,2026-08-29,,48,0,0,28.39,In Transit
PO-480105,39,SUP-104,B000060,YWG2,2026-08-06,2026-08-16,2026-08-15,744,744,1,14.56,Received
PO-480105,36,SUP-104,B000077,YYZ4,2026-08-06,2026-08-16,2026-08-15,192,192,1,55.44,Received
PO-480105,35,SUP-104,B000088,YUL5,2026-08-06,2026-08-16,2026-08-15,54,44,0,22.27,Received
PO-480105,34,SUP-104,B000140,YYZ4,2026-08-06,2026-08-16,2026-08-15,48,48,0,5.15,Received
PO-480105,32,SUP-104,B000168,YVR2,2026-08-06,2026-08-16,2026-08-15,72,72,0,8.87,Received
PO-480105,41,SUP-104,B000233,YUL5,2026-08-06,2026-08-16,2026-08-15,48,48,0,30.93,Received
PO-480105,38,SUP-104,B000256,YHZ1,2026-08-06,2026-08-16,2026-08-15,96,96,0,17.41,Received
PO-480105,37,SUP-104,B000290,YWG2,2026-08-06,2026-08-16,2026-08-15,128,106,0,2.29,Received
PO-480105,33,SUP-104,B000367,YYZ4,2026-08-06,2026-08-16,2026-08-15,71,71,0,4.19,Received
PO-480105,31,SUP-104,B000371,YUL5,2026-08-06,2026-08-16,2026-08-15,24,24,0,9.71,Received
PO-480105,40,SUP-104,B000390,YHZ1,2026-08-06,2026-08-16,2026-08-15,40,40,0,10.78,Received
PO-480310,99,SUP-112,B000076,YYZ4,2026-08-07,2026-08-21,2026-08-26,36,36,1,31.77,Received
PO-480310,9,SUP-112,B000118,YVR2,2026-08-07,2026-08-21,2026-08-26,976,976,16,14.9,Received
PO-480310,95,SUP-112,B000146,YWG2,2026-08-07,2026-08-21,2026-08-26,60,60,1,22.0,Received
PO-480310,1,SUP-112,B000192,YYZ4,2026-08-07,2026-08-21,2026-08-26,10,10,0,35.26,Received
PO-480310,7,SUP-112,B000272,YVR2,2026-08-07,2026-08-21,2026-08-26,30,30,0,5.34,Received
PO-480310,96,SUP-112,B000286,YYZ4,2026-08-07,2026-08-21,2026-08-26,156,156,1,43.29,Received
PO-480310,98,SUP-112,B000292,YYZ4,2026-08-07,2026-08-21,2026-08-26,103,103,0,32.23,Received
PO-480310,8,SUP-112,B000296,YYC1,2026-08-07,2026-08-21,2026-08-26,80,80,1,28.09,Received
PO-480310,3,SUP-112,B000297,YHZ1,2026-08-07,2026-08-21,2026-08-26,8,8,0,20.76,Received
PO-480310,97,SUP-112,B000324,YYC1,2026-08-07,2026-08-21,2026-08-26,148,148,2,50.1,Received
PO-480310,2,SUP-112,B000339,YYC1,2026-08-07,2026-08-21,2026-08-26,680,680,8,17.86,Received
PO-480310,5,SUP-112,B000354,YEG3,2026-08-07,2026-08-21,2026-08-26,72,72,1,3.98,Received
PO-480310,4,SUP-112,B000357,YHZ1,2026-08-07,2026-08-21,2026-08-26,354,354,2,2.48,Received
PO-480310,6,SUP-112,B000393,YYZ4,2026-08-07,2026-08-21,2026-08-26,48,48,0,36.15,Received
PO-480218,56,SUP-109,B000171,YUL5,2026-08-08,2026-09-25,,672,0,0,99.79,In Transit
PO-480218,62,SUP-109,B000181,YVR2,2026-08-08,2026-09-25,,2388,0,0,54.45,In Transit
PO-480218,57,SUP-109,B000219,YYZ4,2026-08-08,2026-09-25,,36,0,0,32.21,In Transit
PO-480218,60,SUP-109,B000260,YVR2,2026-08-08,2026-09-25,,24,0,0,27.53,In Transit
PO-480218,58,SUP-109,B000277,YEG3,2026-08-08,2026-09-25,,32,0,0,37.83,In Transit
PO-480218,61,SUP-109,B000289,YUL5,2026-08-08,2026-09-25,,556,0,0,33.98,In Transit
PO-480218,63,SUP-109,B000343,YYC1,2026-08-08,2026-09-25,,408,0,0,128.75,In Transit
PO-480218,59,SUP-109,B000405,YHZ1,2026-08-08,2026-09-25,,108,0,0,81.28,In Transit
PO-480015,56,SUP-101,B000031,YVR2,2026-08-09,2026-09-20,,402,0,0,50.63,In Transit
PO-480015,67,SUP-101,B000042,YUL5,2026-08-09,2026-09-20,,24,0,0,22.73,In Transit
PO-480015,64,SUP-101,B000096,YUL5,2026-08-09,2026-09-20,,28,0,0,125.28,In Transit
PO-480015,59,SUP-101,B000105,YYZ4,2026-08-09,2026-09-20,,108,0,0,32.78,In Transit
PO-480015,54,SUP-101,B000132,YHZ1,2026-08-09,2026-09-20,,240,0,0,36.4,In Transit
PO-480015,55,SUP-101,B000134,YVR2,2026-08-09,2026-09-20,,1968,0,0,17.14,In Transit
PO-480015,61,SUP-101,B000229,YVR2,2026-08-09,2026-09-20,,492,0,0,69.87,In Transit
PO-480015,63,SUP-101,B000266,YYZ4,2026-08-09,2026-09-20,,81,0,0,77.37,In Transit
PO-480015,66,SUP-101,B000275,YYZ4,2026-08-09,2026-09-20,,1,0,0,27.48,In Transit
PO-480015,62,SUP-101,B000279,YHZ1,2026-08-09,2026-09-20,,96,0,0,30.79,In Transit
PO-480015,57,SUP-101,B000281,YEG3,2026-08-09,2026-09-20,,104,0,0,27.43,In Transit
PO-480015,58,SUP-101,B000305,YUL5,2026-08-09,2026-09-20,,840,0,0,13.63,In Transit
PO-480015,60,SUP-101,B000370,YUL5,2026-08-09,2026-09-20,,576,0,0,28.99,In Transit
PO-480015,65,SUP-101,B000385,YYZ4,2026-08-09,2026-09-20,,353,0,0,19.7,In Transit
PO-480143,2,SUP-105,B000016,YYC1,2026-08-09,2026-08-18,2026-08-15,180,180,1,22.7,Received
PO-480143,3,SUP-105,B000025,YYZ4,2026-08-09,2026-08-18,2026-08-15,24,24,0,34.44,Received
PO-480143,99,SUP-105,B000071,YUL5,2026-08-09,2026-08-18,2026-08-15,48,48,0,52.68,Received
PO-480143,4,SUP-105,B000216,YYZ4,2026-08-09,2026-08-18,2026-08-15,222,222,1,49.89,Received
PO-480143,1,SUP-105,B000284,YWG2,2026-08-09,2026-08-18,2026-08-15,321,321,1,19.61,Received
PO-480143,5,SUP-105,B000308,YUL5,2026-08-09,2026-08-18,2026-08-15,264,264,1,10.93,Received
PO-480143,98,SUP-105,B000361,YYC1,2026-08-09,2026-08-18,2026-08-15,192,174,0,25.9,Received
PO-480311,11,SUP-112,B000143,YYZ4,2026-08-11,2026-08-25,,369,0,0,6.49,In Transit
PO-480311,12,SUP-112,B000248,YUL5,2026-08-11,2026-08-25,,273,0,0,20.2,In Transit
PO-480311,15,SUP-112,B000249,YUL5,2026-08-11,2026-08-25,,24,0,0,24.19,In Transit
PO-480311,10,SUP-112,B000272,YYZ4,2026-08-11,2026-08-25,,36,0,0,5.34,In Transit
PO-480311,13,SUP-112,B000296,YYC1,2026-08-11,2026-08-25,,40,0,0,28.09,In Transit
PO-480311,14,SUP-112,B000304,YWG2,2026-08-11,2026-08-25,,161,0,0,13.26,In Transit
PO-480361,39,SUP-114,B000139,YYZ4,2026-08-12,2026-09-25,,16,0,0,53.47,In Transit
PO-480361,42,SUP-114,B000193,YVR2,2026-08-12,2026-09-25,,96,0,0,39.69,In Transit
PO-480361,36,SUP-114,B000209,YYC1,2026-08-12,2026-09-25,,41,0,0,40.77,In Transit
PO-480361,37,SUP-114,B000227,YYZ4,2026-08-12,2026-09-25,,36,0,0,55.69,In Transit
PO-480361,40,SUP-114,B000247,YHZ1,2026-08-12,2026-09-25,,12,0,0,29.87,In Transit
PO-480361,43,SUP-114,B000270,YYZ4,2026-08-12,2026-09-25,,180,0,0,42.84,In Transit
PO-480361,41,SUP-114,B000302,YYZ4,2026-08-12,2026-09-25,,16,0,0,37.95,In Transit
PO-480361,38,SUP-114,B000345,YHZ1,2026-08-12,2026-09-25,,96,0,0,58.25,In Transit
PO-480064,92,SUP-103,B000000,YYZ4,2026-08-14,2026-08-26,2026-08-20,101,101,1,5.35,Received
PO-480064,95,SUP-103,B000006,YUL5,2026-08-14,2026-08-26,2026-08-20,180,180,2,10.47,Received
PO-480064,2,SUP-103,B000024,YEG3,2026-08-14,2026-08-26,2026-08-20,444,444,2,24.8,Received
PO-480064,88,SUP-103,B000079,YYZ4,2026-08-14,2026-08-26,2026-08-20,72,72,1,12.85,Received
PO-480064,93,SUP-103,B000119,YYC1,2026-08-14,2026-08-26,2026-08-20,42,42,0,15.29,Received
PO-480064,96,SUP-103,B000133,YVR2,2026-08-14,2026-08-26,2026-08-20,12,12,0,15.18,Received
PO-480064,89,SUP-103,B000194,YEG3,2026-08-14,2026-08-26,2026-08-20,32,32,0,12.16,Received
PO-480064,1,SUP-103,B000246,YYZ4,2026-08-14,2026-08-26,2026-08-20,60,60,0,48.07,Received
PO-480064,3,SUP-103,B000273,YHZ1,2026-08-14,2026-08-26,2026-08-20,40,40,0,23.72,Received
PO-480064,90,SUP-103,B000278,YVR2,2026-08-14,2026-08-26,2026-08-20,24,24,0,38.05,Received
PO-480064,98,SUP-103,B000291,YUL5,2026-08-14,2026-08-26,2026-08-20,36,30,0,17.87,Received
PO-480064,87,SUP-103,B000295,YVR2,2026-08-14,2026-08-26,2026-08-20,35,35,0,18.76,Received
PO-480064,91,SUP-103,B000312,YYC1,2026-08-14,2026-08-26,2026-08-20,75,75,1,11.5,Received
PO-480064,86,SUP-103,B000353,YYZ4,2026-08-14,2026-08-26,2026-08-20,11,11,0,13.18,Received
PO-480064,99,SUP-103,B000374,YYC1,2026-08-14,2026-08-26,2026-08-20,49,49,1,10.68,Received
PO-480064,4,SUP-103,B000382,YEG3,2026-08-14,2026-08-26,2026-08-20,1395,1395,19,9.75,Received
PO-480064,97,SUP-103,B000387,YYZ4,2026-08-14,2026-08-26,2026-08-20,1169,1169,3,40.99,Received
PO-480064,94,SUP-103,B000399,YYC1,2026-08-14,2026-08-26,2026-08-20,56,56,0,19.26,Received
PO-480065,13,SUP-103,B000006,YYZ4,2026-08-15,2026-08-27,2026-08-27,36,36,0,10.47,Received
PO-480065,5,SUP-103,B000024,YYC1,2026-08-15,2026-08-27,2026-08-27,240,240,3,24.8,Received
PO-480065,8,SUP-103,B000079,YEG3,2026-08-15,2026-08-27,2026-08-27,64,63,1,12.85,Received
PO-480065,19,SUP-103,B000119,YYC1,2026-08-15,2026-08-27,2026-08-27,24,24,0,15.29,Received
PO-480065,7,SUP-103,B000133,YYZ4,2026-08-15,2026-08-27,2026-08-27,8,6,0,15.18,Received
PO-480065,15,SUP-103,B000178,YVR2,2026-08-15,2026-08-27,2026-08-27,336,336,3,27.42,Received
PO-480065,14,SUP-103,B000246,YVR2,2026-08-15,2026-08-27,2026-08-27,48,41,0,48.07,Received
PO-480065,6,SUP-103,B000278,YHZ1,2026-08-15,2026-08-27,2026-08-27,42,33,0,38.05,Received
PO-480065,21,SUP-103,B000291,YYZ4,2026-08-15,2026-08-27,2026-08-27,100,100,0,17.87,Received
PO-480065,16,SUP-103,B000312,YYZ4,2026-08-15,2026-08-27,2026-08-27,147,147,2,11.5,Received
PO-480065,12,SUP-103,B000348,YYZ4,2026-08-15,2026-08-27,2026-08-27,584,584,6,9.96,Received
PO-480065,9,SUP-103,B000353,YYZ4,2026-08-15,2026-08-27,2026-08-27,68,68,0,13.18,Received
PO-480065,10,SUP-103,B000374,YYC1,2026-08-15,2026-08-27,2026-08-27,10,10,0,10.68,Received
PO-480065,18,SUP-103,B000382,YWG2,2026-08-15,2026-08-27,2026-08-27,1352,1352,18,9.75,Received
PO-480065,11,SUP-103,B000387,YYZ4,2026-08-15,2026-08-27,2026-08-27,209,209,1,40.99,Received
PO-480065,17,SUP-103,B000399,YYC1,2026-08-15,2026-08-27,2026-08-27,16,16,0,19.26,Received
PO-480065,20,SUP-103,B000413,YWG2,2026-08-15,2026-08-27,2026-08-27,96,85,0,27.73,Received
PO-480066,22,SUP-103,B000024,YYC1,2026-08-16,2026-08-28,,360,0,0,24.8,In Transit
PO-480066,28,SUP-103,B000079,YYZ4,2026-08-16,2026-08-28,,64,0,0,12.85,In Transit
PO-480066,30,SUP-103,B000119,YYZ4,2026-08-16,2026-08-28,,114,0,0,15.29,In Transit
PO-480066,31,SUP-103,B000178,YUL5,2026-08-16,2026-08-28,,192,0,0,27.42,In Transit
PO-480066,23,SUP-103,B000194,YYZ4,2026-08-16,2026-08-28,,84,0,0,12.16,In Transit
PO-480066,26,SUP-103,B000291,YUL5,2026-08-16,2026-08-28,,108,0,0,17.87,In Transit
PO-480066,32,SUP-103,B000312,YYC1,2026-08-16,2026-08-28,,200,0,0,11.5,In Transit
PO-480066,27,SUP-103,B000374,YYZ4,2026-08-16,2026-08-28,,18,0,0,10.68,In Transit
PO-480066,24,SUP-103,B000382,YHZ1,2026-08-16,2026-08-28,,2150,0,0,9.75,In Transit
PO-480066,29,SUP-103,B000399,YYC1,2026-08-16,2026-08-28,,64,0,0,19.26,In Transit
PO-480066,25,SUP-103,B000413,YVR2,2026-08-16,2026-08-28,,48,0,0,27.73,In Transit
PO-480461,11,SUP-119,B000013,YVR2,2026-08-16,2026-09-15,,120,0,0,7.12,In Transit
PO-480461,13,SUP-119,B000018,YYZ4,2026-08-16,2026-09-15,,24,0,0,15.1,In Transit
PO-480461,18,SUP-119,B000032,YYZ4,2026-08-16,2026-09-15,,6,0,0,10.45,In Transit
PO-480461,17,SUP-119,B000073,YYZ4,2026-08-16,2026-09-15,,48,0,0,4.65,In Transit
PO-480461,10,SUP-119,B000125,YYC1,2026-08-16,2026-09-15,,132,0,0,8.87,In Transit
PO-480461,12,SUP-119,B000159,YWG2,2026-08-16,2026-09-15,,680,0,0,5.08,In Transit
PO-480461,15,SUP-119,B000175,YYZ4,2026-08-16,2026-09-15,,1164,0,0,13.44,In Transit
PO-480461,16,SUP-119,B000331,YYZ4,2026-08-16,2026-09-15,,12,0,0,5.86,In Transit
PO-480461,14,SUP-119,B000386,YHZ1,2026-08-16,2026-09-15,,24,0,0,3.34,In Transit
PO-480362,46,SUP-114,B000139,YUL5,2026-08-19,2026-10-02,,16,0,0,53.47,In Transit
PO-480362,51,SUP-114,B000193,YHZ1,2026-08-19,2026-10-02,,228,0,0,39.69,In Transit
PO-480362,45,SUP-114,B000209,YYZ4,2026-08-19,2026-10-02,,110,0,0,40.77,In Transit
PO-480362,47,SUP-114,B000227,YYC1,2026-08-19,2026-10-02,,264,0,0,55.69,In Transit
PO-480362,49,SUP-114,B000247,YHZ1,2026-08-19,2026-10-02,,24,0,0,29.87,In Transit
PO-480362,50,SUP-114,B000270,YYZ4,2026-08-19,2026-10-02,,498,0,0,42.84,In Transit
PO-480362,44,SUP-114,B000302,YYZ4,2026-08-19,2026-10-02,,16,0,0,37.95,In Transit
PO-480362,48,SUP-114,B000345,YHZ1,2026-08-19,2026-10-02,,96,0,0,58.25,In Transit
PO-480501,57,SUP-120,B000008,YEG3,2026-08-19,2026-08-25,2026-08-25,112,112,0,3.7,Received
PO-480501,68,SUP-120,B000012,YUL5,2026-08-19,2026-08-25,2026-08-25,40,40,0,9.46,Received
PO-480501,64,SUP-120,B000052,YEG3,2026-08-19,2026-08-25,2026-08-25,78,78,0,3.12,Received
PO-480501,56,SUP-120,B000130,YYZ4,2026-08-19,2026-08-25,2026-08-25,372,372,1,4.08,Received
PO-480501,63,SUP-120,B000195,YYZ4,2026-08-19,2026-08-25,2026-08-25,16,16,0,6.65,Received
PO-480501,58,SUP-120,B000196,YYZ4,2026-08-19,2026-08-25,2026-08-25,1,1,0,7.3,Received
PO-480501,66,SUP-120,B000199,YYZ4,2026-08-19,2026-08-25,2026-08-25,352,352,1,17.21,Received
PO-480501,60,SUP-120,B000210,YYZ4,2026-08-19,2026-08-25,2026-08-25,72,72,0,2.12,Received
PO-480501,61,SUP-120,B000250,YHZ1,2026-08-19,2026-08-25,2026-08-25,36,35,0,3.15,Received
PO-480501,67,SUP-120,B000310,YYZ4,2026-08-19,2026-08-25,2026-08-25,52,52,0,2.96,Received
PO-480501,65,SUP-120,B000321,YYZ4,2026-08-19,2026-08-25,2026-08-25,44,44,0,8.49,Received
PO-480501,59,SUP-120,B000338,YYZ4,2026-08-19,2026-08-25,2026-08-25,432,432,2,3.88,Received
PO-480501,62,SUP-120,B000365,YYZ4,2026-08-19,2026-08-25,2026-08-25,18,18,0,4.97,Received
PO-480273,62,SUP-111,B000005,YYC1,2026-08-22,2026-08-29,2026-08-28,96,96,0,11.5,Received
PO-480273,63,SUP-111,B000007,YWG2,2026-08-22,2026-08-29,2026-08-28,4031,4031,14,5.45,Received
PO-480273,54,SUP-111,B000015,YEG3,2026-08-22,2026-08-29,2026-08-28,80,75,0,3.74,Received
PO-480273,59,SUP-111,B000062,YYZ4,2026-08-22,2026-08-29,2026-08-28,144,144,0,13.09,Received
PO-480273,61,SUP-111,B000065,YYZ4,2026-08-22,2026-08-29,2026-08-28,88,88,0,8.16,Received
PO-480273,57,SUP-111,B000072,YUL5,2026-08-22,2026-08-29,2026-08-28,96,96,0,16.47,Received
PO-480273,55,SUP-111,B000100,YUL5,2026-08-22,2026-08-29,2026-08-28,72,72,0,2.0,Received
PO-480273,60,SUP-111,B000122,YWG2,2026-08-22,2026-08-29,2026-08-28,694,694,2,13.42,Received
PO-480273,53,SUP-111,B000147,YEG3,2026-08-22,2026-08-29,2026-08-28,150,150,0,34.39,Received
PO-480273,56,SUP-111,B000232,YYC1,2026-08-22,2026-08-29,2026-08-28,176,176,1,7.58,Received
PO-480273,58,SUP-111,B000418,YYC1,2026-08-22,2026-08-29,2026-08-28,192,182,1,20.14,Received
PO-480312,22,SUP-112,B000076,YUL5,2026-08-23,2026-09-06,,84,0,0,31.77,In Transit
PO-480312,18,SUP-112,B000118,YEG3,2026-08-23,2026-09-06,,1344,0,0,14.9,In Transit
PO-480312,21,SUP-112,B000192,YYC1,2026-08-23,2026-09-06,,16,0,0,35.26,In Transit
PO-480312,23,SUP-112,B000204,YYC1,2026-08-23,2026-09-06,,56,0,0,25.35,In Transit
PO-480312,25,SUP-112,B000249,YYZ4,2026-08-23,2026-09-06,,24,0,0,24.19,In Transit
PO-480312,20,SUP-112,B000292,YUL5,2026-08-23,2026-09-06,,67,0,0,32.23,In Transit
PO-480312,17,SUP-112,B000297,YHZ1,2026-08-23,2026-09-06,,15,0,0,20.76,In Transit
PO-480312,16,SUP-112,B000324,YYZ4,2026-08-23,2026-09-06,,468,0,0,50.1,In Transit
PO-480312,19,SUP-112,B000357,YVR2,2026-08-23,2026-09-06,,1128,0,0,2.48,In Transit
PO-480312,24,SUP-112,B000393,YWG2,2026-08-23,2026-09-06,,48,0,0,36.15,In Transit
PO-480462,19,SUP-119,B000018,YHZ1,2026-08-23,2026-09-22,,90,0,0,15.1,In Transit
PO-480462,20,SUP-119,B000032,YWG2,2026-08-23,2026-09-22,,6,0,0,10.45,In Transit
PO-480462,24,SUP-119,B000112,YVR2,2026-08-23,2026-09-22,,96,0,0,43.81,In Transit
PO-480462,25,SUP-119,B000159,YUL5,2026-08-23,2026-09-22,,964,0,0,5.08,In Transit
PO-480462,23,SUP-119,B000175,YYC1,2026-08-23,2026-09-22,,126,0,0,13.44,In Transit
PO-480462,22,SUP-119,B000206,YVR2,2026-08-23,2026-09-22,,196,0,0,15.92,In Transit
PO-480462,21,SUP-119,B000331,YYC1,2026-08-23,2026-09-22,,12,0,0,5.86,In Transit
PO-480462,26,SUP-119,B000386,YHZ1,2026-08-23,2026-09-22,,36,0,0,3.34,In Transit
PO-480144,6,SUP-105,B000016,YYZ4,2026-08-24,2026-09-02,,288,0,0,22.7,In Transit
PO-480144,7,SUP-105,B000071,YUL5,2026-08-24,2026-09-02,,168,0,0,52.68,In Transit
PO-480144,8,SUP-105,B000092,YWG2,2026-08-24,2026-09-02,,48,0,0,37.96,In Transit
PO-480144,12,SUP-105,B000213,YUL5,2026-08-24,2026-09-02,,288,0,0,46.02,In Transit
PO-480144,9,SUP-105,B000284,YWG2,2026-08-24,2026-09-02,,262,0,0,19.61,In Transit
PO-480144,11,SUP-105,B000361,YYZ4,2026-08-24,2026-09-02,,192,0,0,25.9,In Transit
PO-480144,10,SUP-105,B000380,YEG3,2026-08-24,2026-09-02,,260,0,0,31.53,In Transit
PO-480442,10,SUP-118,B000069,YEG3,2026-08-25,2026-09-26,,108,0,0,11.1,In Transit
PO-480442,18,SUP-118,B000124,YHZ1,2026-08-25,2026-09-26,,56,0,0,19.28,In Transit
PO-480442,20,SUP-118,B000156,YYC1,2026-08-25,2026-09-26,,930,0,0,14.32,In Transit
PO-480442,12,SUP-118,B000166,YYC1,2026-08-25,2026-09-26,,1836,0,0,22.72,In Transit
PO-480442,9,SUP-118,B000170,YYZ4,2026-08-25,2026-09-26,,23,0,0,6.35,In Transit
PO-480442,16,SUP-118,B000230,YWG2,2026-08-25,2026-09-26,,488,0,0,10.67,In Transit
PO-480442,11,SUP-118,B000238,YUL5,2026-08-25,2026-09-26,,251,0,0,33.37,In Transit
PO-480442,15,SUP-118,B000243,YWG2,2026-08-25,2026-09-26,,84,0,0,45.01,In Transit
PO-480442,13,SUP-118,B000311,YEG3,2026-08-25,2026-09-26,,51,0,0,23.78,In Transit
PO-480442,19,SUP-118,B000330,YYC1,2026-08-25,2026-09-26,,360,0,0,34.27,In Transit
PO-480442,17,SUP-118,B000398,YVR2,2026-08-25,2026-09-26,,75,0,0,25.87,In Transit
PO-480442,14,SUP-118,B000414,YVR2,2026-08-25,2026-09-26,,960,0,0,32.56,In Transit
PO-480535,81,SUP-122,B000003,YVR2,2026-08-25,2026-09-25,,1668,0,0,116.68,In Transit
PO-480535,88,SUP-122,B000067,YVR2,2026-08-25,2026-09-25,,720,0,0,26.62,In Transit
PO-480535,80,SUP-122,B000068,YUL5,2026-08-25,2026-09-25,,36,0,0,53.46,In Transit
PO-480535,86,SUP-122,B000141,YYZ4,2026-08-25,2026-09-25,,136,0,0,44.89,In Transit
PO-480535,83,SUP-122,B000235,YYZ4,2026-08-25,2026-09-25,,24,0,0,59.11,In Transit
PO-480535,87,SUP-122,B000264,YYZ4,2026-08-25,2026-09-25,,24,0,0,32.04,In Transit
PO-480535,82,SUP-122,B000271,YEG3,2026-08-25,2026-09-25,,88,0,0,23.34,In Transit
PO-480535,79,SUP-122,B000285,YYZ4,2026-08-25,2026-09-25,,7,0,0,99.56,In Transit
PO-480535,84,SUP-122,B000341,YYC1,2026-08-25,2026-09-25,,1428,0,0,57.14,In Transit
PO-480535,85,SUP-122,B000352,YHZ1,2026-08-25,2026-09-25,,12,0,0,42.99,In Transit
PO-480384,18,SUP-115,B000047,YUL5,2026-08-28,2026-09-30,,714,0,0,63.07,In Transit
PO-480384,12,SUP-115,B000053,YYZ4,2026-08-28,2026-09-30,,203,0,0,15.69,In Transit
PO-480384,19,SUP-115,B000099,YVR2,2026-08-28,2026-09-30,,103,0,0,120.32,In Transit
PO-480384,25,SUP-115,B000138,YVR2,2026-08-28,2026-09-30,,32,0,0,25.11,In Transit
PO-480384,21,SUP-115,B000241,YYZ4,2026-08-28,2026-09-30,,1416,0,0,43.91,In Transit
PO-480384,16,SUP-115,B000244,YEG3,2026-08-28,2026-09-30,,576,0,0,31.25,In Transit
PO-480384,14,SUP-115,B000258,YYC1,2026-08-28,2026-09-30,,298,0,0,7.11,In Transit
PO-480384,20,SUP-115,B000287,YYZ4,2026-08-28,2026-09-30,,32,0,0,94.57,In Transit
PO-480384,22,SUP-115,B000315,YYC1,2026-08-28,2026-09-30,,300,0,0,68.19,In Transit
PO-480384,17,SUP-115,B000328,YUL5,2026-08-28,2026-09-30,,16,0,0,28.33,In Transit
PO-480384,23,SUP-115,B000333,YYZ4,2026-08-28,2026-09-30,,312,0,0,53.66,In Transit
PO-480384,24,SUP-115,B000359,YYZ4,2026-08-28,2026-09-30,,120,0,0,69.57,In Transit
PO-480384,13,SUP-115,B000376,YYC1,2026-08-28,2026-09-30,,1008,0,0,94.61,In Transit
PO-480384,15,SUP-115,B000377,YUL5,2026-08-28,2026-09-30,,16,0,0,61.98,In Transit
