SnapshotDate,SKU,NodeID,OnHandUnits,ReservedUnits,OldestReceiptDate,LastReceiptDate,LastCountDate,LastShipDate,UnitCost,StorageType,BinCount
2026-08-29,B000000,YHZ1,10,0,2026-05-25,2026-07-29,2026-02-13,2026-08-22,5.35,Case,6
2026-08-29,B000000,YYZ4,39,6,2026-07-03,2026-08-20,2026-05-26,2026-08-29,5.35,Each,4
2026-08-29,B000001,YUL5,109,3,2026-05-21,2026-07-29,2026-07-04,2026-08-29,32.03,Case,3
2026-08-29,B000001,YYC1,37,2,2026-06-02,2026-07-07,2026-03-12,2026-08-29,32.03,Each,4
2026-08-29,B000001,YYZ4,12,2,2026-08-27,2026-08-28,2026-06-10,2026-08-29,32.03,Pallet,1
2026-08-29,B000002,YHZ1,8,2,2026-06-23,2026-06-29,2026-06-06,2026-08-22,20.25,Pallet,3
2026-08-29,B000002,YUL5,829,4,2024-11-15,2026-07-28,2026-04-05,2026-08-29,20.25,Pallet,3
2026-08-29,B000002,YYZ4,282,2,2025-09-03,2026-05-01,2026-08-18,2026-08-29,20.25,Pallet,5
2026-08-29,B000003,YUL5,212,0,2025-04-01,2025-05-21,2026-05-27,2025-11-01,116.68,Each,7
2026-08-29,B000003,YVR2,268,23,2026-07-02,2026-07-24,2026-06-21,2026-08-29,116.68,Case,1
2026-08-29,B000003,YYC1,181,16,2026-07-28,2026-08-18,2026-07-27,2026-08-29,116.68,Case,3
2026-08-29,B000003,YYZ4,1175,50,2026-04-15,2026-05-07,2026-08-16,2026-08-29,116.68,Pallet,6
2026-08-29,B000004,YHZ1,54,0,2024-12-14,2026-06-03,2026-03-22,2026-08-29,9.82,Case,8
2026-08-29,B000004,YYZ4,32,1,2026-06-03,2026-06-09,2026-08-13,2026-08-29,9.82,Case,1
2026-08-29,B000005,YVR2,12,0,2026-08-02,2026-08-06,2026-03-24,2026-08-22,11.5,Pallet,4
2026-08-29,B000005,YYC1,11,3,2026-08-04,2026-08-13,2026-06-14,2026-08-29,11.5,Pallet,4
2026-08-29,B000005,YYZ4,44,6,2026-07-03,2026-07-12,2026-06-07,2026-08-29,11.5,Case,3
2026-08-29,B000006,YUL5,74,8,2026-08-05,2026-08-22,2026-06-14,2026-08-29,10.47,Case,7
2026-08-29,B000006,YYC1,25,5,2026-08-12,2026-08-14,2026-03-23,2026-08-29,10.47,Each,4
2026-08-29,B000006,YYZ4,120,0,2026-02-06,2026-03-20,2026-06-21,2026-03-21,10.47,Case,1
2026-08-29,B000007,YEG3,817,64,2026-08-09,2026-08-17,2026-05-09,2026-08-29,5.45,Pallet,4
2026-08-29,B000007,YHZ1,481,61,2026-07-24,2026-07-30,2026-05-31,2026-08-29,5.45,Case,4
2026-08-29,B000007,YUL5,6412,6,2026-03-10,2026-04-18,2026-07-23,2026-08-29,5.45,Case,1
2026-08-29,B000007,YVR2,557,14,2026-07-26,2026-07-30,2026-08-07,2026-08-29,5.45,Each,4
2026-08-29,B000007,YWG2,208,0,2025-11-17,2026-07-19,2026-04-10,2026-05-30,5.45,Pallet,6
2026-08-29,B000007,YYC1,170,68,2026-07-03,2026-07-17,2026-07-03,2026-08-29,5.45,Case,7
2026-08-29,B000007,YYZ4,1557,459,2026-07-31,2026-08-01,2026-04-01,2026-08-29,5.45,Case,3
2026-08-29,B000008,YEG3,48,1,2026-07-29,2026-08-27,2026-05-13,2026-08-29,3.7,Pallet,5
2026-08-29,B000008,YHZ1,55,5,2026-07-04,2026-08-19,2026-04-26,2026-08-29,3.7,Case,5
2026-08-29,B000008,YUL5,112,14,2026-08-23,2026-08-26,2026-06-14,2026-08-29,3.7,Case,5
2026-08-29,B000008,YYZ4,890,28,2026-03-08,2026-05-23,2026-08-13,2026-08-29,3.7,Each,5
2026-08-29,B000009,YYC1,18,3,2026-07-03,2026-07-22,2026-05-03,2026-08-29,15.41,Each,5
2026-08-29,B000009,YYZ4,493,5,2025-08-23,2026-01-29,2026-05-16,2026-08-29,15.41,Pallet,2
2026-08-29,B000010,YEG3,1003,13,2026-05-06,2026-08-05,2026-03-08,2026-08-29,22.5,Case,4
2026-08-29,B000010,YHZ1,530,38,2026-07-02,2026-08-06,2026-04-25,2026-08-29,22.5,Each,3
2026-08-29,B000010,YUL5,271,10,2026-08-27,2026-08-28,2026-03-12,2026-08-29,22.5,Case,4
2026-08-29,B000010,YVR2,1471,72,2026-06-02,2026-08-07,2026-07-31,2026-08-29,22.5,Case,2
2026-08-29,B000010,YWG2,950,38,2026-04-16,2026-05-10,2026-08-07,2026-08-29,22.5,Pallet,4
2026-08-29,B000010,YYC1,67,18,2026-08-13,2026-08-25,2026-02-12,2026-08-29,22.5,Pallet,3
2026-08-29,B000010,YYZ4,3444,39,2026-06-01,2026-06-25,2026-05-03,2026-08-29,22.5,Pallet,5
2026-08-29,B000011,YEG3,6,0,2026-04-06,2026-04-30,2026-03-31,2026-07-18,29.3,Pallet,2
2026-08-29,B000011,YYZ4,8,1,2026-08-16,2026-08-23,2026-02-01,2026-08-29,29.3,Pallet,2
2026-08-29,B000012,YEG3,29,3,2026-08-17,2026-08-28,2026-02-27,2026-08-29,9.46,Case,7
2026-08-29,B000012,YUL5,20,8,2026-08-27,2026-08-28,2026-06-15,2026-08-29,9.46,Case,5
2026-08-29,B000012,YVR2,81,19,2026-07-04,2026-07-09,2026-02-26,2026-08-29,9.46,Case,7
2026-08-29,B000012,YYZ4,266,20,2026-07-14,2026-07-21,2026-07-18,2026-08-29,9.46,Case,4
2026-08-29,B000013,YHZ1,20,3,2026-08-27,2026-08-28,2026-02-06,2026-08-29,7.12,Pallet,5
2026-08-29,B000013,YUL5,119,7,2026-06-07,2026-08-27,2026-06-07,2026-08-29,7.12,Pallet,7
2026-08-29,B000013,YVR2,89,5,2026-06-28,2026-07-30,2026-06-30,2026-08-29,7.12,Pallet,1
2026-08-29,B000013,YYZ4,1329,12,2025-03-29,2025-07-06,2026-06-08,2026-08-29,7.12,Case,1
2026-08-29,B000014,YEG3,224,2,2026-01-13,2026-08-08,2026-02-25,2026-08-29,22.31,Pallet,6
2026-08-29,B000014,YVR2,71,4,2026-07-28,2026-08-01,2026-07-12,2026-08-29,22.31,Case,4
2026-08-29,B000014,YYZ4,314,32,2026-06-24,2026-08-21,2026-07-16,2026-08-29,22.31,Each,8
2026-08-29,B000015,YEG3,17,2,2026-08-09,2026-08-14,2026-03-25,2026-08-29,3.74,Each,3
2026-08-29,B000015,YWG2,19,3,2026-08-02,2026-08-25,2026-07-14,2026-08-29,3.74,Pallet,2
2026-08-29,B000015,YYZ4,100,20,2026-06-21,2026-07-29,2026-04-12,2026-08-29,3.74,Case,4
2026-08-29,B000016,YEG3,37,6,2026-07-01,2026-08-21,2026-05-12,2026-08-29,22.7,Case,7
2026-08-29,B000016,YHZ1,102,4,2026-04-10,2026-07-26,2026-07-08,2026-08-29,22.7,Pallet,7
2026-08-29,B000016,YYC1,221,0,2025-05-27,2026-07-22,2026-05-14,2026-01-10,22.7,Pallet,6
2026-08-29,B000016,YYZ4,33,3,2026-08-27,2026-08-28,2026-04-30,2026-08-29,22.7,Case,5
2026-08-29,B000017,YEG3,1236,52,2026-04-29,2026-06-11,2026-05-04,2026-08-29,37.04,Case,4
2026-08-29,B000017,YHZ1,576,26,2026-06-15,2026-06-28,2026-07-20,2026-08-29,37.04,Case,5
2026-08-29,B000017,YUL5,258,0,2025-09-12,2025-09-18,2026-07-13,2025-11-15,37.04,Case,6
2026-08-29,B000017,YVR2,1883,134,2026-05-15,2026-07-22,2026-05-11,2026-08-29,37.04,Each,1
2026-08-29,B000017,YWG2,619,39,2026-05-18,2026-07-19,2026-02-11,2026-08-29,37.04,Pallet,6
2026-08-29,B000017,YYC1,1339,53,2026-05-19,2026-08-04,2026-04-24,2026-08-29,37.04,Pallet,1
2026-08-29,B000017,YYZ4,2812,148,2026-05-18,2026-08-28,2026-04-30,2026-08-29,37.04,Each,7
2026-08-29,B000018,YHZ1,15,1,2026-06-24,2026-07-02,2026-07-06,2026-08-29,15.1,Pallet,6
2026-08-29,B000018,YYZ4,179,5,2025-12-30,2026-08-05,2026-07-27,2026-08-29,15.1,Case,2
2026-08-29,B000019,YEG3,115,22,2026-07-17,2026-08-08,2026-06-15,2026-08-29,12.51,Each,2
2026-08-29,B000019,YHZ1,123,3,2026-07-19,2026-08-27,2026-05-24,2026-08-29,12.51,Each,2
2026-08-29,B000019,YUL5,200,24,2026-07-08,2026-08-11,2026-06-16,2026-08-29,12.51,Pallet,2
2026-08-29,B000019,YVR2,156,4,2026-07-16,2026-08-19,2026-05-29,2026-08-29,12.51,Pallet,5
2026-08-29,B000019,YWG2,119,3,2026-05-30,2026-07-06,2026-02-28,2026-08-29,12.51,Pallet,7
2026-08-29,B000019,YYC1,89,3,2026-07-30,2026-08-04,2026-07-18,2026-08-29,12.51,Each,7
2026-08-29,B000019,YYZ4,290,24,2026-08-01,2026-08-25,2026-04-14,2026-08-29,12.51,Pallet,7
2026-08-29,B000020,YHZ1,379,2,2025-02-17,2025-06-25,2026-03-02,2026-08-29,26.71,Case,5
2026-08-29,B000020,YVR2,99,6,2026-04-30,2026-05-02,2026-06-29,2026-08-29,26.71,Pallet,5
2026-08-29,B000020,YYZ4,190,11,2026-06-01,2026-07-06,2026-04-27,2026-08-29,26.71,Pallet,7
2026-08-29,B000021,YYZ4,202,0,2024-12-31,2025-12-01,2026-03-15,2026-01-31,16.28,Case,3
2026-08-29,B000022,YEG3,158,7,2026-04-13,2026-08-20,2026-06-16,2026-08-29,23.15,Pallet,5
2026-08-29,B000022,YHZ1,127,3,2026-05-11,2026-08-25,2026-06-15,2026-08-29,23.15,Pallet,5
2026-08-29,B000022,YYC1,234,6,2026-04-22,2026-05-15,2026-04-04,2026-08-29,23.15,Case,2
2026-08-29,B000022,YYZ4,476,21,2026-04-25,2026-06-07,2026-06-30,2026-08-29,23.15,Pallet,8
2026-08-29,B000023,YYC1,7,0,2026-07-12,2026-07-25,2026-02-06,2026-07-25,55.53,Case,2
2026-08-29,B000023,YYZ4,17,2,2026-07-12,2026-08-26,2026-08-06,2026-08-29,55.53,Each,6
2026-08-29,B000024,YEG3,42,3,2026-07-12,2026-07-19,2026-03-05,2026-08-29,24.8,Case,7
2026-08-29,B000024,YHZ1,31,4,2026-07-19,2026-07-26,2026-07-30,2026-08-29,24.8,Pallet,6
2026-08-29,B000024,YUL5,81,11,2026-07-28,2026-08-26,2026-05-13,2026-08-29,24.8,Pallet,3
2026-08-29,B000024,YVR2,45,0,2026-08-01,2026-08-11,2026-08-26,2026-08-29,24.8,Each,3
2026-08-29,B000024,YWG2,19,1,2026-07-06,2026-08-15,2026-06-23,2026-08-29,24.8,Pallet,4
2026-08-29,B000024,YYC1,56,3,2026-07-09,2026-08-08,2026-05-13,2026-08-29,24.8,Case,3
2026-08-29,B000024,YYZ4,55,9,2026-07-24,2026-08-23,2026-02-01,2026-08-29,24.8,Pallet,8
2026-08-29,B000025,YVR2,13,1,2026-08-27,2026-08-28,2026-07-03,2026-08-29,34.44,Each,6
2026-08-29,B000025,YYZ4,46,8,2026-07-26,2026-08-20,2026-04-11,2026-08-29,34.44,Each,6
2026-08-29,B000026,YYC1,4,1,2026-08-19,2026-08-27,2026-08-04,2026-08-15,18.63,Each,8
2026-08-29,B000026,YYZ4,16,0,2026-08-17,2026-08-20,2026-05-04,2026-08-29,18.63,Case,4
2026-08-29,B000027,YWG2,14,0,2025-09-13,2025-10-08,2026-02-17,2026-07-11,12.44,Case,4
2026-08-29,B000027,YYZ4,151,0,2025-07-15,2025-11-26,2026-03-23,2025-12-06,12.44,Pallet,4
2026-08-29,B000028,YEG3,38,1,2025-12-31,2026-06-17,2026-06-12,2026-08-29,33.32,Each,7
2026-08-29,B000028,YYZ4,19,3,2026-08-06,2026-08-27,2026-07-29,2026-08-29,33.32,Case,2
2026-08-29,B000029,YEG3,30,1,2026-06-25,2026-07-29,2026-08-24,2026-08-29,12.43,Case,5
2026-08-29,B000029,YWG2,12,0,2026-07-15,2026-08-08,2026-04-06,2026-08-29,12.43,Pallet,5
2026-08-29,B000029,YYC1,45,4,2026-04-24,2026-05-25,2026-02-06,2026-08-29,12.43,Case,6
2026-08-29,B000029,YYZ4,30,12,2026-08-04,2026-08-21,2026-05-25,2026-08-29,12.43,Case,2
2026-08-29,B000030,YEG3,13,0,2026-08-09,2026-08-10,2026-08-19,2026-08-29,26.33,Each,3
2026-08-29,B000030,YUL5,87,6,2026-05-22,2026-08-17,2026-05-07,2026-08-29,26.33,Case,5
2026-08-29,B000030,YYZ4,196,19,2026-06-21,2026-07-04,2026-08-24,2026-08-29,26.33,Pallet,5
2026-08-29,B000031,YUL5,138,16,2026-08-07,2026-08-13,2026-05-22,2026-08-29,50.63,Case,6
2026-08-29,B000031,YVR2,640,30,2026-05-10,2026-06-08,2026-07-20,2026-08-29,50.63,Pallet,5
2026-08-29,B000031,YYC1,345,3,2026-05-12,2026-08-20,2026-03-13,2026-08-29,50.63,Case,7
2026-08-29,B000031,YYZ4,568,27,2026-06-15,2026-06-21,2026-08-20,2026-08-29,50.63,Case,7
2026-08-29,B000032,YWG2,167,0,2025-06-09,2026-03-18,2026-07-30,2026-01-24,10.45,Case,5
2026-08-29,B000032,YYZ4,83,0,2025-04-17,2026-02-01,2026-02-17,2025-10-18,10.45,Pallet,8
2026-08-29,B000033,YEG3,201,3,2025-08-26,2025-10-08,2026-02-21,2026-08-29,25.32,Case,7
2026-08-29,B000033,YYZ4,16,7,2026-08-22,2026-08-26,2026-06-09,2026-08-29,25.32,Pallet,1
2026-08-29,B000034,YEG3,34,7,2026-08-13,2026-08-20,2026-08-02,2026-08-29,72.97,Pallet,5
2026-08-29,B000034,YUL5,331,3,2026-05-28,2026-05-30,2026-08-26,2026-08-29,72.97,Case,4
2026-08-29,B000034,YVR2,511,20,2026-05-21,2026-06-07,2026-05-14,2026-08-29,72.97,Case,2
2026-08-29,B000034,YYZ4,217,50,2026-08-03,2026-08-14,2026-08-17,2026-08-29,72.97,Pallet,4
2026-08-29,B000035,YUL5,26,0,2026-06-15,2026-08-23,2026-04-25,2026-08-29,30.33,Each,3
2026-08-29,B000035,YYZ4,14,3,2026-07-22,2026-07-29,2026-04-14,2026-08-29,30.33,Case,8
2026-08-29,B000036,YUL5,140,3,2025-08-23,2026-06-21,2026-06-07,2026-08-22,29.55,Pallet,4
2026-08-29,B000036,YYC1,3,2,2026-08-04,2026-08-12,2026-06-07,2026-08-29,29.55,Case,7
2026-08-29,B000036,YYZ4,54,2,2026-05-18,2026-07-09,2026-08-06,2026-08-29,29.55,Case,4
2026-08-29,B000037,YEG3,6,1,2026-06-17,2026-07-14,2026-06-09,2026-07-11,22.46,Case,6
2026-08-29,B000037,YYC1,10,1,2026-07-07,2026-08-04,2026-02-14,2026-07-11,22.46,Pallet,3
2026-08-29,B000037,YYZ4,15,0,2026-07-17,2026-08-26,2026-05-20,2026-07-11,22.46,Pallet,2
2026-08-29,B000038,YWG2,0,0,2025-05-03,2025-07-12,2026-05-05,2026-01-24,29.94,Pallet,7
2026-08-29,B000038,YYZ4,23,1,2026-04-16,2026-05-04,2026-02-05,2026-08-29,29.94,Pallet,2
2026-08-29,B000039,YVR2,16,0,2026-05-15,2026-08-11,2026-07-04,2026-08-29,19.83,Case,7
2026-08-29,B000039,YYZ4,15,2,2026-07-25,2026-08-10,2026-08-07,2026-08-29,19.83,Case,8
2026-08-29,B000040,YUL5,77,13,2026-08-18,2026-08-22,2026-03-20,2026-08-29,78.85,Each,7
2026-08-29,B000040,YVR2,88,2,2026-06-03,2026-07-28,2026-07-29,2026-08-29,78.85,Case,4
2026-08-29,B000040,YWG2,53,1,2025-10-16,2026-07-18,2026-02-04,2026-07-04,78.85,Each,6
2026-08-29,B000040,YYZ4,269,21,2026-05-14,2026-06-23,2026-04-21,2026-08-29,78.85,Each,4
2026-08-29,B000041,YEG3,308,4,2026-04-20,2026-05-28,2026-07-10,2026-08-29,14.4,Pallet,2
2026-08-29,B000041,YHZ1,188,14,2026-07-01,2026-07-15,2026-05-13,2026-08-29,14.4,Pallet,1
2026-08-29,B000041,YUL5,1081,10,2026-02-28,2026-06-20,2026-02-25,2026-08-29,14.4,Case,5
2026-08-29,B000041,YVR2,573,2,2026-05-22,2026-06-24,2026-05-08,2026-08-29,14.4,Pallet,3
2026-08-29,B000041,YWG2,167,1,2026-05-16,2026-07-28,2026-02-24,2026-08-29,14.4,Case,4
2026-08-29,B000041,YYC1,700,31,2026-03-23,2026-08-12,2026-03-26,2026-08-29,14.4,Case,2
2026-08-29,B000041,YYZ4,60,60,2026-08-27,2026-08-28,2026-04-14,2026-08-29,14.4,Case,3
2026-08-29,B000042,YUL5,255,0,2025-04-06,2026-01-29,2026-08-21,2025-11-08,22.73,Each,3
2026-08-29,B000043,YEG3,12,0,2026-08-11,2026-08-23,2026-06-22,2026-08-29,81.24,Each,3
2026-08-29,B000043,YHZ1,28,2,2026-08-09,2026-08-12,2026-06-21,2026-08-29,81.24,Case,3
2026-08-29,B000043,YVR2,39,6,2026-06-17,2026-08-26,2026-05-25,2026-08-29,81.24,Case,4
2026-08-29,B000043,YYZ4,79,2,2026-07-12,2026-08-01,2026-02-11,2026-08-29,81.24,Case,6
2026-08-29,B000044,YVR2,745,17,2025-12-29,2026-04-01,2026-04-30,2026-08-29,49.42,Pallet,4
2026-08-29,B000044,YWG2,27,5,2026-08-21,2026-08-22,2026-08-13,2026-08-29,49.42,Case,6
2026-08-29,B000044,YYC1,177,14,2026-06-19,2026-08-13,2026-03-17,2026-08-29,49.42,Each,5
2026-08-29,B000044,YYZ4,735,32,2026-06-25,2026-08-02,2026-06-02,2026-08-29,49.42,Case,6
2026-08-29,B000045,YWG2,27,1,2026-04-07,2026-04-21,2026-08-25,2026-08-29,57.92,Each,4
2026-08-29,B000045,YYZ4,180,2,2026-04-09,2026-07-10,2026-02-27,2026-08-29,57.92,Pallet,2
2026-08-29,B000046,YEG3,171,3,2026-04-07,2026-07-18,2026-05-01,2026-08-29,14.59,Case,2
2026-08-29,B000046,YUL5,154,5,2026-06-09,2026-06-16,2026-05-19,2026-08-29,14.59,Pallet,7
2026-08-29,B000046,YYC1,218,12,2026-05-10,2026-07-29,2026-05-17,2026-08-29,14.59,Case,1
2026-08-29,B000046,YYZ4,214,13,2026-06-18,2026-08-11,2026-07-05,2026-08-29,14.59,Case,8
2026-08-29,B000047,YUL5,6,0,2025-01-12,2025-08-09,2026-04-09,2025-11-08,63.07,Each,6
2026-08-29,B000047,YWG2,65,5,2026-05-18,2026-08-24,2026-06-11,2026-08-29,63.07,Case,1
2026-08-29,B000047,YYC1,158,10,2026-06-17,2026-08-20,2026-07-15,2026-08-29,63.07,Case,2
2026-08-29,B000047,YYZ4,830,45,2026-05-10,2026-06-23,2026-06-18,2026-08-29,63.07,Pallet,1
2026-08-29,B000048,YUL5,183,7,2026-03-16,2026-05-04,2026-02-03,2026-08-29,31.84,Case,7
2026-08-29,B000048,YYC1,64,2,2026-05-21,2026-07-04,2026-04-30,2026-08-29,31.84,Case,2
2026-08-29,B000048,YYZ4,221,11,2026-03-08,2026-07-02,2026-06-01,2026-08-29,31.84,Pallet,7
2026-08-29,B000049,YVR2,14,2,2026-07-13,2026-08-06,2026-02-15,2026-08-29,9.82,Case,7
2026-08-29,B000049,YYZ4,51,1,2026-06-17,2026-08-08,2026-07-14,2026-08-29,9.82,Pallet,6
2026-08-29,B000050,YEG3,205,0,2025-02-11,2026-04-26,2026-07-19,2026-08-29,10.46,Pallet,4
2026-08-29,B000050,YYZ4,170,10,2026-05-11,2026-07-23,2026-06-11,2026-08-29,10.46,Each,7
2026-08-29,B000051,YUL5,24,1,2026-05-31,2026-07-06,2026-06-12,2026-08-29,17.69,Case,2
2026-08-29,B000051,YVR2,9,0,2026-08-06,2026-08-22,2026-03-03,2026-08-29,17.69,Case,6
2026-08-29,B000051,YYZ4,193,2,2026-03-02,2026-06-08,2026-05-29,2026-08-29,17.69,Case,4
2026-08-29,B000052,YEG3,27,5,2026-08-06,2026-08-22,2026-06-18,2026-08-29,3.12,Pallet,6
2026-08-29,B000052,YUL5,52,11,2026-07-21,2026-08-11,2026-04-24,2026-08-29,3.12,Each,5
2026-08-29,B000052,YWG2,6,5,2026-07-15,2026-08-08,2026-05-31,2026-08-29,3.12,Pallet,5
2026-08-29,B000052,YYZ4,161,22,2026-07-12,2026-08-18,2026-04-26,2026-08-29,3.12,Case,2
2026-08-29,B000053,YUL5,71,5,2026-06-04,2026-07-16,2026-04-21,2026-08-29,15.69,Pallet,6
2026-08-29,B000053,YYZ4,125,6,2026-04-24,2026-07-14,2026-07-20,2026-08-22,15.69,Pallet,7
2026-08-29,B000054,YVR2,4,0,2026-06-15,2026-07-21,2026-02-23,2026-08-22,12.38,Case,6
2026-08-29,B000054,YYZ4,15,1,2026-06-18,2026-08-19,2026-02-27,2026-08-22,12.38,Case,6
2026-08-29,B000055,YUL5,24,3,2026-07-08,2026-07-27,2026-04-27,2026-08-29,23.61,Case,5
2026-08-29,B000056,YEG3,123,7,2026-06-26,2026-07-04,2026-04-21,2026-08-29,224.05,Pallet,4
2026-08-29,B000056,YHZ1,607,19,2026-02-21,2026-05-14,2026-05-03,2026-08-29,224.05,Each,6
2026-08-29,B000056,YUL5,511,4,2026-05-29,2026-06-24,2026-05-07,2026-08-29,224.05,Pallet,4
2026-08-29,B000056,YVR2,338,11,2026-06-02,2026-06-30,2026-06-02,2026-08-29,224.05,Each,5
2026-08-29,B000056,YWG2,304,10,2026-02-26,2026-04-24,2026-03-15,2026-08-29,224.05,Case,7
2026-08-29,B000056,YYC1,726,16,2026-03-09,2026-07-27,2026-06-26,2026-08-29,224.05,Pallet,7
2026-08-29,B000056,YYZ4,1525,88,2026-02-26,2026-08-20,2026-05-05,2026-08-29,224.05,Each,1
2026-08-29,B000057,YHZ1,0,0,2025-05-05,2026-06-14,2026-05-13,2025-10-25,20.35,Case,4
2026-08-29,B000057,YUL5,0,0,2025-01-08,2026-08-07,2026-04-19,2025-10-25,20.35,Case,2
2026-08-29,B000057,YWG2,202,0,2025-05-05,2026-03-16,2026-07-24,2025-10-11,20.35,Pallet,7
2026-08-29,B000057,YYZ4,233,0,2024-12-13,2025-08-12,2026-06-15,2025-11-01,20.35,Pallet,6
2026-08-29,B000058,YUL5,68,0,2024-12-16,2025-10-31,2026-05-21,2026-05-23,12.88,Case,4
2026-08-29,B000058,YVR2,100,0,2025-08-19,2025-10-23,2026-02-06,2026-05-16,12.88,Pallet,7
2026-08-29,B000058,YWG2,36,0,2025-08-23,2026-04-11,2026-07-29,2026-05-09,12.88,Pallet,7
2026-08-29,B000058,YYZ4,70,0,2024-11-12,2025-01-29,2026-07-16,2026-05-23,12.88,Each,1
2026-08-29,B000059,YEG3,51,8,2026-08-02,2026-08-09,2026-03-20,2026-08-29,55.06,Case,7
2026-08-29,B000059,YHZ1,33,3,2026-06-22,2026-07-05,2026-07-11,2026-08-29,55.06,Each,1
2026-08-29,B000059,YUL5,75,3,2026-07-27,2026-08-28,2026-08-13,2026-08-29,55.06,Case,5
2026-08-29,B000059,YVR2,73,9,2026-07-01,2026-08-28,2026-04-10,2026-08-29,55.06,Case,8
2026-08-29,B000059,YWG2,13,0,2026-07-11,2026-07-13,2026-07-30,2026-08-29,55.06,Each,5
2026-08-29,B000059,YYC1,80,2,2026-07-25,2026-08-27,2026-05-24,2026-08-29,55.06,Case,4
2026-08-29,B000059,YYZ4,153,15,2026-07-06,2026-07-25,2026-07-09,2026-08-29,55.06,Case,8
2026-08-29,B000060,YWG2,61,5,2026-08-02,2026-08-18,2026-02-01,2026-08-29,14.56,Case,6
2026-08-29,B000060,YYC1,27,0,2025-08-24,2026-02-22,2026-05-17,2026-03-14,14.56,Case,1
2026-08-29,B000060,YYZ4,22,4,2026-08-27,2026-08-28,2026-04-02,2026-08-29,14.56,Each,7
2026-08-29,B000061,YUL5,88,0,2025-01-10,2026-01-19,2026-05-25,2026-01-10,9.8,Case,8
2026-08-29,B000061,YYZ4,189,0,2025-02-09,2025-07-21,2026-05-14,2026-01-10,9.8,Each,2
2026-08-29,B000062,YUL5,34,6,2026-08-08,2026-08-21,2026-03-15,2026-08-29,13.09,Each,4
2026-08-29,B000062,YYC1,2,2,2026-08-27,2026-08-28,2026-08-11,2026-08-29,13.09,Pallet,4
2026-08-29,B000062,YYZ4,88,9,2026-08-19,2026-08-23,2026-04-26,2026-08-29,13.09,Pallet,5
2026-08-29,B000063,YEG3,16,1,2026-08-11,2026-08-18,2026-03-08,2026-08-29,20.49,Case,8
2026-08-29,B000063,YUL5,181,6,2026-02-25,2026-03-04,2026-06-30,2026-08-29,20.49,Pallet,1
2026-08-29,B000063,YVR2,28,1,2026-07-03,2026-08-11,2026-05-13,2026-08-29,20.49,Case,1
2026-08-29,B000063,YYZ4,94,3,2026-08-27,2026-08-28,2026-08-08,2026-08-29,20.49,Case,6
2026-08-29,B000064,YEG3,8,5,2026-08-11,2026-08-24,2026-04-25,2026-08-29,40.08,Each,6
2026-08-29,B000064,YVR2,66,1,2026-05-04,2026-08-09,2026-07-20,2026-08-29,40.08,Each,6
2026-08-29,B000064,YYZ4,167,12,2026-07-02,2026-08-01,2026-07-02,2026-08-29,40.08,Each,4
2026-08-29,B000065,YYC1,29,0,2025-03-20,2025-12-22,2026-08-02,2026-03-14,8.16,Pallet,6
2026-08-29,B000065,YYZ4,23,0,2024-09-13,2025-10-22,2026-04-11,2026-04-25,8.16,Case,6
2026-08-29,B000066,YUL5,859,10,2025-11-14,2026-01-30,2026-04-19,2026-08-29,24.86,Pallet,8
2026-08-29,B000066,YVR2,91,10,2026-07-25,2026-08-24,2026-04-17,2026-08-29,24.86,Case,5
2026-08-29,B000066,YYC1,148,15,2026-07-01,2026-07-05,2026-02-04,2026-08-29,24.86,Pallet,7
2026-08-29,B000066,YYZ4,156,13,2026-07-27,2026-07-28,2026-03-27,2026-08-29,24.86,Each,3
2026-08-29,B000067,YEG3,201,14,2026-06-11,2026-06-14,2026-02-22,2026-08-29,26.62,Case,4
2026-08-29,B000067,YHZ1,139,11,2026-06-17,2026-07-17,2026-08-03,2026-08-29,26.62,Case,5
2026-08-29,B000067,YUL5,255,13,2026-07-05,2026-07-17,2026-04-04,2026-08-29,26.62,Each,6
2026-08-29,B000067,YVR2,0,0,2025-01-17,2025-10-08,2026-07-25,2026-03-07,26.62,Case,8
2026-08-29,B000067,YWG2,107,2,2026-07-24,2026-08-02,2026-02-04,2026-08-29,26.62,Pallet,8
2026-08-29,B000067,YYC1,76,12,2026-07-24,2026-08-22,2026-02-02,2026-08-29,26.62,Case,8
2026-08-29,B000067,YYZ4,466,43,2026-06-12,2026-07-18,2026-03-18,2026-08-29,26.62,Pallet,7
2026-08-29,B000068,YHZ1,38,1,2026-05-17,2026-06-07,2026-06-20,2026-08-29,53.46,Pallet,5
2026-08-29,B000068,YUL5,120,5,2026-06-03,2026-06-27,2026-03-25,2026-08-29,53.46,Pallet,7
2026-08-29,B000068,YYZ4,87,0,2024-11-16,2025-01-13,2026-05-26,2025-10-04,53.46,Pallet,8
2026-08-29,B000069,YEG3,421,1,2025-07-11,2025-11-05,2026-02-09,2026-08-29,11.1,Case,8
2026-08-29,B000069,YVR2,103,2,2026-05-11,2026-05-23,2026-07-02,2026-08-29,11.1,Each,4
2026-08-29,B000069,YYC1,261,7,2025-12-19,2026-03-22,2026-05-12,2026-08-29,11.1,Pallet,8
2026-08-29,B000069,YYZ4,362,16,2026-05-07,2026-05-16,2026-08-02,2026-08-29,11.1,Each,1
2026-08-29,B000070,YEG3,95,2,2026-08-05,2026-08-10,2026-02-08,2026-08-29,8.73,Pallet,2
2026-08-29,B000070,YHZ1,20,15,2026-08-27,2026-08-28,2026-08-09,2026-08-29,8.73,Case,4
2026-08-29,B000070,YUL5,423,3,2026-07-07,2026-08-20,2026-07-20,2026-08-29,8.73,Pallet,2
2026-08-29,B000070,YVR2,1017,13,2025-11-06,2026-01-30,2026-04-28,2026-08-29,8.73,Case,3
2026-08-29,B000070,YWG2,161,0,2024-08-31,2026-06-25,2026-07-22,2026-01-31,8.73,Case,1
2026-08-29,B000070,YYC1,79,0,2025-10-16,2026-05-17,2026-04-19,2026-01-10,8.73,Pallet,3
2026-08-29,B000070,YYZ4,342,72,2026-08-04,2026-08-24,2026-04-19,2026-08-29,8.73,Case,8
2026-08-29,B000071,YUL5,34,0,2026-02-26,2026-07-04,2026-07-13,2026-01-10,52.68,Each,2
2026-08-29,B000071,YVR2,176,0,2026-01-13,2026-07-01,2026-08-25,2026-01-24,52.68,Pallet,8
2026-08-29,B000071,YYZ4,222,0,2025-09-29,2026-01-21,2026-02-05,2026-01-17,52.68,Pallet,4
2026-08-29,B000072,YEG3,12,3,2026-08-06,2026-08-21,2026-08-26,2026-08-29,16.47,Case,7
2026-08-29,B000072,YUL5,5,1,2026-07-29,2026-08-25,2026-04-28,2026-08-29,16.47,Each,3
2026-08-29,B000072,YYZ4,58,10,2026-06-24,2026-07-17,2026-04-29,2026-08-29,16.47,Pallet,7
2026-08-29,B000073,YHZ1,34,2,2026-04-20,2026-04-29,2026-05-30,2026-08-29,4.65,Case,7
2026-08-29,B000073,YYZ4,44,2,2026-06-23,2026-07-29,2026-04-13,2026-08-29,4.65,Case,8
2026-08-29,B000074,YHZ1,23,0,2026-07-04,2026-08-08,2026-03-24,2026-08-29,11.14,Each,5
2026-08-29,B000074,YUL5,47,7,2026-08-17,2026-08-25,2026-06-07,2026-08-29,11.14,Case,3
2026-08-29,B000074,YYC1,188,0,2025-03-13,2026-02-19,2026-07-12,2026-03-28,11.14,Pallet,2
2026-08-29,B000074,YYZ4,190,13,2026-06-21,2026-07-17,2026-06-30,2026-08-29,11.14,Each,6
2026-08-29,B000075,YUL5,43,6,2026-08-03,2026-08-18,2026-08-22,2026-08-29,56.39,Pallet,1
2026-08-29,B000075,YVR2,189,7,2026-05-22,2026-08-03,2026-02-01,2026-08-29,56.39,Pallet,3
2026-08-29,B000075,YWG2,80,4,2026-05-14,2026-06-14,2026-05-01,2026-08-29,56.39,Case,3
2026-08-29,B000075,YYZ4,598,33,2026-04-12,2026-04-26,2026-07-20,2026-08-29,56.39,Pallet,1
2026-08-29,B000076,YUL5,34,3,2026-07-25,2026-07-28,2026-04-24,2026-08-22,31.77,Case,5
2026-08-29,B000076,YYZ4,45,7,2026-07-30,2026-08-25,2026-03-31,2026-08-29,31.77,Pallet,4
2026-08-29,B000077,YWG2,12,1,2026-07-15,2026-07-16,2026-03-06,2026-08-29,55.44,Pallet,4
2026-08-29,B000077,YYZ4,41,6,2026-08-03,2026-08-17,2026-06-02,2026-08-29,55.44,Case,7
2026-08-29,B000078,YWG2,0,0,2025-10-03,2025-12-14,2026-08-08,2026-05-16,172.65,Case,1
2026-08-29,B000078,YYZ4,38,1,2026-06-25,2026-08-03,2026-04-08,2026-08-29,172.65,Pallet,5
2026-08-29,B000079,YEG3,37,3,2026-07-23,2026-07-29,2026-07-19,2026-08-29,12.85,Pallet,6
2026-08-29,B000079,YWG2,14,4,2026-08-04,2026-08-28,2026-02-12,2026-08-29,12.85,Each,6
2026-08-29,B000079,YYZ4,197,20,2026-07-26,2026-08-21,2026-05-06,2026-08-29,12.85,Pallet,8
2026-08-29,B000080,YUL5,47,4,2026-04-20,2026-08-22,2026-06-15,2026-08-29,21.75,Case,7
2026-08-29,B000080,YYZ4,0,0,2025-01-05,2025-03-07,2026-05-08,2025-12-27,21.75,Case,4
2026-08-29,B000081,YEG3,65,0,2026-05-11,2026-06-26,2026-05-18,2026-08-29,17.12,Each,1
2026-08-29,B000081,YHZ1,56,2,2026-04-10,2026-08-14,2026-02-18,2026-08-29,17.12,Pallet,7
2026-08-29,B000081,YYC1,13,0,2026-05-31,2026-07-31,2026-06-26,2026-06-20,17.12,Case,6
2026-08-29,B000081,YYZ4,29,6,2026-08-11,2026-08-17,2026-02-26,2026-08-29,17.12,Case,4
2026-08-29,B000082,YEG3,318,12,2026-04-19,2026-05-20,2026-05-22,2026-08-29,43.59,Each,8
2026-08-29,B000082,YHZ1,229,4,2026-06-12,2026-08-12,2026-02-21,2026-08-29,43.59,Pallet,2
2026-08-29,B000082,YUL5,901,41,2026-04-01,2026-06-30,2026-07-18,2026-08-29,43.59,Pallet,4
2026-08-29,B000082,YVR2,890,56,2026-06-16,2026-07-11,2026-07-11,2026-08-29,43.59,Case,3
2026-08-29,B000082,YWG2,164,15,2026-07-01,2026-07-22,2026-03-17,2026-08-29,43.59,Each,4
2026-08-29,B000082,YYC1,513,28,2026-06-01,2026-06-17,2026-05-21,2026-08-29,43.59,Case,8
2026-08-29,B000082,YYZ4,1219,72,2026-05-21,2026-07-06,2026-05-19,2026-08-29,43.59,Each,3
2026-08-29,B000083,YVR2,694,5,2025-07-01,2026-08-16,2026-02-13,2026-08-29,25.64,Case,3
2026-08-29,B000083,YYC1,87,3,2026-07-06,2026-08-26,2026-05-25,2026-08-29,25.64,Case,1
2026-08-29,B000083,YYZ4,243,9,2026-05-29,2026-08-06,2026-04-23,2026-08-29,25.64,Pallet,8
2026-08-29,B000084,YEG3,216,0,2026-04-06,2026-07-19,2026-04-05,2026-08-29,10.08,Case,1
2026-08-29,B000084,YHZ1,366,1,2026-04-18,2026-07-09,2026-04-16,2026-08-29,10.08,Pallet,7
2026-08-29,B000084,YUL5,1,0,2025-11-21,2026-03-18,2026-02-15,,10.08,Case,1
2026-08-29,B000084,YVR2,547,36,2026-05-30,2026-07-04,2026-03-06,2026-08-29,10.08,Case,8
2026-08-29,B000084,YWG2,18,12,2026-07-14,2026-08-18,2026-08-13,2026-08-29,10.08,Case,5
2026-08-29,B000084,YYC1,589,29,2026-04-06,2026-06-14,2026-07-23,2026-08-29,10.08,Pallet,2
2026-08-29,B000084,YYZ4,997,58,2026-06-03,2026-08-23,2026-08-08,2026-08-29,10.08,Pallet,4
2026-08-29,B000085,YVR2,12,0,2026-07-15,2026-08-04,2026-05-12,2026-08-29,85.16,Pallet,8
2026-08-29,B000085,YYC1,111,1,2025-09-21,2026-06-24,2026-02-15,2026-08-29,85.16,Case,2
2026-08-29,B000085,YYZ4,83,2,2026-05-15,2026-05-25,2026-05-21,2026-08-29,85.16,Case,1
2026-08-29,B000086,YHZ1,9,0,2026-08-27,2026-08-28,2026-03-21,2026-08-29,8.8,Pallet,7
2026-08-29,B000086,YUL5,34,2,2026-06-24,2026-08-20,2026-05-11,2026-08-29,8.8,Pallet,6
2026-08-29,B000086,YYZ4,48,5,2026-06-13,2026-07-16,2026-08-06,2026-08-29,8.8,Each,1
2026-08-29,B000087,YHZ1,41,6,2026-06-12,2026-08-01,2026-08-10,2026-08-29,35.54,Each,6
2026-08-29,B000087,YUL5,65,10,2026-06-26,2026-07-31,2026-02-15,2026-08-29,35.54,Case,5
2026-08-29,B000087,YYZ4,85,5,2026-07-22,2026-08-09,2026-02-16,2026-08-29,35.54,Each,2
2026-08-29,B000088,YUL5,48,2,2026-08-24,2026-08-25,2026-05-30,2026-08-29,22.27,Pallet,4
2026-08-29,B000088,YWG2,80,2,2026-01-22,2026-06-08,2026-03-14,2026-08-29,22.27,Each,8
2026-08-29,B000088,YYZ4,132,10,2026-06-11,2026-07-09,2026-04-10,2026-08-29,22.27,Case,4
2026-08-29,B000089,YEG3,13,3,2026-08-11,2026-08-15,2026-05-06,2026-08-29,29.26,Case,6
2026-08-29,B000089,YUL5,399,19,2026-04-10,2026-04-12,2026-03-30,2026-08-29,29.26,Case,1
2026-08-29,B000089,YYZ4,703,12,2026-04-18,2026-05-11,2026-08-18,2026-08-29,29.26,Pallet,6
2026-08-29,B000090,YEG3,263,13,2026-06-19,2026-08-12,2026-02-24,2026-08-29,30.31,Pallet,7
2026-08-29,B000090,YHZ1,310,21,2026-05-05,2026-05-26,2026-03-29,2026-08-29,30.31,Pallet,8
2026-08-29,B000090,YUL5,1615,4,2026-03-15,2026-04-20,2026-07-10,2026-08-29,30.31,Case,6
2026-08-29,B000090,YVR2,37,13,2026-08-27,2026-08-28,2026-02-07,2026-08-29,30.31,Each,7
2026-08-29,B000090,YWG2,81,15,2026-07-26,2026-08-03,2026-08-22,2026-08-29,30.31,Pallet,3
2026-08-29,B000090,YYC1,619,23,2026-03-24,2026-05-28,2026-04-11,2026-08-29,30.31,Pallet,8
2026-08-29,B000090,YYZ4,78,0,2025-11-03,2026-05-01,2026-03-26,2026-01-31,30.31,Pallet,7
2026-08-29,B000091,YUL5,46,3,2026-06-11,2026-06-19,2026-08-11,2026-08-29,40.85,Case,4
2026-08-29,B000091,YYC1,14,0,2026-07-14,2026-07-29,2026-03-17,2026-08-29,40.85,Each,4
2026-08-29,B000091,YYZ4,45,3,2026-07-24,2026-08-04,2026-04-13,2026-08-29,40.85,Case,3
2026-08-29,B000092,YUL5,15,2,2026-07-13,2026-07-30,2026-05-03,2026-08-29,37.96,Case,7
2026-08-29,B000092,YWG2,10,0,2026-07-23,2026-08-26,2026-05-16,2026-08-29,37.96,Case,2
2026-08-29,B000092,YYC1,30,5,2026-07-18,2026-08-20,2026-05-07,2026-08-29,37.96,Pallet,4
2026-08-29,B000092,YYZ4,53,8,2026-07-15,2026-08-16,2026-05-03,2026-08-29,37.96,Pallet,6
2026-08-29,B000093,YYC1,29,0,2025-06-22,2025-12-28,2026-02-12,2025-11-29,3.57,Pallet,1
2026-08-29,B000093,YYZ4,23,0,2025-04-16,2026-01-16,2026-03-04,2025-11-29,3.57,Case,4
2026-08-29,B000094,YEG3,61,5,2026-06-24,2026-06-27,2026-04-04,2026-08-29,14.88,Case,4
2026-08-29,B000094,YHZ1,324,1,2025-09-29,2026-01-09,2026-08-19,2026-08-29,14.88,Each,6
2026-08-29,B000094,YYC1,535,5,2025-08-09,2026-02-08,2026-05-06,2026-08-29,14.88,Each,5
2026-08-29,B000094,YYZ4,2144,16,2025-02-26,2025-09-21,2026-08-06,2026-08-29,14.88,Pallet,7
2026-08-29,B000095,YEG3,65,4,2026-07-02,2026-07-03,2026-03-01,2026-08-29,4.5,Each,4
2026-08-29,B000095,YHZ1,95,2,2026-06-30,2026-08-27,2026-06-09,2026-08-29,4.5,Each,1
2026-08-29,B000095,YUL5,108,14,2026-08-27,2026-08-28,2026-08-24,2026-08-29,4.5,Pallet,7
2026-08-29,B000095,YVR2,48,9,2026-08-19,2026-08-26,2026-05-02,2026-08-29,4.5,Case,8
2026-08-29,B000095,YWG2,35,5,2026-07-19,2026-08-26,2026-06-05,2026-08-29,4.5,Each,4
2026-08-29,B000095,YYC1,236,5,2026-03-06,2026-07-19,2026-07-04,2026-08-29,4.5,Pallet,2
2026-08-29,B000095,YYZ4,328,23,2026-06-22,2026-06-24,2026-02-17,2026-08-29,4.5,Case,2
2026-08-29,B000096,YUL5,31,0,2024-12-27,2025-07-21,2026-06-25,2025-11-01,125.28,Case,8
2026-08-29,B000096,YYZ4,10,1,2026-07-21,2026-08-22,2026-03-03,2026-08-15,125.28,Pallet,8
2026-08-29,B000097,YVR2,94,0,2024-12-07,2025-07-26,2026-07-10,2025-10-11,48.69,Pallet,3
2026-08-29,B000097,YYC1,60,0,2025-10-14,2026-07-13,2026-04-12,2026-05-02,48.69,Pallet,4
2026-08-29,B000097,YYZ4,18,0,2026-08-26,2026-08-28,2026-06-20,2026-08-29,48.69,Pallet,4
2026-08-29,B000098,YHZ1,157,0,2025-06-03,2025-08-17,2026-07-13,2026-04-18,13.55,Each,7
2026-08-29,B000098,YYZ4,172,0,2024-08-14,2024-12-21,2026-05-14,2026-04-04,13.55,Each,7
2026-08-29,B000099,YEG3,90,4,2026-05-30,2026-08-09,2026-02-18,2026-08-29,120.32,Each,3
2026-08-29,B000099,YHZ1,191,7,2026-06-26,2026-07-10,2026-02-16,2026-08-29,120.32,Pallet,5
2026-08-29,B000099,YVR2,858,16,2025-07-16,2025-08-10,2026-06-21,2026-08-29,120.32,Case,2
2026-08-29,B000099,YYZ4,309,33,2026-07-08,2026-08-27,2026-07-12,2026-08-29,120.32,Case,4
2026-08-29,B000100,YUL5,28,1,2026-07-10,2026-08-27,2026-03-22,2026-08-29,2.0,Each,2
2026-08-29,B000100,YYZ4,145,3,2026-05-30,2026-08-25,2026-02-01,2026-08-29,2.0,Case,1
2026-08-29,B000101,YEG3,83,2,2026-06-07,2026-08-19,2026-07-04,2026-08-29,32.63,Case,2
2026-08-29,B000101,YUL5,51,1,2026-07-07,2026-08-18,2026-06-17,2026-07-04,32.63,Pallet,7
2026-08-29,B000101,YYC1,65,7,2026-07-01,2026-07-28,2026-06-25,2026-08-29,32.63,Case,4
2026-08-29,B000101,YYZ4,28,1,2026-06-20,2026-08-17,2026-08-22,2026-06-13,32.63,Each,8
2026-08-29,B000102,YEG3,17,2,2026-08-21,2026-08-25,2026-05-08,2026-08-29,4.23,Pallet,3
2026-08-29,B000102,YHZ1,39,8,2026-07-13,2026-08-18,2026-03-25,2026-08-29,4.23,Case,5
2026-08-29,B000102,YUL5,57,8,2026-08-27,2026-08-28,2026-08-05,2026-08-29,4.23,Pallet,7
2026-08-29,B000102,YVR2,41,10,2026-08-03,2026-08-26,2026-02-03,2026-08-29,4.23,Pallet,1
2026-08-29,B000102,YWG2,2,2,2026-08-01,2026-08-09,2026-05-31,2026-08-29,4.23,Case,5
2026-08-29,B000102,YYC1,79,9,2026-07-31,2026-08-23,2026-03-11,2026-08-29,4.23,Case,1
2026-08-29,B000102,YYZ4,94,22,2026-08-16,2026-08-19,2026-05-10,2026-08-29,4.23,Case,2
2026-08-29,B000103,YEG3,301,2,2024-12-17,2026-05-21,2026-03-11,2026-08-29,12.96,Each,1
2026-08-29,B000103,YYC1,63,2,2026-06-22,2026-06-23,2026-07-08,2026-08-29,12.96,Pallet,4
2026-08-29,B000103,YYZ4,22,1,2026-07-07,2026-07-25,2026-06-16,2026-06-20,12.96,Case,1
2026-08-29,B000104,YEG3,118,0,2024-10-31,2025-07-09,2026-08-21,2026-05-02,16.04,Pallet,1
2026-08-29,B000104,YVR2,6,0,2024-10-22,2026-07-28,2026-06-25,2026-02-28,16.04,Pallet,2
2026-08-29,B000104,YYZ4,163,0,2025-12-02,2026-01-12,2026-05-01,2026-05-02,16.04,Pallet,8
2026-08-29,B000105,YUL5,63,3,2026-05-24,2026-06-14,2026-04-28,2026-08-29,32.78,Pallet,2
2026-08-29,B000105,YVR2,48,3,2026-07-02,2026-07-27,2026-08-05,2026-08-29,32.78,Pallet,7
2026-08-29,B000105,YYZ4,113,5,2026-07-05,2026-07-19,2026-04-21,2026-08-22,32.78,Case,3
2026-08-29,B000106,YEG3,6,2,2026-08-20,2026-08-26,2026-04-14,2026-08-29,11.64,Case,5
2026-08-29,B000106,YYC1,19,1,2026-07-14,2026-08-02,2026-04-15,2026-08-29,11.64,Each,8
2026-08-29,B000106,YYZ4,71,6,2026-07-11,2026-08-03,2026-04-25,2026-08-29,11.64,Pallet,7
2026-08-29,B000107,YEG3,240,18,2026-05-26,2026-05-31,2026-05-01,2026-08-29,6.42,Pallet,5
2026-08-29,B000107,YHZ1,847,0,2026-02-07,2026-07-31,2026-04-27,2026-08-29,6.42,Case,5
2026-08-29,B000107,YUL5,480,30,2026-07-01,2026-08-28,2026-04-30,2026-08-29,6.42,Pallet,3
2026-08-29,B000107,YVR2,255,13,2026-07-08,2026-07-24,2026-06-30,2026-08-29,6.42,Pallet,6
2026-08-29,B000107,YWG2,307,14,2026-05-24,2026-07-24,2026-06-29,2026-08-29,6.42,Case,5
2026-08-29,B000107,YYC1,345,4,2026-06-24,2026-07-14,2026-04-15,2026-08-29,6.42,Pallet,3
2026-08-29,B000107,YYZ4,109,0,2025-03-01,2025-06-23,2026-05-14,2025-09-27,6.42,Each,7
2026-08-29,B000108,YEG3,389,14,2026-05-29,2026-06-01,2026-05-04,2026-08-29,27.52,Pallet,6
2026-08-29,B000108,YHZ1,210,20,2026-07-29,2026-08-11,2026-03-12,2026-08-29,27.52,Each,7
2026-08-29,B000108,YUL5,310,40,2026-07-20,2026-08-07,2026-07-09,2026-08-29,27.52,Case,2
2026-08-29,B000108,YVR2,530,35,2026-06-22,2026-06-26,2026-06-20,2026-08-29,27.52,Case,2
2026-08-29,B000108,YWG2,36,11,2026-08-20,2026-08-26,2026-07-10,2026-08-29,27.52,Pallet,1
2026-08-29,B000108,YYC1,482,31,2026-05-03,2026-05-24,2026-03-29,2026-08-29,27.52,Case,6
2026-08-29,B000108,YYZ4,1584,47,2026-04-26,2026-08-07,2026-05-10,2026-08-29,27.52,Pallet,4
2026-08-29,B000109,YWG2,13,2,2026-07-28,2026-08-10,2026-06-21,2026-08-29,27.2,Pallet,3
2026-08-29,B000109,YYC1,23,3,2026-07-27,2026-08-05,2026-07-13,2026-08-29,27.2,Pallet,7
2026-08-29,B000109,YYZ4,13,13,2026-08-22,2026-08-28,2026-06-29,2026-08-29,27.2,Pallet,1
2026-08-29,B000110,YUL5,52,2,2026-06-14,2026-08-11,2026-07-04,2026-08-29,27.06,Each,3
2026-08-29,B000110,YVR2,79,5,2026-05-31,2026-08-15,2026-07-31,2026-08-29,27.06,Each,6
2026-08-29,B000110,YYC1,72,1,2026-05-08,2026-06-07,2026-06-13,2026-08-29,27.06,Each,3
2026-08-29,B000110,YYZ4,94,4,2026-07-11,2026-08-26,2026-03-16,2026-08-29,27.06,Case,7
2026-08-29,B000111,YEG3,14,2,2026-08-04,2026-08-25,2026-06-24,2026-08-29,11.26,Each,2
2026-08-29,B000111,YUL5,37,6,2026-07-23,2026-07-31,2026-08-08,2026-08-29,11.26,Case,8
2026-08-29,B000111,YYZ4,28,6,2026-08-22,2026-08-28,2026-04-24,2026-08-29,11.26,Each,4
2026-08-29,B000112,YVR2,20,1,2026-05-02,2026-05-07,2026-06-03,2026-07-11,43.81,Case,8
2026-08-29,B000112,YYC1,0,0,2026-08-26,2026-08-28,2026-04-13,2026-07-11,43.81,Each,8
2026-08-29,B000112,YYZ4,23,1,2026-06-08,2026-07-28,2026-04-10,2026-07-18,43.81,Case,6
2026-08-29,B000113,YUL5,54,3,2026-06-17,2026-07-18,2026-06-23,2026-08-29,5.59,Pallet,3
2026-08-29,B000113,YVR2,31,3,2026-06-04,2026-08-22,2026-08-17,2026-08-22,5.59,Pallet,2
2026-08-29,B000113,YYZ4,17,3,2026-07-31,2026-08-22,2026-03-10,2026-08-29,5.59,Each,7
2026-08-29,B000114,YUL5,53,0,2024-10-08,2025-11-18,2026-05-09,2026-01-03,74.15,Pallet,3
2026-08-29,B000114,YVR2,0,0,2024-11-27,2025-01-23,2026-04-28,2026-01-03,74.15,Case,2
2026-08-29,B000114,YYC1,140,0,2025-09-22,2026-04-02,2026-03-22,2026-01-03,74.15,Case,6
2026-08-29,B000115,YEG3,70,4,2026-05-15,2026-05-21,2026-08-16,2026-08-29,32.44,Pallet,2
2026-08-29,B000115,YUL5,311,5,2026-05-19,2026-06-23,2026-07-11,2026-08-29,32.44,Case,6
2026-08-29,B000115,YYC1,109,6,2026-06-21,2026-08-20,2026-06-19,2026-08-29,32.44,Case,6
2026-08-29,B000115,YYZ4,378,19,2026-05-03,2026-08-16,2026-08-07,2026-08-29,32.44,Case,4
2026-08-29,B000116,YEG3,116,3,2026-04-30,2026-06-27,2026-02-28,2026-08-29,59.9,Case,4
2026-08-29,B000116,YHZ1,50,8,2026-07-30,2026-08-26,2026-06-17,2026-08-29,59.9,Case,6
2026-08-29,B000116,YUL5,224,9,2026-05-29,2026-06-17,2026-03-09,2026-08-29,59.9,Each,7
2026-08-29,B000116,YVR2,817,14,2025-05-14,2026-06-08,2026-06-07,2026-08-29,59.9,Pallet,1
2026-08-29,B000116,YWG2,89,4,2026-05-15,2026-08-09,2026-05-03,2026-08-29,59.9,Pallet,3
2026-08-29,B000116,YYC1,249,1,2026-06-05,2026-08-25,2026-05-11,2026-08-29,59.9,Pallet,6
2026-08-29,B000116,YYZ4,538,11,2026-04-28,2026-07-13,2026-05-30,2026-08-29,59.9,Each,3
2026-08-29,B000117,YEG3,40,5,2026-07-05,2026-07-16,2026-05-07,2026-08-29,10.32,Each,5
2026-08-29,B000117,YYZ4,189,1,2026-07-09,2026-07-15,2026-07-27,2026-08-29,10.32,Case,2
2026-08-29,B000118,YEG3,165,0,2024-12-28,2025-01-10,2026-03-05,2026-01-10,14.9,Case,1
2026-08-29,B000118,YHZ1,212,0,2025-09-12,2026-07-07,2026-04-06,2026-01-10,14.9,Pallet,7
2026-08-29,B000118,YWG2,126,0,2025-06-20,2025-11-19,2026-02-25,2025-12-27,14.9,Each,3
2026-08-29,B000118,YYC1,199,0,2026-02-10,2026-04-20,2026-08-19,2026-01-03,14.9,Case,4
2026-08-29,B000119,YYC1,8,1,2026-07-08,2026-08-28,2026-02-22,2026-08-29,15.29,Case,7
2026-08-29,B000119,YYZ4,22,5,2026-08-14,2026-08-17,2026-02-03,2026-08-29,15.29,Case,1
2026-08-29,B000120,YVR2,39,5,2026-07-12,2026-07-15,2026-04-12,2026-08-29,22.08,Each,8
2026-08-29,B000120,YWG2,36,1,2026-06-23,2026-08-20,2026-03-21,2026-08-29,22.08,Case,2
2026-08-29,B000120,YYZ4,39,7,2026-08-07,2026-08-22,2026-06-18,2026-08-29,22.08,Pallet,3
2026-08-29,B000121,YUL5,34,1,2026-07-09,2026-07-16,2026-07-29,2026-08-22,27.65,Each,7
2026-08-29,B000121,YYZ4,31,0,2025-04-04,2025-07-06,2026-02-17,,27.65,Case,7
2026-08-29,B000122,YEG3,187,3,2026-08-25,2026-08-28,2026-02-23,2026-08-29,13.42,Case,5
2026-08-29,B000122,YHZ1,186,8,2026-07-03,2026-07-22,2026-03-21,2026-08-29,13.42,Case,8
2026-08-29,B000122,YUL5,440,94,2026-08-24,2026-08-25,2026-03-08,2026-08-29,13.42,Each,1
2026-08-29,B000122,YVR2,299,72,2026-07-27,2026-08-24,2026-04-03,2026-08-29,13.42,Pallet,2
2026-08-29,B000122,YWG2,36,7,2026-08-03,2026-08-16,2026-04-29,2026-08-29,13.42,Pallet,5
2026-08-29,B000122,YYC1,355,12,2026-08-09,2026-08-16,2026-04-14,2026-08-29,13.42,Case,8
2026-08-29,B000122,YYZ4,843,0,2026-07-27,2026-08-01,2026-02-15,2026-08-29,13.42,Each,3
2026-08-29,B000123,YUL5,21,2,2026-08-02,2026-08-20,2026-08-21,2026-08-29,11.77,Each,3
2026-08-29,B000123,YVR2,32,8,2026-07-06,2026-08-26,2026-06-25,2026-08-29,11.77,Case,1
2026-08-29,B000123,YYZ4,45,6,2026-07-22,2026-07-28,2026-07-01,2026-08-29,11.77,Pallet,3
2026-08-29,B000124,YHZ1,5,0,2026-08-15,2026-08-25,2026-08-21,2026-08-22,19.28,Each,6
2026-08-29,B000124,YYC1,11,1,2026-07-18,2026-08-15,2026-05-21,2026-08-29,19.28,Pallet,4
2026-08-29,B000124,YYZ4,372,12,2025-12-12,2026-06-11,2026-05-13,2026-08-29,19.28,Case,2
2026-08-29,B000125,YUL5,150,1,2026-06-08,2026-07-01,2026-02-21,2026-08-29,8.87,Case,8
2026-08-29,B000125,YYC1,64,0,2026-07-16,2026-08-01,2026-04-12,2026-08-29,8.87,Each,2
2026-08-29,B000125,YYZ4,158,1,2026-07-11,2026-08-14,2026-07-30,2026-08-29,8.87,Case,7
2026-08-29,B000126,YHZ1,92,8,2026-07-16,2026-08-09,2026-08-12,2026-08-29,5.33,Each,8
2026-08-29,B000126,YWG2,401,2,2025-09-14,2026-03-14,2026-02-07,2026-08-29,5.33,Case,7
2026-08-29,B000126,YYC1,44,10,2026-08-18,2026-08-24,2026-08-24,2026-08-29,5.33,Each,2
2026-08-29,B000126,YYZ4,459,26,2026-06-12,2026-08-06,2026-06-28,2026-08-29,5.33,Case,6
2026-08-29,B000127,YEG3,35,2,2026-06-15,2026-08-17,2026-04-16,2026-08-29,15.81,Pallet,6
2026-08-29,B000127,YYZ4,108,16,2026-07-14,2026-08-18,2026-05-29,2026-08-29,15.81,Case,1
2026-08-29,B000128,YEG3,244,9,2026-06-20,2026-06-23,2026-04-27,2026-07-18,12.39,Case,3
2026-08-29,B000128,YHZ1,1433,13,2025-06-17,2025-09-22,2026-07-03,2026-07-18,12.39,Case,8
2026-08-29,B000128,YUL5,80,0,2025-04-26,2025-11-07,2026-05-30,2026-04-25,12.39,Case,4
2026-08-29,B000128,YVR2,492,49,2026-07-08,2026-08-16,2026-08-23,2026-07-18,12.39,Case,3
2026-08-29,B000128,YWG2,103,16,2026-07-08,2026-07-16,2026-06-30,2026-07-18,12.39,Case,6
2026-08-29,B000128,YYZ4,1113,45,2026-04-07,2026-04-16,2026-03-04,2026-07-18,12.39,Each,8
2026-08-29,B000129,YEG3,7920,25,2025-05-21,2026-04-02,2026-08-07,2026-08-29,47.77,Case,7
2026-08-29,B000129,YHZ1,1240,52,2026-05-18,2026-08-07,2026-03-11,2026-08-29,47.77,Each,5
2026-08-29,B000129,YUL5,3602,234,2026-04-29,2026-06-03,2026-02-27,2026-08-29,47.77,Pallet,5
2026-08-29,B000129,YVR2,3288,188,2026-05-15,2026-06-14,2026-02-16,2026-08-29,47.77,Pallet,7
2026-08-29,B000129,YWG2,5515,50,2025-01-12,2025-06-29,2026-04-04,2026-08-29,47.77,Case,4
2026-08-29,B000129,YYC1,1575,108,2026-05-31,2026-07-24,2026-03-11,2026-08-29,47.77,Each,7
2026-08-29,B000129,YYZ4,5104,386,2026-04-27,2026-05-24,2026-08-21,2026-08-29,47.77,Pallet,1
2026-08-29,B000130,YUL5,20,7,2026-08-04,2026-08-06,2026-02-01,2026-08-29,4.08,Pallet,4
2026-08-29,B000130,YVR2,55,1,2026-06-27,2026-07-01,2026-05-29,2026-08-29,4.08,Each,7
2026-08-29,B000130,YYZ4,63,5,2026-08-03,2026-08-19,2026-02-27,2026-08-29,4.08,Pallet,4
2026-08-29,B000131,YVR2,57,3,2026-06-06,2026-08-11,2026-07-20,2026-08-29,72.17,Each,2
2026-08-29,B000131,YYZ4,756,8,2024-12-22,2026-07-11,2026-03-03,2026-08-29,72.17,Pallet,4
2026-08-29,B000132,YEG3,54,1,2026-04-21,2026-08-23,2026-03-29,2026-08-29,36.4,Each,5
2026-08-29,B000132,YHZ1,28,2,2026-06-03,2026-07-28,2026-07-24,2026-08-29,36.4,Pallet,7
2026-08-29,B000132,YUL5,105,9,2026-06-29,2026-07-06,2026-06-08,2026-08-29,36.4,Each,4
2026-08-29,B000132,YVR2,67,4,2026-06-12,2026-06-16,2026-07-22,2026-08-29,36.4,Case,2
2026-08-29,B000132,YWG2,14,1,2026-07-12,2026-07-28,2026-03-09,2026-08-22,36.4,Each,3
2026-08-29,B000132,YYZ4,230,8,2026-06-07,2026-08-09,2026-07-18,2026-08-29,36.4,Pallet,2
2026-08-29,B000133,YVR2,3,1,2026-08-09,2026-08-12,2026-02-17,2026-08-22,15.18,Pallet,3
2026-08-29,B000133,YYZ4,4,0,2026-08-11,2026-08-15,2026-04-07,2026-08-29,15.18,Case,7
2026-08-29,B000134,YEG3,226,7,2026-04-22,2026-04-25,2026-06-13,2026-08-29,17.14,Pallet,8
2026-08-29,B000134,YHZ1,142,9,2026-05-13,2026-07-01,2026-08-20,2026-08-29,17.14,Case,6
2026-08-29,B000134,YUL5,676,38,2026-04-12,2026-06-03,2026-08-08,2026-08-29,17.14,Case,1
2026-08-29,B000134,YVR2,434,2,2026-05-24,2026-08-21,2026-04-23,2026-08-29,17.14,Pallet,8
2026-08-29,B000134,YWG2,150,1,2026-06-15,2026-07-12,2026-03-16,2026-08-29,17.14,Case,2
2026-08-29,B000134,YYC1,245,19,2026-06-19,2026-08-01,2026-03-02,2026-08-29,17.14,Pallet,7
2026-08-29,B000134,YYZ4,144,28,2026-08-27,2026-08-28,2026-06-04,2026-08-29,17.14,Pallet,5
2026-08-29,B000135,YVR2,219,0,2024-10-29,2025-07-04,2026-02-05,2025-12-06,13.09,Each,4
2026-08-29,B000135,YYC1,224,0,2025-06-10,2025-07-31,2026-06-07,2025-11-22,13.09,Case,1
2026-08-29,B000135,YYZ4,141,0,2025-09-11,2025-12-09,2026-02-05,2025-12-06,13.09,Case,7
2026-08-29,B000136,YUL5,1,0,2026-07-28,2026-08-27,2026-08-18,2026-08-29,38.25,Pallet,1
2026-08-29,B000136,YYZ4,11,1,2026-06-10,2026-08-09,2026-03-22,2026-08-29,38.25,Each,8
2026-08-29,B000137,YEG3,77,2,2026-03-23,2026-06-09,2026-03-13,2026-08-29,104.11,Case,1
2026-08-29,B000137,YVR2,70,3,2026-06-06,2026-06-09,2026-07-10,2026-08-29,104.11,Each,6
2026-08-29,B000137,YYZ4,15,13,2026-08-09,2026-08-11,2026-07-19,2026-08-29,104.11,Each,4
2026-08-29,B000138,YUL5,4,0,2026-06-24,2026-08-25,2026-03-11,2026-07-11,25.11,Case,5
2026-08-29,B000138,YVR2,14,1,2026-04-27,2026-07-18,2026-06-16,2026-07-11,25.11,Case,7
2026-08-29,B000138,YYZ4,19,1,2026-05-22,2026-06-24,2026-07-27,2026-07-04,25.11,Each,6
2026-08-29,B000139,YUL5,9,0,2026-03-07,2026-08-27,2026-03-19,2026-07-18,53.47,Case,7
2026-08-29,B000139,YYZ4,11,0,2026-05-18,2026-06-22,2026-03-23,2026-07-04,53.47,Case,6
2026-08-29,B000140,YVR2,26,4,2026-08-06,2026-08-27,2026-07-20,2026-08-29,5.15,Pallet,8
2026-08-29,B000140,YYC1,35,2,2026-07-04,2026-07-25,2026-03-31,2026-08-29,5.15,Case,1
2026-08-29,B000140,YYZ4,57,7,2026-07-12,2026-07-24,2026-03-15,2026-08-29,5.15,Each,3
2026-08-29,B000141,YUL5,276,28,2026-06-16,2026-08-28,2026-05-18,2026-08-29,44.89,Case,3
2026-08-29,B000141,YWG2,45,5,2026-06-23,2026-07-28,2026-07-16,2026-08-29,44.89,Pallet,5
2026-08-29,B000141,YYC1,32,9,2026-08-25,2026-08-26,2026-05-27,2026-08-29,44.89,Case,2
2026-08-29,B000141,YYZ4,1622,21,2025-10-27,2025-12-30,2026-03-16,2026-08-29,44.89,Case,5
2026-08-29,B000142,YUL5,49,1,2026-06-20,2026-08-02,2026-08-14,2026-08-29,12.57,Case,3
2026-08-29,B000142,YVR2,53,5,2026-06-16,2026-07-09,2026-02-24,2026-08-29,12.57,Pallet,6
2026-08-29,B000142,YYZ4,153,15,2026-07-19,2026-08-27,2026-06-08,2026-08-29,12.57,Case,4
2026-08-29,B000143,YEG3,36,5,2026-08-11,2026-08-13,2026-06-08,2026-08-29,6.49,Case,2
2026-08-29,B000143,YUL5,139,18,2026-06-20,2026-07-15,2026-07-04,2026-08-29,6.49,Case,2
2026-08-29,B000143,YYZ4,12,12,2026-08-18,2026-08-24,2026-03-29,2026-08-29,6.49,Case,6
2026-08-29,B000144,YEG3,132,4,2026-05-29,2026-06-24,2026-02-20,2026-08-29,16.5,Pallet,6
2026-08-29,B000144,YHZ1,7,1,2026-08-27,2026-08-28,2026-05-24,2026-08-29,16.5,Each,4
2026-08-29,B000144,YUL5,250,17,2026-06-05,2026-07-20,2026-03-15,2026-08-29,16.5,Pallet,8
2026-08-29,B000144,YYZ4,440,18,2026-05-18,2026-06-02,2026-03-09,2026-08-29,16.5,Case,8
2026-08-29,B000145,YHZ1,20,1,2026-08-27,2026-08-28,2026-08-18,2026-08-29,13.18,Pallet,3
2026-08-29,B000145,YYC1,125,4,2026-03-27,2026-06-08,2026-05-02,2026-08-29,13.18,Each,4
2026-08-29,B000145,YYZ4,410,18,2026-02-23,2026-03-05,2026-02-15,2026-08-29,13.18,Case,1
2026-08-29,B000146,YVR2,4,4,2026-08-27,2026-08-28,2026-04-30,2026-08-29,22.0,Case,8
2026-08-29,B000146,YWG2,15,1,2026-06-25,2026-08-06,2026-07-21,2026-08-29,22.0,Case,1
2026-08-29,B000146,YYZ4,118,2,2026-06-22,2026-07-10,2026-05-19,2026-08-29,22.0,Pallet,7
2026-08-29,B000147,YEG3,6,2,2026-08-24,2026-08-28,2026-08-23,2026-08-29,34.39,Pallet,3
2026-08-29,B000147,YUL5,85,15,2026-08-27,2026-08-28,2026-05-06,2026-08-29,34.39,Each,4
2026-08-29,B000147,YYZ4,68,8,2026-07-08,2026-08-18,2026-03-13,2026-08-29,34.39,Each,3
2026-08-29,B000148,YEG3,73,1,2026-07-16,2026-08-08,2026-03-19,2026-08-29,21.53,Each,6
2026-08-29,B000148,YHZ1,67,2,2026-06-11,2026-07-18,2026-03-03,2026-08-29,21.53,Pallet,3
2026-08-29,B000148,YUL5,162,0,2025-06-05,2026-06-01,2026-05-02,2026-01-03,21.53,Case,6
2026-08-29,B000148,YVR2,14,5,2026-08-27,2026-08-28,2026-05-06,2026-08-29,21.53,Pallet,6
2026-08-29,B000148,YWG2,61,2,2026-05-05,2026-07-01,2026-02-15,2026-08-29,21.53,Each,6
2026-08-29,B000148,YYC1,137,6,2026-05-09,2026-06-14,2026-07-24,2026-08-29,21.53,Pallet,1
2026-08-29,B000148,YYZ4,691,2,2026-01-11,2026-06-29,2026-03-16,2026-08-29,21.53,Each,4
2026-08-29,B000149,YEG3,34,4,2026-06-08,2026-07-28,2026-03-05,2026-08-15,23.03,Case,6
2026-08-29,B000149,YVR2,53,4,2026-06-24,2026-08-11,2026-05-30,2026-08-29,23.03,Case,6
2026-08-29,B000149,YYZ4,44,9,2026-08-08,2026-08-12,2026-08-26,2026-08-29,23.03,Pallet,2
2026-08-29,B000150,YUL5,17,1,2026-08-07,2026-08-19,2026-05-12,2026-08-29,2.47,Case,2
2026-08-29,B000150,YYZ4,112,0,2025-11-22,2026-07-17,2026-02-02,2025-09-06,2.47,Case,4
2026-08-29,B000151,YUL5,34,0,2024-09-15,2024-10-12,2026-05-27,2026-03-07,10.75,Pallet,1
2026-08-29,B000151,YVR2,43,6,2026-08-08,2026-08-12,2026-03-04,2026-08-29,10.75,Pallet,3
2026-08-29,B000151,YYC1,92,1,2026-08-25,2026-08-26,2026-05-08,2026-08-29,10.75,Case,1
2026-08-29,B000151,YYZ4,157,19,2026-08-14,2026-08-15,2026-05-29,2026-08-29,10.75,Each,7
2026-08-29,B000152,YUL5,246,5,2026-03-20,2026-06-13,2026-05-09,2026-08-22,28.18,Case,5
2026-08-29,B000152,YVR2,113,5,2026-03-26,2026-07-22,2026-06-27,2026-08-29,28.18,Pallet,8
2026-08-29,B000152,YYC1,109,1,2026-03-10,2026-07-17,2026-06-15,2026-08-29,28.18,Pallet,1
2026-08-29,B000152,YYZ4,171,2,2026-05-05,2026-05-06,2026-05-06,2026-08-29,28.18,Each,5
2026-08-29,B000153,YEG3,87,16,2026-07-18,2026-08-07,2026-08-06,2026-08-29,9.61,Pallet,4
2026-08-29,B000153,YHZ1,124,8,2026-07-28,2026-07-30,2026-04-03,2026-08-29,9.61,Each,7
2026-08-29,B000153,YUL5,257,17,2026-08-13,2026-08-25,2026-06-17,2026-08-29,9.61,Each,2
2026-08-29,B000153,YVR2,179,0,2026-07-06,2026-07-11,2026-07-24,2026-08-29,9.61,Pallet,6
2026-08-29,B000153,YWG2,102,4,2026-07-07,2026-07-19,2026-03-22,2026-08-29,9.61,Case,8
2026-08-29,B000153,YYC1,55,3,2026-08-27,2026-08-28,2026-04-13,2026-08-29,9.61,Pallet,3
2026-08-29,B000153,YYZ4,210,5,2026-08-11,2026-08-21,2026-04-27,2026-08-29,9.61,Case,4
2026-08-29,B000154,YHZ1,99,0,2026-01-12,2026-02-06,2026-03-04,2026-01-10,6.27,Each,2
2026-08-29,B000154,YUL5,19,0,2024-08-12,2024-09-10,2026-08-01,2026-01-17,6.27,Pallet,2
2026-08-29,B000154,YWG2,156,0,2024-11-02,2026-01-22,2026-06-06,2026-01-10,6.27,Case,2
2026-08-29,B000155,YVR2,127,1,2025-07-07,2026-05-09,2026-04-01,2026-08-29,16.62,Pallet,5
2026-08-29,B000155,YYZ4,41,2,2026-06-03,2026-08-15,2026-03-09,2026-08-29,16.62,Case,7
2026-08-29,B000156,YEG3,90,16,2026-07-03,2026-07-04,2026-05-22,2026-08-29,14.32,Case,8
2026-08-29,B000156,YHZ1,420,3,2026-02-01,2026-06-12,2026-02-19,2026-08-29,14.32,Case,2
2026-08-29,B000156,YUL5,431,43,2026-06-28,2026-08-13,2026-08-07,2026-08-29,14.32,Case,7
2026-08-29,B000156,YVR2,329,7,2026-06-04,2026-06-27,2026-03-30,2026-08-29,14.32,Pallet,4
2026-08-29,B000156,YWG2,131,1,2026-06-20,2026-06-30,2026-07-22,2026-08-29,14.32,Each,1
2026-08-29,B000156,YYC1,248,7,2026-07-06,2026-07-18,2026-04-25,2026-08-29,14.32,Each,2
2026-08-29,B000156,YYZ4,547,48,2026-06-25,2026-07-22,2026-07-16,2026-08-29,14.32,Case,4
2026-08-29,B000157,YEG3,141,0,2024-08-07,2025-10-12,2026-05-01,2026-05-23,58.52,Case,3
2026-08-29,B000157,YYZ4,0,0,2025-12-26,2026-06-23,2026-02-06,2026-05-16,58.52,Pallet,5
2026-08-29,B000158,YUL5,7,1,2026-08-21,2026-08-24,2026-05-07,2026-08-29,23.4,Pallet,6
2026-08-29,B000158,YVR2,26,0,2026-05-31,2026-07-19,2026-08-01,2026-08-22,23.4,Each,5
2026-08-29,B000158,YYZ4,59,1,2026-04-25,2026-06-22,2026-05-05,2026-08-29,23.4,Pallet,5
2026-08-29,B000159,YEG3,918,6,2025-06-07,2026-07-11,2026-07-13,2026-08-29,5.08,Each,1
2026-08-29,B000159,YHZ1,148,5,2026-06-10,2026-08-28,2026-06-15,2026-08-29,5.08,Each,1
2026-08-29,B000159,YUL5,439,17,2026-05-17,2026-07-27,2026-08-19,2026-08-29,5.08,Case,4
2026-08-29,B000159,YVR2,359,19,2026-06-12,2026-07-14,2026-07-20,2026-08-29,5.08,Pallet,1
2026-08-29,B000159,YWG2,8,8,2026-08-27,2026-08-28,2026-07-21,2026-08-29,5.08,Each,2
2026-08-29,B000159,YYC1,151,11,2026-05-12,2026-06-29,2026-07-16,2026-08-29,5.08,Pallet,8
2026-08-29,B000159,YYZ4,467,5,2026-06-03,2026-07-01,2026-03-24,2026-08-29,5.08,Each,7
2026-08-29,B000160,YEG3,113,11,2026-06-10,2026-07-15,2026-08-18,2026-08-29,152.23,Case,2
2026-08-29,B000160,YUL5,30,0,2024-09-25,2026-08-07,2026-04-04,2026-02-07,152.23,Each,5
2026-08-29,B000160,YVR2,173,0,2026-06-23,2026-06-30,2026-03-03,2026-08-29,152.23,Each,8
2026-08-29,B000160,YYZ4,926,46,2026-04-24,2026-06-07,2026-08-22,2026-08-29,152.23,Each,2
2026-08-29,B000161,YEG3,58,2,2026-03-28,2026-07-02,2026-03-30,2026-08-29,20.9,Pallet,6
2026-08-29,B000161,YUL5,171,4,2026-02-20,2026-07-19,2026-08-08,2026-08-29,20.9,Pallet,4
2026-08-29,B000161,YVR2,141,5,2026-03-25,2026-07-02,2026-05-27,2026-08-29,20.9,Case,3
2026-08-29,B000161,YYZ4,333,13,2026-03-05,2026-05-28,2026-02-12,2026-08-29,20.9,Pallet,1
2026-08-29,B000162,YEG3,9,3,2026-08-27,2026-08-28,2026-03-10,2026-08-29,11.86,Each,6
2026-08-29,B000162,YUL5,237,13,2026-05-17,2026-06-07,2026-06-14,2026-08-29,11.86,Case,1
2026-08-29,B000162,YWG2,66,4,2026-05-02,2026-05-24,2026-08-06,2026-08-29,11.86,Pallet,8
2026-08-29,B000162,YYZ4,195,11,2026-07-09,2026-08-04,2026-06-17,2026-08-29,11.86,Case,7
2026-08-29,B000163,YEG3,111,0,2024-08-29,2024-09-15,2026-05-25,2025-11-22,17.6,Pallet,1
2026-08-29,B000163,YYC1,33,0,2025-11-09,2026-06-09,2026-04-25,2025-11-15,17.6,Case,2
2026-08-29,B000163,YYZ4,1,0,2025-03-24,2025-11-04,2026-02-06,2025-11-15,17.6,Case,2
2026-08-29,B000164,YEG3,34,2,2026-06-25,2026-07-30,2026-02-24,2026-08-29,52.28,Pallet,4
2026-08-29,B000164,YHZ1,139,3,2025-09-05,2026-02-02,2026-06-21,2026-08-29,52.28,Pallet,6
2026-08-29,B000164,YWG2,174,0,2025-11-12,2026-08-23,2026-07-22,2026-08-29,52.28,Pallet,3
2026-08-29,B000164,YYZ4,173,17,2026-05-17,2026-06-27,2026-05-08,2026-08-29,52.28,Case,5
2026-08-29,B000165,YEG3,503,9,2025-09-30,2025-12-08,2026-06-14,2026-08-29,35.18,Pallet,8
2026-08-29,B000165,YHZ1,73,5,2026-06-21,2026-06-27,2026-05-06,2026-08-29,35.18,Each,4
2026-08-29,B000165,YUL5,382,16,2026-05-28,2026-08-15,2026-08-24,2026-08-29,35.18,Each,3
2026-08-29,B000165,YVR2,249,7,2026-05-07,2026-06-10,2026-04-04,2026-08-29,35.18,Pallet,7
2026-08-29,B000165,YWG2,533,11,2025-12-05,2026-07-24,2026-03-26,2026-08-29,35.18,Pallet,5
2026-08-29,B000165,YYC1,1554,7,2025-05-04,2025-09-16,2026-07-22,2026-08-29,35.18,Each,5
2026-08-29,B000165,YYZ4,442,24,2026-06-30,2026-08-04,2026-05-25,2026-08-29,35.18,Each,8
2026-08-29,B000166,YHZ1,3,0,2025-12-16,2026-08-19,2026-06-16,2025-10-18,22.72,Pallet,4
2026-08-29,B000166,YWG2,36,3,2026-07-03,2026-08-01,2026-08-11,2026-08-29,22.72,Case,7
2026-08-29,B000166,YYC1,0,0,2026-01-19,2026-04-08,2026-02-21,2025-12-20,22.72,Each,1
2026-08-29,B000166,YYZ4,176,33,2026-07-29,2026-08-20,2026-02-26,2026-08-29,22.72,Case,6
2026-08-29,B000167,YEG3,227,0,2025-05-01,2025-07-15,2026-02-17,,7.6,Case,7
2026-08-29,B000167,YUL5,37,4,2026-07-07,2026-08-19,2026-03-15,2026-08-29,7.6,Pallet,7
2026-08-29,B000167,YYZ4,57,8,2026-07-22,2026-08-25,2026-08-26,2026-08-29,7.6,Case,2
2026-08-29,B000168,YVR2,112,0,2026-01-05,2026-02-11,2026-03-26,2026-01-10,8.87,Case,1
2026-08-29,B000168,YYC1,35,3,2026-07-09,2026-08-06,2026-04-08,2026-08-29,8.87,Each,6
2026-08-29,B000168,YYZ4,87,4,2026-07-18,2026-08-22,2026-07-02,2026-08-29,8.87,Each,1
2026-08-29,B000169,YEG3,26,0,2025-06-07,2026-05-13,2026-04-24,2026-03-28,31.28,Each,4
2026-08-29,B000169,YHZ1,253,0,2026-03-07,2026-06-28,2026-03-09,2026-03-28,31.28,Each,8
2026-08-29,B000169,YUL5,122,0,2025-02-08,2025-12-03,2026-05-10,2026-03-28,31.28,Each,1
2026-08-29,B000169,YVR2,42,0,2025-11-02,2025-12-23,2026-06-19,2026-03-28,31.28,Pallet,2
2026-08-29,B000169,YWG2,170,0,2024-09-14,2026-06-17,2026-08-04,2025-09-20,31.28,Pallet,2
2026-08-29,B000169,YYC1,126,0,2025-10-15,2026-02-19,2026-06-05,2026-03-28,31.28,Case,6
2026-08-29,B000169,YYZ4,170,0,2025-10-28,2025-12-31,2026-02-25,2026-03-28,31.28,Each,6
2026-08-29,B000170,YHZ1,4,0,2026-06-30,2026-08-25,2026-03-28,2026-08-22,6.35,Case,6
2026-08-29,B000170,YYZ4,19,1,2026-06-25,2026-07-10,2026-04-17,2026-08-22,6.35,Each,1
2026-08-29,B000171,YUL5,52,8,2026-08-27,2026-08-28,2026-07-30,2026-07-18,99.79,Pallet,8
2026-08-29,B000171,YWG2,66,1,2026-06-01,2026-07-05,2026-07-28,2026-08-29,99.79,Pallet,4
2026-08-29,B000171,YYC1,312,17,2026-05-10,2026-06-04,2026-03-26,2026-08-29,99.79,Case,5
2026-08-29,B000171,YYZ4,391,25,2026-06-29,2026-08-01,2026-02-05,2026-08-29,99.79,Case,3
2026-08-29,B000172,YUL5,15,2,2026-05-07,2026-07-29,2026-08-25,2026-08-22,5.51,Pallet,5
2026-08-29,B000172,YYZ4,15,0,2026-06-14,2026-08-12,2026-05-19,2026-08-29,5.51,Case,3
2026-08-29,B000173,YVR2,43,1,2026-06-17,2026-06-27,2026-07-05,2026-08-29,20.12,Pallet,6
2026-08-29,B000173,YYC1,26,2,2026-06-19,2026-07-17,2026-07-06,2026-08-29,20.12,Pallet,3
2026-08-29,B000173,YYZ4,84,2,2026-05-17,2026-08-10,2026-06-04,2026-08-29,20.12,Case,1
2026-08-29,B000174,YUL5,193,5,2026-06-11,2026-08-28,2026-03-20,2026-08-29,29.82,Pallet,1
2026-08-29,B000174,YVR2,24,9,2026-07-30,2026-08-28,2026-06-15,2026-08-29,29.82,Pallet,5
2026-08-29,B000174,YWG2,107,5,2026-03-06,2026-04-04,2026-05-12,2026-08-29,29.82,Each,8
2026-08-29,B000174,YYZ4,550,17,2026-04-19,2026-08-28,2026-08-13,2026-08-29,29.82,Case,3
2026-08-29,B000175,YEG3,219,15,2026-05-23,2026-07-21,2026-02-26,2026-08-29,13.44,Each,2
2026-08-29,B000175,YHZ1,197,7,2026-06-28,2026-07-08,2026-07-08,2026-08-29,13.44,Case,7
2026-08-29,B000175,YUL5,493,11,2026-07-09,2026-07-29,2026-08-23,2026-08-29,13.44,Case,1
2026-08-29,B000175,YVR2,1635,14,2025-10-10,2026-03-16,2026-07-04,2026-08-29,13.44,Pallet,8
2026-08-29,B000175,YWG2,106,14,2026-07-30,2026-08-12,2026-07-27,2026-08-29,13.44,Case,4
2026-08-29,B000175,YYC1,420,22,2026-04-18,2026-06-15,2026-07-04,2026-08-29,13.44,Case,7
2026-08-29,B000175,YYZ4,190,38,2026-08-01,2026-08-14,2026-02-08,2026-08-29,13.44,Pallet,7
2026-08-29,B000176,YUL5,4,0,2026-07-02,2026-08-26,2026-04-06,2026-08-29,23.18,Pallet,3
2026-08-29,B000176,YYZ4,23,2,2026-07-09,2026-07-24,2026-06-29,2026-08-29,23.18,Each,7
2026-08-29,B000177,YEG3,65,0,2025-06-29,2025-11-18,2026-07-18,2026-05-30,2.41,Case,6
2026-08-29,B000177,YHZ1,8,0,2025-10-04,2025-11-03,2026-04-15,2026-05-30,2.41,Pallet,3
2026-08-29,B000177,YUL5,137,0,2025-03-14,2025-08-08,2026-04-22,2026-05-30,2.41,Case,7
2026-08-29,B000177,YVR2,0,0,2024-12-18,2025-04-10,2026-06-08,2026-05-30,2.41,Pallet,5
2026-08-29,B000177,YWG2,124,0,2026-01-05,2026-03-07,2026-03-21,2026-05-30,2.41,Case,6
2026-08-29,B000177,YYC1,1,0,2026-06-25,2026-08-26,2026-08-14,2026-06-06,2.41,Each,4
2026-08-29,B000177,YYZ4,1,0,2026-05-17,2026-06-12,2026-05-14,2026-06-06,2.41,Each,3
2026-08-29,B000178,YEG3,114,23,2026-08-06,2026-08-19,2026-03-22,2026-08-29,27.42,Each,2
2026-08-29,B000178,YHZ1,244,5,2026-08-14,2026-08-24,2026-04-23,2026-08-29,27.42,Each,5
2026-08-29,B000178,YUL5,80,39,2026-08-27,2026-08-28,2026-06-22,2026-08-29,27.42,Pallet,6
2026-08-29,B000178,YVR2,265,37,2026-07-15,2026-07-20,2026-05-15,2026-08-29,27.42,Each,6
2026-08-29,B000178,YWG2,298,17,2026-05-12,2026-08-03,2026-02-03,2026-08-29,27.42,Case,6
2026-08-29,B000178,YYC1,218,36,2026-06-29,2026-07-22,2026-05-06,2026-08-29,27.42,Each,7
2026-08-29,B000178,YYZ4,1452,29,2026-02-01,2026-02-24,2026-02-24,2026-07-11,27.42,Each,2
2026-08-29,B000179,YHZ1,36,3,2026-05-30,2026-07-29,2026-05-04,2026-08-29,62.15,Pallet,4
2026-08-29,B000179,YVR2,47,8,2026-07-28,2026-07-29,2026-07-28,2026-08-29,62.15,Case,6
2026-08-29,B000179,YYZ4,226,9,2026-05-14,2026-07-05,2026-06-10,2026-08-29,62.15,Case,6
2026-08-29,B000180,YEG3,47,1,2026-05-19,2026-07-20,2026-04-23,2026-08-29,87.04,Each,8
2026-08-29,B000180,YUL5,132,1,2026-03-25,2026-07-29,2026-04-05,2026-08-29,87.04,Pallet,2
2026-08-29,B000180,YYC1,49,3,2026-06-02,2026-08-07,2026-03-31,2026-08-29,87.04,Pallet,4
2026-08-29,B000180,YYZ4,63,0,2025-10-15,2026-01-02,2026-07-05,2025-10-18,87.04,Pallet,5
2026-08-29,B000181,YUL5,830,24,2026-05-18,2026-05-29,2026-08-18,2026-08-29,54.45,Each,4
2026-08-29,B000181,YVR2,223,21,2026-06-08,2026-08-16,2026-04-05,2026-08-29,54.45,Case,3
2026-08-29,B000181,YYC1,349,16,2026-03-20,2026-07-09,2026-08-22,2026-08-29,54.45,Pallet,8
2026-08-29,B000181,YYZ4,503,26,2026-02-24,2026-04-03,2026-03-29,2026-08-29,54.45,Case,2
2026-08-29,B000182,YEG3,202,17,2026-06-22,2026-08-03,2026-07-02,2026-08-29,8.68,Case,2
2026-08-29,B000182,YHZ1,117,13,2026-08-03,2026-08-28,2026-06-09,2026-08-29,8.68,Each,3
2026-08-29,B000182,YUL5,476,44,2026-05-26,2026-07-01,2026-02-18,2026-08-29,8.68,Each,3
2026-08-29,B000182,YVR2,243,8,2026-06-26,2026-07-06,2026-05-13,2026-08-29,8.68,Each,5
2026-08-29,B000182,YWG2,126,6,2026-07-05,2026-07-10,2026-07-23,2026-08-29,8.68,Case,7
2026-08-29,B000182,YYC1,219,19,2026-07-02,2026-07-24,2026-03-01,2026-08-29,8.68,Case,8
2026-08-29,B000182,YYZ4,853,19,2026-07-07,2026-08-16,2026-08-24,2026-08-29,8.68,Pallet,7
2026-08-29,B000183,YHZ1,21,0,2026-06-09,2026-08-04,2026-04-25,2026-08-29,21.45,Case,8
2026-08-29,B000183,YYC1,33,2,2026-04-04,2026-05-20,2026-08-21,2026-08-29,21.45,Case,2
2026-08-29,B000183,YYZ4,11,6,2026-07-21,2026-08-24,2026-04-25,2026-08-29,21.45,Each,7
2026-08-29,B000184,YEG3,238,17,2026-05-11,2026-05-19,2026-07-08,2026-08-29,18.21,Case,7
2026-08-29,B000184,YUL5,624,43,2026-04-06,2026-06-17,2026-04-01,2026-08-29,18.21,Case,3
2026-08-29,B000184,YVR2,675,40,2026-04-27,2026-04-30,2026-06-29,2026-08-29,18.21,Case,2
2026-08-29,B000184,YYZ4,1136,14,2026-05-14,2026-08-02,2026-05-25,2026-08-29,18.21,Pallet,8
2026-08-29,B000185,YEG3,116,9,2026-06-02,2026-06-22,2026-07-04,2026-08-29,23.78,Each,1
2026-08-29,B000185,YHZ1,130,5,2026-06-14,2026-07-31,2026-03-08,2026-08-29,23.78,Case,1
2026-08-29,B000185,YUL5,148,18,2026-06-13,2026-07-30,2026-05-24,2026-08-29,23.78,Case,4
2026-08-29,B000185,YVR2,351,13,2026-06-28,2026-08-12,2026-05-14,2026-08-29,23.78,Pallet,1
2026-08-29,B000185,YWG2,37,7,2026-08-01,2026-08-03,2026-05-14,2026-08-29,23.78,Pallet,7
2026-08-29,B000185,YYC1,202,9,2026-05-30,2026-07-04,2026-04-06,2026-08-29,23.78,Each,7
2026-08-29,B000185,YYZ4,150,32,2026-08-04,2026-08-13,2026-07-25,2026-08-29,23.78,Each,4
2026-08-29,B000186,YEG3,9,0,2026-07-10,2026-08-01,2026-06-10,2026-08-29,7.27,Case,3
2026-08-29,B000186,YYZ4,20,0,2026-07-04,2026-08-27,2026-03-01,2026-08-29,7.27,Case,1
2026-08-29,B000187,YUL5,38,3,2026-08-24,2026-08-26,2026-06-12,2026-08-29,18.92,Case,4
2026-08-29,B000187,YYC1,20,2,2026-07-30,2026-08-20,2026-03-24,2026-08-29,18.92,Case,8
2026-08-29,B000187,YYZ4,364,17,2026-03-03,2026-07-12,2026-07-27,2026-08-29,18.92,Case,8
2026-08-29,B000188,YHZ1,3,0,2026-06-18,2026-07-18,2026-03-15,2026-08-22,8.95,Each,7
2026-08-29,B000188,YYZ4,31,0,2026-05-11,2026-06-29,2026-06-05,2026-08-29,8.95,Case,7
2026-08-29,B000189,YWG2,10,1,2026-07-24,2026-08-13,2026-08-05,2026-08-29,11.62,Case,8
2026-08-29,B000189,YYC1,35,2,2026-07-02,2026-08-03,2026-02-02,2026-08-29,11.62,Case,8
2026-08-29,B000189,YYZ4,68,7,2026-07-03,2026-08-05,2026-05-12,2026-08-29,11.62,Each,3
2026-08-29,B000190,YEG3,438,20,2026-04-13,2026-06-12,2026-07-10,2026-08-29,24.81,Pallet,6
2026-08-29,B000190,YHZ1,134,8,2026-06-17,2026-08-27,2026-02-09,2026-08-29,24.81,Pallet,5
2026-08-29,B000190,YUL5,1285,6,2026-04-13,2026-05-13,2026-08-17,2026-08-29,24.81,Each,3
2026-08-29,B000190,YVR2,506,34,2026-06-08,2026-08-17,2026-06-13,2026-08-29,24.81,Case,8
2026-08-29,B000190,YWG2,177,4,2026-06-08,2026-06-26,2026-06-03,2026-08-29,24.81,Case,5
2026-08-29,B000190,YYC1,657,36,2026-05-08,2026-07-10,2026-04-16,2026-08-29,24.81,Pallet,1
2026-08-29,B000190,YYZ4,1288,73,2026-05-13,2026-06-01,2026-04-20,2026-08-29,24.81,Pallet,3
2026-08-29,B000191,YYZ4,2,0,2026-03-22,2026-07-09,2026-02-16,2026-06-06,12.14,Each,3
2026-08-29,B000192,YYC1,15,0,2026-07-11,2026-08-16,2026-05-09,2026-08-15,35.26,Case,7
2026-08-29,B000193,YHZ1,34,1,2026-07-30,2026-08-25,2026-06-25,2026-08-29,39.69,Case,1
2026-08-29,B000193,YVR2,139,5,2026-04-09,2026-07-21,2026-07-20,2026-08-29,39.69,Case,6
2026-08-29,B000193,YYC1,49,5,2026-07-18,2026-08-18,2026-02-02,2026-08-29,39.69,Pallet,3
2026-08-29,B000193,YYZ4,128,15,2026-07-18,2026-08-17,2026-06-08,2026-08-29,39.69,Each,2
2026-08-29,B000194,YEG3,5,0,2026-08-09,2026-08-22,2026-05-05,2026-08-29,12.16,Case,6
2026-08-29,B000194,YYZ4,22,2,2026-08-19,2026-08-26,2026-05-11,2026-08-29,12.16,Pallet,3
2026-08-29,B000195,YVR2,2,0,2026-08-27,2026-08-28,2026-05-14,2026-08-29,6.65,Pallet,8
2026-08-29,B000195,YYZ4,21,3,2026-08-06,2026-08-13,2026-03-15,2026-08-29,6.65,Each,1
2026-08-29,B000196,YYC1,1,0,2026-07-15,2026-08-14,2026-05-19,2026-08-29,7.3,Pallet,3
2026-08-29,B000196,YYZ4,235,0,2025-04-08,2026-01-19,2026-08-23,2026-01-24,7.3,Case,7
2026-08-29,B000197,YVR2,4,3,2026-08-26,2026-08-28,2026-06-06,2026-08-29,7.26,Case,5
2026-08-29,B000197,YWG2,72,0,2026-01-25,2026-07-09,2026-03-08,2025-11-08,7.26,Each,7
2026-08-29,B000197,YYZ4,42,4,2026-07-25,2026-08-23,2026-02-02,2026-08-29,7.26,Pallet,4
2026-08-29,B000198,YHZ1,26,0,2026-08-01,2026-08-20,2026-03-23,2026-08-29,27.58,Case,1
2026-08-29,B000198,YUL5,12,8,2026-08-10,2026-08-25,2026-08-13,2026-08-29,27.58,Each,6
2026-08-29,B000198,YYC1,36,5,2026-06-22,2026-07-07,2026-04-15,2026-08-29,27.58,Case,6
2026-08-29,B000198,YYZ4,20,10,2026-08-27,2026-08-28,2026-08-13,2026-08-29,27.58,Case,6
2026-08-29,B000199,YWG2,33,0,2025-07-02,2026-01-12,2026-02-12,2026-01-03,17.21,Case,3
2026-08-29,B000199,YYC1,56,14,2026-08-25,2026-08-28,2026-07-30,2026-08-29,17.21,Case,7
2026-08-29,B000199,YYZ4,658,31,2026-04-05,2026-04-14,2026-05-24,2026-08-29,17.21,Case,4
2026-08-29,B000200,YHZ1,32,3,2026-06-13,2026-07-25,2026-08-05,2026-08-29,42.44,Each,5
2026-08-29,B000200,YUL5,71,8,2026-06-12,2026-08-22,2026-03-03,2026-08-29,42.44,Case,2
2026-08-29,B000201,YUL5,232,4,2026-04-26,2026-08-21,2026-07-12,2026-08-29,40.84,Case,7
2026-08-29,B000201,YVR2,195,6,2026-03-21,2026-05-26,2026-07-02,2026-08-29,40.84,Each,6
2026-08-29,B000201,YYC1,101,0,2026-05-21,2026-06-03,2026-05-15,2026-08-29,40.84,Case,8
2026-08-29,B000201,YYZ4,309,8,2026-06-08,2026-08-03,2026-05-02,2026-08-29,40.84,Each,6
2026-08-29,B000202,YEG3,333,16,2026-07-06,2026-08-16,2026-04-04,2026-08-29,26.75,Case,2
2026-08-29,B000202,YHZ1,273,11,2026-05-30,2026-08-03,2026-07-03,2026-08-29,26.75,Each,2
2026-08-29,B000202,YUL5,560,56,2026-06-23,2026-08-12,2026-06-30,2026-08-29,26.75,Each,6
2026-08-29,B000202,YVR2,533,68,2026-07-02,2026-07-08,2026-06-09,2026-08-29,26.75,Case,5
2026-08-29,B000202,YWG2,211,18,2026-05-22,2026-07-14,2026-07-17,2026-08-29,26.75,Case,4
2026-08-29,B000202,YYC1,1898,14,2025-10-02,2025-11-19,2026-03-15,2026-08-29,26.75,Each,1
2026-08-29,B000202,YYZ4,682,114,2026-07-17,2026-08-14,2026-02-28,2026-08-29,26.75,Case,3
2026-08-29,B000203,YUL5,17,2,2026-07-19,2026-07-24,2026-04-03,2026-08-29,5.75,Pallet,7
2026-08-29,B000203,YVR2,13,2,2026-08-15,2026-08-19,2026-04-25,2026-07-25,5.75,Pallet,1
2026-08-29,B000203,YYZ4,27,4,2026-07-31,2026-08-11,2026-03-27,2026-08-29,5.75,Case,4
2026-08-29,B000204,YUL5,10,2,2026-08-11,2026-08-12,2026-05-17,2026-08-29,25.35,Each,8
2026-08-29,B000204,YYC1,40,4,2026-06-26,2026-07-25,2026-06-20,2026-08-29,25.35,Pallet,1
2026-08-29,B000204,YYZ4,124,10,2026-06-18,2026-08-23,2026-03-22,2026-08-29,25.35,Each,7
2026-08-29,B000205,YYC1,36,2,2026-05-20,2026-08-23,2026-08-21,2026-08-29,6.57,Pallet,8
2026-08-29,B000205,YYZ4,181,7,2026-02-23,2026-08-19,2026-06-22,2026-08-29,6.57,Pallet,6
2026-08-29,B000206,YWG2,18,1,2026-05-24,2026-07-23,2026-08-10,2026-08-29,15.92,Case,5
2026-08-29,B000206,YYZ4,75,0,2026-07-11,2026-08-11,2026-03-18,2026-08-29,15.92,Case,5
2026-08-29,B000207,YEG3,17,1,2026-07-03,2026-08-22,2026-02-19,2026-08-29,27.3,Pallet,4
2026-08-29,B000207,YYZ4,315,1,2025-05-02,2025-06-26,2026-04-11,2026-08-29,27.3,Pallet,2
2026-08-29,B000208,YWG2,513,1,2024-09-10,2025-06-09,2026-03-09,2026-08-22,18.0,Case,1
2026-08-29,B000208,YYZ4,185,1,2026-06-18,2026-07-04,2026-02-06,2026-08-29,18.0,Case,6
2026-08-29,B000209,YYC1,53,3,2026-05-09,2026-08-10,2026-08-17,2026-08-29,40.77,Pallet,2
2026-08-29,B000209,YYZ4,117,7,2026-05-27,2026-07-10,2026-07-18,2026-08-29,40.77,Case,7
2026-08-29,B000210,YEG3,29,2,2026-08-04,2026-08-07,2026-03-13,2026-08-29,2.12,Pallet,7
2026-08-29,B000210,YUL5,55,1,2026-07-19,2026-08-09,2026-05-31,2026-08-29,2.12,Case,3
2026-08-29,B000210,YYC1,50,8,2026-08-04,2026-08-20,2026-02-12,2026-08-29,2.12,Case,3
2026-08-29,B000210,YYZ4,131,15,2026-08-27,2026-08-28,2026-03-22,2026-08-29,2.12,Pallet,5
2026-08-29,B000211,YHZ1,59,1,2026-04-22,2026-08-23,2026-03-13,2026-08-29,42.79,Case,5
2026-08-29,B000211,YUL5,190,4,2026-03-22,2026-07-14,2026-07-18,2026-08-29,42.79,Case,6
2026-08-29,B000211,YYC1,84,5,2026-04-21,2026-08-09,2026-05-15,2026-08-29,42.79,Pallet,5
2026-08-29,B000211,YYZ4,336,14,2026-04-09,2026-04-13,2026-03-31,2026-08-29,42.79,Case,1
2026-08-29,B000212,YEG3,90,7,2026-05-23,2026-05-26,2026-07-07,2026-08-29,38.08,Case,7
2026-08-29,B000212,YHZ1,107,6,2026-05-17,2026-07-31,2026-08-22,2026-08-29,38.08,Each,3
2026-08-29,B000212,YVR2,220,2,2026-04-15,2026-04-30,2026-03-25,2026-08-29,38.08,Case,7
2026-08-29,B000212,YYZ4,422,3,2026-04-12,2026-06-21,2026-07-17,2026-08-29,38.08,Case,7
2026-08-29,B000213,YUL5,2,2,2026-08-27,2026-08-28,2026-02-20,2026-08-29,46.02,Pallet,2
2026-08-29,B000213,YVR2,42,13,2026-07-28,2026-08-23,2026-08-02,2026-08-22,46.02,Case,5
2026-08-29,B000213,YYC1,37,0,2025-11-16,2026-02-01,2026-04-26,2026-03-07,46.02,Case,5
2026-08-29,B000213,YYZ4,27,18,2026-08-27,2026-08-28,2026-04-17,2026-08-29,46.02,Pallet,8
2026-08-29,B000214,YUL5,7,2,2026-06-28,2026-08-10,2026-04-20,2026-08-29,9.98,Case,1
2026-08-29,B000214,YYZ4,11,1,2026-08-04,2026-08-18,2026-07-05,2026-08-29,9.98,Case,1
2026-08-29,B000215,YEG3,85,4,2026-08-17,2026-08-26,2026-05-03,2026-08-29,17.08,Pallet,3
2026-08-29,B000215,YHZ1,60,12,2026-08-27,2026-08-28,2026-06-05,2026-08-29,17.08,Case,8
2026-08-29,B000215,YUL5,382,32,2026-08-17,2026-08-28,2026-04-02,2026-08-29,17.08,Pallet,2
2026-08-29,B000215,YVR2,85,1,2026-08-27,2026-08-28,2026-08-21,2026-08-29,17.08,Pallet,1
2026-08-29,B000215,YWG2,62,15,2026-07-22,2026-08-23,2026-04-15,2026-08-29,17.08,Pallet,7
2026-08-29,B000215,YYC1,295,10,2026-07-07,2026-07-31,2026-05-05,2026-08-29,17.08,Case,7
2026-08-29,B000215,YYZ4,467,41,2026-08-09,2026-08-28,2026-07-19,2026-08-29,17.08,Case,2
2026-08-29,B000216,YUL5,235,12,2026-05-10,2026-07-19,2026-08-15,2026-08-29,49.89,Case,1
2026-08-29,B000216,YVR2,66,0,2026-07-04,2026-07-26,2026-04-04,2026-08-29,49.89,Pallet,4
2026-08-29,B000216,YYC1,49,9,2026-07-15,2026-07-16,2026-02-09,2026-08-29,49.89,Each,5
2026-08-29,B000216,YYZ4,90,1,2026-08-21,2026-08-26,2026-04-04,2026-08-29,49.89,Case,8
2026-08-29,B000217,YHZ1,3,0,2026-08-08,2026-08-13,2026-06-01,2026-08-29,37.59,Pallet,3
2026-08-29,B000217,YYZ4,12,1,2026-04-22,2026-05-07,2026-06-30,2026-08-29,37.59,Pallet,8
2026-08-29,B000218,YUL5,44,0,2026-07-26,2026-08-09,2026-02-28,2026-08-29,3.34,Pallet,2
2026-08-29,B000218,YYC1,29,8,2026-08-20,2026-08-26,2026-04-28,2026-08-29,3.34,Case,4
2026-08-29,B000218,YYZ4,39,2,2026-08-01,2026-08-05,2026-06-04,2026-08-29,3.34,Pallet,5
2026-08-29,B000219,YYZ4,217,0,2025-11-04,2025-12-23,2026-03-17,2026-04-11,32.21,Each,3
2026-08-29,B000220,YVR2,282,5,2026-03-04,2026-05-18,2026-04-07,2026-08-29,19.35,Pallet,7
2026-08-29,B000220,YYC1,382,9,2026-01-04,2026-03-03,2026-08-13,2026-08-29,19.35,Each,7
2026-08-29,B000220,YYZ4,450,10,2026-04-26,2026-05-13,2026-07-04,2026-08-29,19.35,Case,7
2026-08-29,B000221,YUL5,104,16,2026-08-04,2026-08-23,2026-03-29,2026-08-29,45.14,Case,6
2026-08-29,B000221,YVR2,21,1,2026-08-08,2026-08-10,2026-07-23,2026-08-29,45.14,Case,8
2026-08-29,B000221,YYC1,73,6,2026-05-21,2026-07-27,2026-04-03,2026-08-29,45.14,Case,2
2026-08-29,B000221,YYZ4,250,9,2026-07-17,2026-07-30,2026-04-02,2026-08-29,45.14,Pallet,3
2026-08-29,B000222,YVR2,45,0,2026-05-01,2026-06-28,2026-04-09,2026-08-22,12.18,Pallet,7
2026-08-29,B000222,YYZ4,106,6,2026-04-30,2026-05-27,2026-04-07,2026-08-29,12.18,Each,5
2026-08-29,B000223,YHZ1,0,0,2024-10-20,2026-06-20,2026-06-05,2026-05-16,48.99,Pallet,4
2026-08-29,B000223,YUL5,349,22,2026-05-01,2026-07-03,2026-08-22,2026-08-29,48.99,Pallet,2
2026-08-29,B000223,YYC1,129,1,2026-08-04,2026-08-05,2026-03-01,2026-08-29,48.99,Each,5
2026-08-29,B000223,YYZ4,445,12,2026-06-07,2026-07-25,2026-08-07,2026-08-29,48.99,Case,7
2026-08-29,B000224,YUL5,84,6,2026-08-23,2026-08-26,2026-08-22,2026-08-29,5.13,Pallet,5
2026-08-29,B000224,YVR2,89,2,2026-07-01,2026-08-15,2026-03-15,2026-08-29,5.13,Each,7
2026-08-29,B000224,YYC1,38,8,2026-08-08,2026-08-25,2026-04-25,2026-08-29,5.13,Case,6
2026-08-29,B000224,YYZ4,213,20,2026-08-23,2026-08-24,2026-06-27,2026-08-29,5.13,Pallet,7
2026-08-29,B000225,YUL5,228,10,2026-05-11,2026-07-03,2026-04-19,2026-08-29,72.79,Case,4
2026-08-29,B000225,YVR2,138,7,2026-04-20,2026-04-30,2026-05-30,2026-08-29,72.79,Pallet,1
2026-08-29,B000225,YWG2,50,2,2026-04-26,2026-05-02,2026-06-23,2026-08-29,72.79,Each,6
2026-08-29,B000225,YYZ4,328,10,2026-04-28,2026-05-13,2026-06-18,2026-08-29,72.79,Pallet,5
2026-08-29,B000226,YEG3,158,7,2026-04-22,2026-08-18,2026-07-21,2026-08-29,18.36,Case,6
2026-08-29,B000226,YUL5,51,7,2026-08-12,2026-08-15,2026-07-11,2026-08-29,18.36,Case,3
2026-08-29,B000226,YWG2,89,3,2026-05-18,2026-06-11,2026-05-26,2026-08-29,18.36,Pallet,7
2026-08-29,B000226,YYZ4,590,49,2026-05-24,2026-08-19,2026-04-02,2026-08-29,18.36,Pallet,1
2026-08-29,B000227,YYC1,48,3,2026-05-08,2026-05-10,2026-07-11,2026-08-29,55.69,Pallet,5
2026-08-29,B000227,YYZ4,223,5,2026-04-19,2026-08-16,2026-08-17,2026-08-29,55.69,Case,1
2026-08-29,B000228,YEG3,24,6,2026-07-19,2026-08-20,2026-06-20,2026-08-29,51.13,Pallet,6
2026-08-29,B000228,YVR2,394,22,2026-05-03,2026-08-14,2026-03-24,2026-08-29,51.13,Each,5
2026-08-29,B000228,YYC1,128,12,2026-06-30,2026-07-10,2026-06-25,2026-08-29,51.13,Each,8
2026-08-29,B000228,YYZ4,189,9,2026-08-05,2026-08-09,2026-08-24,2026-08-29,51.13,Pallet,8
2026-08-29,B000229,YEG3,249,0,2025-05-14,2025-08-01,2026-03-07,2026-02-14,69.87,Case,5
2026-08-29,B000229,YHZ1,0,0,2025-05-13,2025-12-25,2026-04-17,2026-02-14,69.87,Case,7
2026-08-29,B000229,YUL5,0,0,2024-12-19,2025-04-25,2026-06-27,2026-02-14,69.87,Case,2
2026-08-29,B000229,YVR2,101,0,2025-02-03,2025-03-09,2026-08-19,2026-01-31,69.87,Each,5
2026-08-29,B000229,YYC1,53,0,2026-03-17,2026-05-29,2026-03-26,2026-02-07,69.87,Pallet,5
2026-08-29,B000229,YYZ4,103,0,2024-08-28,2025-12-17,2026-07-12,2026-02-14,69.87,Pallet,7
2026-08-29,B000230,YVR2,44,3,2026-07-05,2026-08-04,2026-07-10,2026-08-29,10.67,Each,6
2026-08-29,B000230,YWG2,20,1,2026-06-02,2026-06-08,2026-04-16,2026-08-29,10.67,Each,8
2026-08-29,B000230,YYZ4,479,6,2026-01-25,2026-05-23,2026-06-09,2026-08-29,10.67,Pallet,2
2026-08-29,B000231,YEG3,41,5,2026-06-22,2026-08-02,2026-04-09,2026-08-29,17.01,Each,2
2026-08-29,B000231,YHZ1,243,6,2025-12-05,2026-01-20,2026-07-11,2026-08-29,17.01,Case,3
2026-08-29,B000231,YYZ4,181,14,2026-06-21,2026-08-15,2026-07-16,2026-08-29,17.01,Pallet,7
2026-08-29,B000232,YUL5,181,8,2026-02-24,2026-06-14,2026-02-07,2026-08-29,7.58,Case,4
2026-08-29,B000232,YYC1,24,2,2026-07-27,2026-08-14,2026-04-08,2026-08-29,7.58,Case,1
2026-08-29,B000232,YYZ4,75,4,2026-08-27,2026-08-28,2026-07-06,2026-08-29,7.58,Pallet,5
2026-08-29,B000233,YEG3,32,3,2026-08-26,2026-08-27,2026-08-21,2026-08-29,30.93,Case,1
2026-08-29,B000233,YWG2,25,2,2026-07-05,2026-07-09,2026-04-28,2026-08-29,30.93,Case,3
2026-08-29,B000233,YYZ4,66,0,2026-08-27,2026-08-28,2026-07-12,2026-08-29,30.93,Case,3
2026-08-29,B000234,YHZ1,13,0,2026-05-29,2026-08-22,2026-03-11,2026-08-29,68.84,Case,4
2026-08-29,B000234,YYC1,11,1,2026-07-05,2026-07-06,2026-04-12,2026-08-29,68.84,Case,1
2026-08-29,B000234,YYZ4,19,2,2026-08-06,2026-08-15,2026-08-17,2026-08-29,68.84,Each,6
2026-08-29,B000235,YHZ1,11,0,2026-06-05,2026-08-07,2026-08-03,2026-08-29,59.11,Case,6
2026-08-29,B000235,YVR2,32,1,2026-07-02,2026-08-19,2026-07-24,2026-08-29,59.11,Pallet,7
2026-08-29,B000235,YYZ4,75,4,2026-07-16,2026-08-09,2026-06-16,2026-08-29,59.11,Each,4
2026-08-29,B000236,YUL5,398,16,2026-04-29,2026-07-21,2026-07-04,2026-08-29,6.13,Case,7
2026-08-29,B000236,YWG2,100,3,2026-05-01,2026-07-08,2026-02-21,2026-08-29,6.13,Case,1
2026-08-29,B000236,YYZ4,419,21,2026-04-30,2026-08-28,2026-08-24,2026-08-29,6.13,Each,6
2026-08-29,B000237,YHZ1,26,2,2026-06-30,2026-07-03,2026-05-04,2026-08-29,34.69,Each,5
2026-08-29,B000237,YYZ4,50,3,2026-06-02,2026-07-19,2026-03-29,2026-08-29,34.69,Pallet,5
2026-08-29,B000238,YHZ1,0,0,2026-02-09,2026-05-22,2026-03-28,2025-10-25,33.37,Case,6
2026-08-29,B000238,YUL5,119,7,2026-05-30,2026-07-08,2026-07-05,2026-08-29,33.37,Case,2
2026-08-29,B000238,YVR2,53,4,2026-06-14,2026-06-16,2026-06-09,2026-07-18,33.37,Each,5
2026-08-29,B000238,YYZ4,221,1,2026-06-18,2026-07-08,2026-03-20,2026-08-29,33.37,Case,4
2026-08-29,B000239,YVR2,11,0,2026-06-27,2026-06-28,2026-05-11,2026-08-29,12.84,Each,7
2026-08-29,B000239,YYZ4,25,2,2026-07-06,2026-07-29,2026-08-18,2026-08-29,12.84,Pallet,8
2026-08-29,B000240,YEG3,167,6,2026-05-04,2026-07-14,2026-06-14,2026-08-29,9.44,Case,2
2026-08-29,B000240,YUL5,302,17,2026-07-03,2026-08-14,2026-03-03,2026-08-29,9.44,Case,2
2026-08-29,B000240,YVR2,98,21,2026-08-06,2026-08-28,2026-07-20,2026-08-29,9.44,Case,8
2026-08-29,B000240,YYZ4,422,26,2026-05-30,2026-07-29,2026-08-21,2026-08-29,9.44,Pallet,6
2026-08-29,B000241,YEG3,120,5,2026-07-12,2026-08-11,2026-04-23,2026-08-29,43.91,Case,1
2026-08-29,B000241,YHZ1,50,1,2026-07-23,2026-07-26,2026-05-09,2026-08-29,43.91,Case,7
2026-08-29,B000241,YUL5,1589,17,2025-09-09,2026-07-28,2026-05-21,2026-08-29,43.91,Pallet,3
2026-08-29,B000241,YVR2,1913,0,2025-08-18,2025-12-04,2026-06-16,2026-08-29,43.91,Case,5
2026-08-29,B000241,YWG2,139,7,2026-05-08,2026-05-21,2026-06-13,2026-08-29,43.91,Each,5
2026-08-29,B000241,YYC1,238,5,2026-06-15,2026-08-21,2026-03-30,2026-08-29,43.91,Pallet,2
2026-08-29,B000241,YYZ4,3002,48,2025-07-12,2026-06-27,2026-04-20,2026-08-29,43.91,Each,8
2026-08-29,B000242,YEG3,66,4,2026-07-16,2026-08-05,2026-05-14,2026-08-29,7.44,Case,1
2026-08-29,B000242,YHZ1,249,3,2026-05-03,2026-07-02,2026-08-21,2026-08-29,7.44,Pallet,5
2026-08-29,B000242,YUL5,143,18,2026-07-05,2026-07-20,2026-08-06,2026-08-29,7.44,Each,4
2026-08-29,B000242,YVR2,143,0,2026-06-26,2026-08-17,2026-03-23,2026-08-29,7.44,Pallet,7
2026-08-29,B000242,YWG2,47,6,2026-07-29,2026-07-30,2026-03-04,2026-08-29,7.44,Pallet,7
2026-08-29,B000242,YYC1,86,14,2026-07-09,2026-07-12,2026-07-05,2026-08-29,7.44,Each,2
2026-08-29,B000242,YYZ4,267,28,2026-06-30,2026-07-30,2026-07-01,2026-08-29,7.44,Pallet,2
2026-08-29,B000243,YUL5,134,0,2024-11-22,2026-02-25,2026-08-21,2026-01-17,45.01,Pallet,1
2026-08-29,B000243,YWG2,15,2,2026-07-13,2026-08-14,2026-03-06,2026-08-29,45.01,Pallet,6
2026-08-29,B000243,YYZ4,148,7,2026-06-09,2026-07-02,2026-06-17,2026-08-29,45.01,Each,8
2026-08-29,B000244,YEG3,60,4,2026-06-11,2026-07-07,2026-03-29,2026-08-29,31.25,Each,7
2026-08-29,B000244,YWG2,121,2,2025-10-24,2026-06-06,2026-03-16,2026-08-29,31.25,Pallet,8
2026-08-29,B000244,YYC1,117,9,2026-05-10,2026-08-02,2026-05-30,2026-08-29,31.25,Pallet,3
2026-08-29,B000244,YYZ4,68,8,2026-07-23,2026-08-10,2026-05-10,2026-08-29,31.25,Case,7
2026-08-29,B000245,YUL5,119,26,2026-08-02,2026-08-04,2026-05-06,2026-08-29,2.38,Each,6
2026-08-29,B000245,YVR2,385,8,2026-05-15,2026-06-19,2026-05-31,2026-08-29,2.38,Case,5
2026-08-29,B000245,YWG2,148,1,2026-06-07,2026-06-28,2026-08-18,2026-08-29,2.38,Case,2
2026-08-29,B000245,YYZ4,952,32,2026-04-28,2026-08-13,2026-04-30,2026-08-29,2.38,Each,6
2026-08-29,B000246,YVR2,7,0,2026-08-27,2026-08-28,2026-04-15,2026-08-29,48.07,Case,4
2026-08-29,B000246,YYZ4,35,17,2026-08-27,2026-08-28,2026-04-20,2026-08-29,48.07,Case,7
2026-08-29,B000247,YYZ4,22,1,2026-06-22,2026-07-11,2026-05-23,2026-08-29,29.87,Case,6
2026-08-29,B000248,YEG3,87,2,2026-01-13,2026-06-29,2026-04-11,2026-08-22,20.2,Pallet,2
2026-08-29,B000248,YUL5,71,4,2026-07-02,2026-07-14,2026-07-01,2026-08-29,20.2,Case,5
2026-08-29,B000248,YVR2,14,4,2026-07-23,2026-07-26,2026-08-01,2026-08-29,20.2,Each,2
2026-08-29,B000248,YYZ4,83,15,2026-07-12,2026-07-13,2026-04-29,2026-08-29,20.2,Case,8
2026-08-29,B000249,YUL5,18,1,2026-07-11,2026-07-23,2026-08-10,2026-08-29,24.19,Pallet,2
2026-08-29,B000249,YYC1,7,1,2026-06-28,2026-06-29,2026-07-04,2026-08-29,24.19,Each,8
2026-08-29,B000249,YYZ4,39,6,2026-07-11,2026-07-29,2026-02-28,2026-08-29,24.19,Case,4
2026-08-29,B000250,YHZ1,11,2,2026-08-27,2026-08-28,2026-08-04,2026-08-22,3.15,Case,1
2026-08-29,B000250,YYC1,51,4,2026-07-12,2026-08-09,2026-06-22,2026-08-29,3.15,Pallet,3
2026-08-29,B000250,YYZ4,62,0,2026-08-27,2026-08-28,2026-05-28,2026-08-29,3.15,Pallet,4
2026-08-29,B000251,YVR2,18,0,2026-06-22,2026-08-28,2026-07-23,2026-08-29,12.22,Pallet,4
2026-08-29,B000251,YYZ4,120,0,2026-01-05,2026-01-11,2026-04-01,2026-05-16,12.22,Case,8
2026-08-29,B000252,YEG3,22,0,2026-04-17,2026-05-07,2026-02-11,2026-08-29,52.05,Case,6
2026-08-29,B000252,YYC1,35,1,2026-03-29,2026-04-24,2026-02-18,2026-08-29,52.05,Pallet,7
2026-08-29,B000252,YYZ4,66,2,2026-03-25,2026-08-28,2026-07-30,2026-08-29,52.05,Case,2
2026-08-29,B000253,YUL5,273,18,2026-05-27,2026-07-16,2026-05-14,2026-08-29,5.33,Pallet,8
2026-08-29,B000253,YVR2,182,0,2026-06-07,2026-07-04,2026-08-09,2026-08-29,5.33,Case,3
2026-08-29,B000253,YYC1,179,7,2026-04-01,2026-06-29,2026-05-16,2026-08-29,5.33,Each,6
2026-08-29,B000253,YYZ4,276,11,2026-05-25,2026-06-15,2026-03-02,2026-08-29,5.33,Pallet,4
2026-08-29,B000254,YHZ1,77,6,2026-06-10,2026-08-15,2026-07-08,2026-08-29,7.63,Each,3
2026-08-29,B000254,YUL5,221,11,2026-06-04,2026-08-03,2026-08-01,2026-08-29,7.63,Case,4
2026-08-29,B000254,YVR2,86,4,2026-06-28,2026-07-28,2026-06-20,2026-08-29,7.63,Case,1
2026-08-29,B000254,YYZ4,332,9,2026-04-30,2026-06-14,2026-04-27,2026-08-29,7.63,Each,4
2026-08-29,B000255,YHZ1,1,0,2026-07-24,2026-08-14,2026-07-15,2026-08-22,18.41,Pallet,8
2026-08-29,B000255,YYZ4,4,1,2026-06-05,2026-08-14,2026-04-11,2026-08-29,18.41,Case,4
2026-08-29,B000256,YHZ1,8,0,2024-10-06,2026-02-18,2026-05-26,2025-10-18,17.41,Each,4
2026-08-29,B000256,YWG2,0,0,2025-02-14,2026-02-14,2026-08-15,2025-09-06,17.41,Each,6
2026-08-29,B000256,YYZ4,194,0,2025-02-11,2025-03-06,2026-08-05,2025-11-01,17.41,Each,3
2026-08-29,B000257,YEG3,301,108,2026-08-12,2026-08-18,2026-03-06,2026-08-29,12.7,Case,6
2026-08-29,B000257,YHZ1,509,73,2026-08-21,2026-08-24,2026-07-12,2026-08-29,12.7,Each,2
2026-08-29,B000257,YUL5,754,193,2026-08-10,2026-08-21,2026-04-24,2026-08-29,12.7,Pallet,5
2026-08-29,B000257,YVR2,924,84,2026-08-06,2026-08-09,2026-05-18,2026-08-29,12.7,Pallet,6
2026-08-29,B000257,YWG2,307,3,2026-06-16,2026-07-17,2026-03-22,2026-08-29,12.7,Pallet,8
2026-08-29,B000257,YYC1,371,48,2026-08-18,2026-08-21,2026-07-21,2026-08-29,12.7,Case,1
2026-08-29,B000257,YYZ4,1496,61,2026-07-09,2026-07-10,2026-03-30,2026-08-29,12.7,Pallet,3
2026-08-29,B000258,YEG3,154,4,2026-05-31,2026-07-25,2026-04-19,2026-08-29,7.11,Case,1
2026-08-29,B000258,YHZ1,133,16,2026-06-22,2026-08-09,2026-05-01,2026-08-29,7.11,Pallet,2
2026-08-29,B000258,YUL5,270,3,2026-06-22,2026-08-16,2026-03-14,2026-08-29,7.11,Pallet,7
2026-08-29,B000258,YVR2,226,1,2026-05-22,2026-08-10,2026-02-16,2026-08-29,7.11,Case,6
2026-08-29,B000258,YWG2,51,4,2026-05-20,2026-07-16,2026-03-20,2026-08-29,7.11,Pallet,1
2026-08-29,B000258,YYC1,87,4,2026-07-18,2026-07-30,2026-05-07,2026-08-29,7.11,Pallet,2
2026-08-29,B000258,YYZ4,1967,2,2025-07-04,2026-06-03,2026-04-15,2026-08-29,7.11,Each,7
2026-08-29,B000259,YEG3,267,1,2026-03-22,2026-05-02,2026-06-13,2026-08-29,17.17,Case,8
2026-08-29,B000259,YHZ1,101,0,2026-01-18,2026-06-14,2026-03-25,,17.17,Each,3
2026-08-29,B000259,YUL5,37,9,2026-08-27,2026-08-28,2026-07-13,2026-08-29,17.17,Each,6
2026-08-29,B000259,YVR2,101,11,2026-07-30,2026-08-01,2026-03-17,2026-08-29,17.17,Pallet,8
2026-08-29,B000259,YWG2,186,5,2026-03-21,2026-05-18,2026-06-26,2026-08-29,17.17,Pallet,7
2026-08-29,B000259,YYC1,100,9,2026-07-08,2026-08-12,2026-07-17,2026-08-29,17.17,Case,8
2026-08-29,B000259,YYZ4,414,6,2026-07-22,2026-08-13,2026-05-12,2026-08-29,17.17,Case,6
2026-08-29,B000260,YVR2,13,1,2026-06-20,2026-08-09,2026-03-25,2026-08-22,27.53,Each,4
2026-08-29,B000260,YYZ4,44,3,2026-05-03,2026-07-25,2026-06-01,2026-08-22,27.53,Case,8
2026-08-29,B000261,YHZ1,388,5,2025-03-08,2025-05-21,2026-05-08,2026-08-29,61.04,Each,5
2026-08-29,B000261,YUL5,79,5,2026-08-02,2026-08-24,2026-08-10,2026-08-29,61.04,Case,4
2026-08-29,B000261,YVR2,138,7,2026-04-30,2026-08-01,2026-08-17,2026-07-25,61.04,Case,3
2026-08-29,B000261,YYZ4,261,16,2026-05-24,2026-08-18,2026-06-17,2026-08-29,61.04,Case,7
2026-08-29,B000262,YEG3,180,8,2026-07-01,2026-08-18,2026-04-10,2026-08-29,79.31,Case,8
2026-08-29,B000262,YHZ1,426,15,2026-05-21,2026-06-13,2026-05-14,2026-08-29,79.31,Each,7
2026-08-29,B000262,YUL5,336,15,2026-07-18,2026-08-04,2026-02-11,2026-08-29,79.31,Case,8
2026-08-29,B000262,YVR2,515,28,2026-06-06,2026-07-10,2026-06-20,2026-08-29,79.31,Case,1
2026-08-29,B000262,YWG2,217,7,2026-04-07,2026-06-02,2026-07-30,2026-08-29,79.31,Case,8
2026-08-29,B000262,YYC1,250,5,2026-06-05,2026-07-19,2026-07-27,2026-08-29,79.31,Case,7
2026-08-29,B000262,YYZ4,1100,32,2026-05-26,2026-06-05,2026-07-30,2026-08-29,79.31,Case,7
2026-08-29,B000263,YHZ1,36,11,2026-06-16,2026-07-23,2026-04-18,2026-08-29,50.34,Case,2
2026-08-29,B000263,YUL5,12,12,2026-08-27,2026-08-28,2026-06-16,2026-08-29,50.34,Pallet,8
2026-08-29,B000263,YVR2,73,5,2026-08-01,2026-08-21,2026-04-12,2026-08-29,50.34,Pallet,7
2026-08-29,B000263,YYZ4,350,56,2026-08-06,2026-08-21,2026-06-07,2026-08-29,50.34,Case,5
2026-08-29,B000264,YEG3,214,2,2025-08-05,2025-09-13,2026-04-26,2026-08-29,32.04,Case,5
2026-08-29,B000264,YVR2,85,6,2026-05-08,2026-07-08,2026-04-19,2026-08-29,32.04,Case,2
2026-08-29,B000264,YYZ4,0,0,2025-03-22,2026-05-06,2026-07-21,2026-05-16,32.04,Case,8
2026-08-29,B000265,YUL5,39,3,2026-08-09,2026-08-24,2026-04-27,2026-08-29,5.9,Each,3
2026-08-29,B000265,YWG2,23,0,2026-05-23,2026-07-30,2026-04-11,2026-08-29,5.9,Each,1
2026-08-29,B000265,YYC1,17,4,2026-08-21,2026-08-28,2026-06-10,2026-08-29,5.9,Pallet,3
2026-08-29,B000265,YYZ4,258,18,2026-06-04,2026-06-22,2026-03-20,2026-08-29,5.9,Each,3
2026-08-29,B000266,YUL5,44,3,2026-06-06,2026-06-15,2026-02-18,2026-08-29,77.37,Case,2
2026-08-29,B000266,YYZ4,22,4,2026-07-23,2026-08-08,2026-07-11,2026-08-29,77.37,Case,6
2026-08-29,B000267,YHZ1,658,6,2024-09-08,2025-11-10,2026-08-15,2026-08-29,35.69,Case,1
2026-08-29,B000267,YUL5,397,5,2026-02-11,2026-02-16,2026-02-17,2026-08-29,35.69,Pallet,6
2026-08-29,B000267,YYC1,177,14,2026-05-16,2026-05-27,2026-03-26,2026-08-29,35.69,Case,6
2026-08-29,B000267,YYZ4,677,27,2026-06-05,2026-06-26,2026-03-28,2026-08-29,35.69,Each,4
2026-08-29,B000268,YUL5,53,0,2025-10-05,2026-08-20,2026-05-08,2026-05-02,24.53,Case,2
2026-08-29,B000269,YYC1,6,2,2026-07-05,2026-07-12,2026-08-04,2026-08-29,2.24,Pallet,4
2026-08-29,B000270,YHZ1,0,0,2025-03-17,2026-04-13,2026-07-05,2026-02-28,42.84,Pallet,3
2026-08-29,B000270,YUL5,164,14,2026-05-30,2026-05-31,2026-03-15,2026-08-29,42.84,Pallet,1
2026-08-29,B000270,YVR2,256,4,2026-04-08,2026-08-11,2026-06-03,2026-08-29,42.84,Each,5
2026-08-29,B000270,YYZ4,391,9,2026-05-18,2026-07-09,2026-03-09,2026-08-29,42.84,Pallet,1
2026-08-29,B000271,YEG3,24,24,2026-08-15,2026-08-16,2026-03-28,2026-08-29,23.34,Case,5
2026-08-29,B000271,YHZ1,277,0,2026-06-30,2026-07-12,2026-05-17,2026-08-29,23.34,Case,3
2026-08-29,B000271,YUL5,51,32,2026-08-08,2026-08-18,2026-06-07,2026-08-29,23.34,Pallet,4
2026-08-29,B000271,YVR2,392,11,2026-04-21,2026-07-26,2026-02-12,2026-08-29,23.34,Case,8
2026-08-29,B000271,YWG2,256,0,2025-12-11,2026-01-12,2026-02-04,,23.34,Case,8
2026-08-29,B000271,YYC1,411,51,2026-07-11,2026-08-11,2026-08-08,2026-08-29,23.34,Pallet,4
2026-08-29,B000271,YYZ4,961,52,2026-07-06,2026-07-27,2026-02-17,2026-08-29,23.34,Each,3
2026-08-29,B000272,YVR2,30,3,2026-06-22,2026-08-07,2026-06-18,2026-08-29,5.34,Each,2
2026-08-29,B000272,YYZ4,86,3,2026-07-27,2026-08-21,2026-08-11,2026-08-29,5.34,Case,5
2026-08-29,B000273,YHZ1,8,1,2026-07-27,2026-08-02,2026-06-07,2026-08-22,23.72,Case,8
2026-08-29,B000273,YUL5,55,5,2026-08-10,2026-08-19,2026-07-04,2026-08-22,23.72,Case,6
2026-08-29,B000273,YYZ4,44,1,2026-07-09,2026-07-11,2026-04-08,2026-08-29,23.72,Case,2
2026-08-29,B000274,YEG3,59,4,2026-06-18,2026-08-24,2026-06-07,2026-08-29,20.72,Each,3
2026-08-29,B000274,YUL5,138,9,2026-06-04,2026-06-05,2026-08-12,2026-08-29,20.72,Each,8
2026-08-29,B000274,YYC1,163,4,2026-02-21,2026-05-16,2026-05-28,2026-08-29,20.72,Case,4
2026-08-29,B000274,YYZ4,400,8,2026-04-28,2026-06-14,2026-06-26,2026-08-29,20.72,Pallet,5
2026-08-29,B000275,YYC1,7,0,2026-05-02,2026-08-01,2026-03-16,2026-08-01,27.48,Case,3
2026-08-29,B000275,YYZ4,2,0,2026-08-18,2026-08-27,2026-06-13,2026-08-29,27.48,Pallet,7
2026-08-29,B000276,YUL5,119,3,2026-02-10,2026-03-16,2026-07-10,2026-08-29,23.17,Case,4
2026-08-29,B000276,YYZ4,125,4,2026-02-21,2026-07-22,2026-05-03,2026-08-29,23.17,Case,1
2026-08-29,B000277,YEG3,25,0,2026-04-16,2026-07-06,2026-04-02,2026-08-15,37.83,Pallet,1
2026-08-29,B000277,YYZ4,114,1,2026-04-18,2026-06-06,2026-05-18,2026-08-29,37.83,Each,6
2026-08-29,B000278,YHZ1,20,2,2026-07-14,2026-08-04,2026-04-19,2026-08-29,38.05,Case,3
2026-08-29,B000278,YVR2,12,2,2026-07-30,2026-07-31,2026-03-29,2026-07-18,38.05,Case,4
2026-08-29,B000278,YYZ4,107,12,2026-07-25,2026-08-03,2026-07-26,2026-08-29,38.05,Pallet,6
2026-08-29,B000279,YHZ1,18,1,2026-04-18,2026-04-21,2026-07-05,2026-08-29,30.79,Case,2
2026-08-29,B000279,YYZ4,79,1,2026-04-28,2026-07-17,2026-07-21,2026-08-29,30.79,Case,7
2026-08-29,B000280,YEG3,98,6,2026-06-14,2026-06-24,2026-05-17,2026-08-29,18.32,Pallet,6
2026-08-29,B000280,YHZ1,155,5,2026-05-08,2026-07-22,2026-06-03,2026-08-29,18.32,Case,8
2026-08-29,B000280,YUL5,1186,21,2025-09-01,2025-10-21,2026-04-04,2026-08-29,18.32,Pallet,4
2026-08-29,B000280,YVR2,169,8,2026-05-28,2026-06-29,2026-03-31,2026-08-29,18.32,Case,6
2026-08-29,B000280,YWG2,53,5,2026-06-28,2026-08-25,2026-03-04,2026-08-29,18.32,Pallet,8
2026-08-29,B000280,YYC1,292,3,2026-02-22,2026-07-29,2026-04-23,2026-08-29,18.32,Pallet,7
2026-08-29,B000280,YYZ4,449,41,2026-04-28,2026-07-09,2026-06-24,2026-08-29,18.32,Each,1
2026-08-29,B000281,YEG3,116,0,2025-05-31,2025-08-09,2026-05-21,2026-02-21,27.43,Case,1
2026-08-29,B000281,YYZ4,247,0,2025-11-17,2026-04-20,2026-08-15,2026-02-21,27.43,Pallet,2
2026-08-29,B000282,YHZ1,260,5,2026-02-25,2026-04-04,2026-05-01,2026-08-29,55.18,Pallet,7
2026-08-29,B000282,YUL5,139,9,2026-08-04,2026-08-22,2026-06-16,2026-08-29,55.18,Case,1
2026-08-29,B000282,YVR2,121,10,2026-08-20,2026-08-23,2026-08-24,2026-08-29,55.18,Case,2
2026-08-29,B000282,YYZ4,167,51,2026-07-20,2026-08-08,2026-07-21,2026-08-29,55.18,Each,6
2026-08-29,B000283,YEG3,27,3,2026-08-27,2026-08-28,2026-04-15,2026-08-29,5.71,Each,7
2026-08-29,B000283,YHZ1,133,0,2025-03-02,2025-06-18,2026-04-01,2026-01-31,5.71,Pallet,7
2026-08-29,B000283,YUL5,280,19,2026-08-11,2026-08-25,2026-04-30,2026-08-29,5.71,Case,1
2026-08-29,B000283,YVR2,380,12,2026-07-03,2026-08-25,2026-05-05,2026-08-29,5.71,Pallet,6
2026-08-29,B000283,YWG2,56,6,2026-07-19,2026-08-01,2026-03-05,2026-08-29,5.71,Case,3
2026-08-29,B000283,YYC1,160,25,2026-07-15,2026-08-13,2026-08-11,2026-08-29,5.71,Pallet,4
2026-08-29,B000283,YYZ4,274,15,2026-06-15,2026-07-09,2026-03-24,2026-08-29,5.71,Case,7
2026-08-29,B000284,YVR2,122,11,2026-07-09,2026-08-19,2026-07-12,2026-08-29,19.61,Each,3
2026-08-29,B000284,YWG2,33,3,2026-08-22,2026-08-28,2026-03-10,2026-08-29,19.61,Pallet,5
2026-08-29,B000284,YYZ4,167,48,2026-07-24,2026-08-16,2026-04-28,2026-08-29,19.61,Pallet,5
2026-08-29,B000285,YEG3,24,0,2026-06-18,2026-07-06,2026-08-09,2026-08-29,99.56,Case,7
2026-08-29,B000285,YYZ4,47,5,2026-06-15,2026-07-21,2026-08-16,2026-08-29,99.56,Case,3
2026-08-29,B000286,YEG3,58,7,2026-07-07,2026-08-09,2026-05-18,2026-08-29,43.29,Case,1
2026-08-29,B000286,YYC1,133,0,2025-06-09,2025-11-13,2026-03-11,2026-01-10,43.29,Pallet,4
2026-08-29,B000286,YYZ4,103,5,2026-06-26,2026-07-08,2026-04-21,2026-08-29,43.29,Pallet,7
2026-08-29,B000287,YUL5,56,0,2026-06-10,2026-06-28,2026-04-12,2026-08-29,94.57,Pallet,4
2026-08-29,B000287,YVR2,53,3,2026-05-30,2026-06-18,2026-03-31,2026-08-29,94.57,Each,8
2026-08-29,B000287,YYZ4,116,0,2026-06-04,2026-06-05,2026-06-20,2026-08-29,94.57,Case,1
2026-08-29,B000288,YVR2,50,1,2026-05-15,2026-06-20,2026-08-05,2026-08-29,9.3,Case,4
2026-08-29,B000288,YWG2,12,2,2026-07-24,2026-08-26,2026-06-16,2026-08-29,9.3,Each,4
2026-08-29,B000288,YYZ4,442,2,2026-02-21,2026-06-02,2026-07-15,2026-08-29,9.3,Each,1
2026-08-29,B000289,YEG3,144,4,2026-03-27,2026-07-11,2026-05-28,2026-08-29,33.98,Case,3
2026-08-29,B000289,YUL5,519,7,2026-02-21,2026-03-07,2026-05-14,2026-08-29,33.98,Case,1
2026-08-29,B000289,YVR2,248,6,2026-03-26,2026-07-16,2026-08-05,2026-08-29,33.98,Case,7
2026-08-29,B000289,YYZ4,1560,33,2025-10-23,2026-07-11,2026-05-25,2026-08-29,33.98,Case,7
2026-08-29,B000290,YUL5,129,16,2026-07-05,2026-07-14,2026-07-05,2026-08-29,2.29,Pallet,1
2026-08-29,B000290,YVR2,45,14,2026-07-30,2026-08-10,2026-07-27,2026-08-29,2.29,Pallet,2
2026-08-29,B000290,YWG2,22,6,2026-08-07,2026-08-23,2026-04-16,2026-08-22,2.29,Each,4
2026-08-29,B000290,YYZ4,40,8,2026-07-31,2026-08-19,2026-04-03,2026-08-29,2.29,Each,7
2026-08-29,B000291,YUL5,24,4,2026-08-11,2026-08-17,2026-08-15,2026-08-29,17.87,Case,5
2026-08-29,B000291,YVR2,28,3,2026-07-14,2026-07-16,2026-08-06,2026-08-29,17.87,Case,4
2026-08-29,B000291,YYZ4,56,4,2026-07-26,2026-07-29,2026-05-23,2026-08-29,17.87,Each,3
2026-08-29,B000292,YUL5,48,0,2026-07-01,2026-08-14,2026-04-16,2026-08-29,32.23,Each,8
2026-08-29,B000292,YVR2,63,0,2026-05-28,2026-07-04,2026-08-08,2026-08-29,32.23,Case,4
2026-08-29,B000292,YYC1,30,2,2026-07-18,2026-08-03,2026-03-09,2026-08-22,32.23,Case,7
2026-08-29,B000292,YYZ4,96,11,2026-07-04,2026-08-16,2026-05-21,2026-08-29,32.23,Each,2
2026-08-29,B000293,YHZ1,42,0,2026-03-30,2026-08-12,2026-06-26,2025-11-15,14.75,Case,3
2026-08-29,B000293,YUL5,38,0,2025-10-20,2025-11-19,2026-02-13,2025-11-08,14.75,Case,2
2026-08-29,B000293,YWG2,0,0,2024-11-15,2025-05-01,2026-06-30,2025-11-01,14.75,Case,5
2026-08-29,B000293,YYZ4,31,0,2024-12-11,2025-07-28,2026-03-01,2025-11-15,14.75,Case,6
2026-08-29,B000294,YHZ1,66,1,2026-05-17,2026-06-14,2026-05-18,2026-08-29,42.52,Case,6
2026-08-29,B000294,YUL5,88,10,2026-06-30,2026-07-27,2026-07-26,2026-08-29,42.52,Case,1
2026-08-29,B000294,YVR2,34,7,2026-08-04,2026-08-08,2026-07-05,2026-08-29,42.52,Each,6
2026-08-29,B000294,YYZ4,54,14,2026-07-16,2026-08-12,2026-05-28,2026-08-29,42.52,Case,2
2026-08-29,B000295,YVR2,9,0,2026-08-07,2026-08-23,2026-05-15,2026-08-29,18.76,Each,3
2026-08-29,B000295,YYZ4,14,1,2026-06-21,2026-06-22,2026-03-04,2026-08-29,18.76,Pallet,2
2026-08-29,B000296,YHZ1,24,3,2026-07-24,2026-08-16,2026-07-16,2026-08-29,28.09,Case,2
2026-08-29,B000296,YYC1,15,2,2026-08-03,2026-08-22,2026-04-07,2026-08-29,28.09,Each,7
2026-08-29,B000296,YYZ4,57,0,2025-05-30,2026-02-23,2026-05-21,2026-05-02,28.09,Pallet,2
2026-08-29,B000297,YYZ4,47,0,2025-06-20,2026-03-28,2026-07-12,2025-12-06,20.76,Case,4
2026-08-29,B000298,YEG3,247,0,2025-05-13,2025-07-25,2026-08-23,,39.04,Pallet,8
2026-08-29,B000298,YHZ1,92,17,2026-07-05,2026-08-17,2026-05-18,2026-08-29,39.04,Pallet,3
2026-08-29,B000298,YUL5,167,31,2026-06-13,2026-08-06,2026-08-23,2026-08-29,39.04,Pallet,3
2026-08-29,B000298,YVR2,301,17,2026-06-23,2026-08-26,2026-06-05,2026-08-29,39.04,Case,8
2026-08-29,B000298,YWG2,19,9,2026-08-27,2026-08-28,2026-07-18,2026-08-29,39.04,Case,6
2026-08-29,B000298,YYC1,208,12,2026-06-20,2026-07-05,2026-02-03,2026-08-29,39.04,Pallet,4
2026-08-29,B000298,YYZ4,453,38,2026-07-24,2026-08-26,2026-08-03,2026-08-29,39.04,Pallet,2
2026-08-29,B000299,YUL5,1540,16,2024-12-31,2026-04-25,2026-03-05,2026-08-29,8.34,Each,7
2026-08-29,B000299,YVR2,238,4,2026-05-15,2026-05-22,2026-07-09,2026-08-29,8.34,Pallet,7
2026-08-29,B000299,YYZ4,256,16,2026-05-30,2026-08-10,2026-08-05,2026-08-29,8.34,Each,7
2026-08-29,B000300,YHZ1,14,1,2026-07-07,2026-07-11,2026-07-09,2026-08-29,30.93,Pallet,8
2026-08-29,B000300,YUL5,36,1,2026-07-08,2026-08-15,2026-06-19,2026-08-29,30.93,Pallet,7
2026-08-29,B000300,YYZ4,53,5,2026-06-15,2026-07-18,2026-05-04,2026-08-29,30.93,Pallet,4
2026-08-29,B000301,YHZ1,91,0,2025-07-22,2026-07-09,2026-02-07,2026-04-04,37.32,Each,1
2026-08-29,B000301,YUL5,235,0,2026-02-07,2026-05-18,2026-03-05,2026-05-02,37.32,Each,2
2026-08-29,B000301,YYC1,244,0,2025-09-14,2026-02-11,2026-03-04,2026-04-18,37.32,Case,8
2026-08-29,B000301,YYZ4,242,0,2024-12-21,2026-05-24,2026-03-19,2026-04-18,37.32,Case,8
2026-08-29,B000302,YWG2,3,0,2026-03-25,2026-06-10,2026-06-02,2026-07-25,37.95,Case,6
2026-08-29,B000302,YYZ4,26,2,2026-06-24,2026-08-28,2026-02-26,2026-08-29,37.95,Pallet,3
2026-08-29,B000303,YEG3,87,1,2025-06-24,2025-07-22,2026-04-02,2026-08-29,9.43,Case,8
2026-08-29,B000303,YVR2,22,3,2026-06-09,2026-07-07,2026-08-15,2026-08-29,9.43,Pallet,5
2026-08-29,B000303,YYZ4,220,1,2025-09-11,2025-10-07,2026-03-03,2026-08-29,9.43,Pallet,1
2026-08-29,B000304,YEG3,82,4,2026-07-31,2026-08-18,2026-08-18,2026-08-29,13.26,Pallet,3
2026-08-29,B000304,YWG2,31,2,2026-06-14,2026-07-13,2026-05-02,2026-08-29,13.26,Each,3
2026-08-29,B000304,YYC1,102,13,2026-06-11,2026-06-25,2026-03-17,2026-08-29,13.26,Case,1
2026-08-29,B000304,YYZ4,1261,13,2026-03-11,2026-03-13,2026-07-13,2026-08-29,13.26,Case,8
2026-08-29,B000305,YEG3,165,9,2026-05-16,2026-06-30,2026-05-19,2026-08-29,13.63,Case,3
2026-08-29,B000305,YUL5,361,26,2026-05-22,2026-07-17,2026-04-26,2026-08-29,13.63,Each,6
2026-08-29,B000305,YWG2,137,4,2026-06-16,2026-08-11,2026-07-10,2026-08-29,13.63,Case,7
2026-08-29,B000305,YYZ4,883,3,2026-04-08,2026-04-22,2026-05-11,2026-08-29,13.63,Pallet,8
2026-08-29,B000306,YEG3,120,0,2025-05-15,2026-03-10,2026-02-10,2025-11-29,64.71,Case,1
2026-08-29,B000306,YHZ1,118,0,2025-11-22,2026-04-17,2026-04-08,2025-12-06,64.71,Case,3
2026-08-29,B000306,YVR2,236,0,2024-11-19,2026-03-04,2026-08-22,2025-12-06,64.71,Case,4
2026-08-29,B000306,YWG2,12,0,2026-01-26,2026-02-10,2026-08-08,2025-11-22,64.71,Case,5
2026-08-29,B000306,YYC1,62,0,2026-01-21,2026-08-14,2026-07-29,2025-11-29,64.71,Each,2
2026-08-29,B000306,YYZ4,0,0,2025-03-09,2025-03-16,2026-05-26,2025-12-06,64.71,Pallet,6
2026-08-29,B000307,YUL5,6,1,2026-08-27,2026-08-28,2026-05-05,2026-08-22,10.55,Case,4
2026-08-29,B000307,YYZ4,32,2,2026-06-26,2026-08-08,2026-04-06,2026-08-29,10.55,Case,2
2026-08-29,B000308,YHZ1,16,3,2026-08-04,2026-08-25,2026-07-03,2026-08-29,10.93,Case,8
2026-08-29,B000308,YUL5,39,1,2026-07-31,2026-08-28,2026-04-12,2026-08-29,10.93,Case,4
2026-08-29,B000308,YYZ4,67,17,2026-08-14,2026-08-25,2026-06-24,2026-08-29,10.93,Each,3
2026-08-29,B000309,YHZ1,64,7,2026-06-02,2026-06-21,2026-05-11,2026-08-29,6.6,Pallet,1
2026-08-29,B000309,YUL5,204,15,2026-07-18,2026-07-27,2026-08-18,2026-08-29,6.6,Case,4
2026-08-29,B000309,YYZ4,371,19,2026-05-12,2026-06-26,2026-08-13,2026-08-29,6.6,Pallet,4
2026-08-29,B000310,YEG3,92,0,2025-08-15,2026-04-12,2026-04-27,2026-02-28,2.96,Each,7
2026-08-29,B000310,YHZ1,241,0,2025-05-12,2026-07-22,2026-06-23,2026-05-09,2.96,Case,6
2026-08-29,B000310,YYZ4,66,10,2026-08-09,2026-08-12,2026-03-10,2026-08-29,2.96,Case,4
2026-08-29,B000311,YEG3,232,0,2025-11-05,2026-07-20,2026-08-05,2026-02-14,23.78,Each,3
2026-08-29,B000311,YWG2,238,0,2025-01-07,2025-08-18,2026-04-11,2026-01-31,23.78,Case,4
2026-08-29,B000311,YYC1,257,0,2025-08-30,2025-10-21,2026-03-08,2026-02-07,23.78,Pallet,4
2026-08-29,B000311,YYZ4,77,0,2025-01-01,2026-07-12,2026-02-05,2026-02-14,23.78,Each,7
2026-08-29,B000312,YEG3,14,5,2026-08-27,2026-08-28,2026-06-23,2026-08-29,11.5,Case,4
2026-08-29,B000312,YWG2,25,7,2026-07-24,2026-08-09,2026-03-08,2026-08-29,11.5,Case,2
2026-08-29,B000312,YYC1,78,7,2026-08-19,2026-08-20,2026-07-12,2026-08-29,11.5,Case,6
2026-08-29,B000312,YYZ4,31,10,2026-08-17,2026-08-25,2026-04-02,2026-08-29,11.5,Case,8
2026-08-29,B000313,YEG3,215,8,2026-05-18,2026-05-22,2026-07-13,2026-08-29,19.4,Each,5
2026-08-29,B000313,YHZ1,164,14,2026-05-30,2026-08-12,2026-05-20,2026-08-29,19.4,Case,5
2026-08-29,B000313,YUL5,520,31,2026-05-09,2026-05-20,2026-05-29,2026-08-29,19.4,Case,1
2026-08-29,B000313,YVR2,397,19,2026-06-19,2026-08-15,2026-03-01,2026-08-29,19.4,Case,2
2026-08-29,B000313,YWG2,178,12,2026-05-09,2026-05-19,2026-08-04,2026-08-29,19.4,Pallet,2
2026-08-29,B000313,YYC1,0,0,2025-08-11,2025-09-27,2026-06-28,2025-09-20,19.4,Pallet,5
2026-08-29,B000313,YYZ4,4620,37,2025-07-28,2026-05-13,2026-02-19,2026-08-29,19.4,Pallet,2
2026-08-29,B000314,YUL5,316,2,2026-05-05,2026-05-23,2026-05-07,2026-08-29,39.46,Case,8
2026-08-29,B000314,YWG2,156,1,2025-08-16,2025-10-19,2026-06-27,2026-08-29,39.46,Case,5
2026-08-29,B000314,YYZ4,443,16,2026-04-11,2026-04-21,2026-02-08,2026-08-29,39.46,Case,4
2026-08-29,B000315,YEG3,24,2,2026-07-22,2026-08-19,2026-02-27,2026-08-29,68.19,Pallet,6
2026-08-29,B000315,YUL5,183,23,2026-05-31,2026-07-29,2026-07-21,2026-08-29,68.19,Pallet,3
2026-08-29,B000315,YYC1,85,5,2026-07-02,2026-08-16,2026-07-13,2026-08-29,68.19,Case,2
2026-08-29,B000315,YYZ4,412,23,2026-07-07,2026-08-08,2026-05-23,2026-08-29,68.19,Pallet,1
2026-08-29,B000316,YUL5,7,2,2026-08-19,2026-08-26,2026-02-11,2026-08-29,11.05,Case,6
2026-08-29,B000316,YYC1,68,0,2025-12-17,2026-04-03,2026-07-24,2026-08-29,11.05,Case,8
2026-08-29,B000316,YYZ4,30,1,2026-07-09,2026-07-28,2026-05-08,2026-08-22,11.05,Pallet,4
2026-08-29,B000317,YYZ4,1,0,2025-01-21,2025-06-28,2026-08-04,2026-05-02,16.4,Pallet,2
2026-08-29,B000318,YUL5,18,1,2026-05-12,2026-08-16,2026-03-21,2026-06-27,27.75,Each,6
2026-08-29,B000318,YWG2,3,0,2026-07-12,2026-07-23,2026-06-14,2026-06-13,27.75,Case,5
2026-08-29,B000318,YYC1,44,0,2026-01-05,2026-03-09,2026-02-18,2026-06-27,27.75,Each,6
2026-08-29,B000318,YYZ4,26,2,2026-08-14,2026-08-22,2026-04-04,2026-07-04,27.75,Each,3
2026-08-29,B000319,YEG3,0,0,2025-12-18,2026-06-14,2026-08-13,2025-12-20,45.53,Case,7
2026-08-29,B000319,YHZ1,42,1,2026-06-11,2026-07-27,2026-03-10,2026-08-29,45.53,Each,6
2026-08-29,B000319,YYZ4,48,13,2026-08-27,2026-08-28,2026-07-23,2026-08-29,45.53,Case,3
2026-08-29,B000320,YVR2,9,3,2026-08-27,2026-08-28,2026-08-12,2026-08-29,15.12,Pallet,2
2026-08-29,B000320,YYC1,11,1,2026-07-13,2026-07-23,2026-06-20,2026-08-29,15.12,Each,7
2026-08-29,B000321,YWG2,6,1,2026-08-11,2026-08-25,2026-06-26,2026-08-22,8.49,Pallet,8
2026-08-29,B000321,YYC1,18,2,2026-07-28,2026-08-23,2026-03-18,2026-08-29,8.49,Pallet,2
2026-08-29,B000321,YYZ4,34,11,2026-08-27,2026-08-28,2026-03-22,2026-08-29,8.49,Pallet,8
2026-08-29,B000322,YUL5,204,13,2026-06-29,2026-08-04,2026-03-13,2026-08-29,12.01,Case,5
2026-08-29,B000322,YVR2,172,3,2026-05-01,2026-06-18,2026-03-26,2026-08-29,12.01,Pallet,4
2026-08-29,B000322,YWG2,57,2,2026-04-04,2026-07-02,2026-03-23,2026-08-22,12.01,Each,2
2026-08-29,B000322,YYZ4,126,0,2025-10-25,2026-07-22,2026-04-03,2026-04-04,12.01,Pallet,3
2026-08-29,B000323,YEG3,112,1,2025-05-18,2025-08-25,2026-07-12,2026-08-15,11.42,Pallet,2
2026-08-29,B000323,YVR2,18,1,2026-05-19,2026-08-17,2026-07-09,2026-08-22,11.42,Case,3
2026-08-29,B000323,YYZ4,18,1,2026-05-21,2026-07-31,2026-03-29,2026-06-13,11.42,Pallet,4
2026-08-29,B000324,YWG2,16,0,2026-07-28,2026-08-28,2026-02-03,2026-08-29,50.1,Pallet,1
2026-08-29,B000324,YYC1,13,4,2026-08-24,2026-08-26,2026-07-14,2026-08-29,50.1,Case,4
2026-08-29,B000324,YYZ4,83,18,2026-07-05,2026-07-26,2026-04-08,2026-08-29,50.1,Case,6
2026-08-29,B000325,YVR2,196,12,2026-06-21,2026-08-23,2026-07-08,2026-08-29,11.69,Case,4
2026-08-29,B000325,YYC1,29,10,2026-07-22,2026-08-12,2026-03-05,2026-08-29,11.69,Case,5
2026-08-29,B000325,YYZ4,498,32,2026-07-05,2026-08-13,2026-05-27,2026-08-29,11.69,Each,1
2026-08-29,B000326,YUL5,3,0,2026-03-05,2026-03-24,2026-03-27,2026-04-11,9.48,Case,7
2026-08-29,B000326,YVR2,233,0,2025-01-30,2025-02-27,2026-05-12,2026-04-11,9.48,Pallet,8
2026-08-29,B000326,YYC1,194,0,2025-05-27,2026-01-24,2026-08-21,2026-04-18,9.48,Case,1
2026-08-29,B000326,YYZ4,72,0,2025-02-25,2025-04-24,2026-02-21,2026-04-18,9.48,Each,4
2026-08-29,B000327,YVR2,7,1,2026-05-30,2026-08-20,2026-03-28,2026-07-25,45.86,Case,4
2026-08-29,B000327,YYZ4,13,1,2026-05-30,2026-06-29,2026-05-18,2026-08-22,45.86,Case,8
2026-08-29,B000328,YUL5,0,0,2024-08-01,2026-05-14,2026-04-17,,28.33,Case,8
2026-08-29,B000328,YWG2,11,1,2026-08-11,2026-08-16,2026-03-10,2026-08-29,28.33,Case,3
2026-08-29,B000328,YYZ4,92,8,2026-06-07,2026-08-08,2026-08-07,2026-08-29,28.33,Case,3
2026-08-29,B000329,YUL5,0,0,2026-03-02,2026-07-14,2026-06-09,2026-05-23,64.01,Case,8
2026-08-29,B000329,YYZ4,1,0,2026-05-09,2026-05-26,2026-05-19,2026-06-06,64.01,Case,7
2026-08-29,B000330,YEG3,40,2,2026-07-31,2026-08-17,2026-08-22,2026-08-29,34.27,Each,7
2026-08-29,B000330,YVR2,10,10,2026-08-26,2026-08-28,2026-02-27,2026-08-29,34.27,Case,2
2026-08-29,B000330,YWG2,58,3,2026-06-05,2026-08-07,2026-06-30,2026-08-29,34.27,Each,1
2026-08-29,B000330,YYC1,64,7,2026-06-30,2026-07-27,2026-06-29,2026-08-29,34.27,Case,2
2026-08-29,B000330,YYZ4,389,22,2026-06-15,2026-07-24,2026-02-09,2026-08-29,34.27,Case,5
2026-08-29,B000331,YYC1,25,2,2026-05-20,2026-07-09,2026-02-12,2026-08-29,5.86,Case,1
2026-08-29,B000331,YYZ4,29,0,2026-05-27,2026-06-24,2026-07-08,2026-08-29,5.86,Case,8
2026-08-29,B000332,YVR2,125,5,2026-06-01,2026-08-28,2026-06-04,2026-08-29,37.15,Each,5
2026-08-29,B000332,YWG2,27,4,2026-06-11,2026-07-17,2026-08-14,2026-08-29,37.15,Case,7
2026-08-29,B000332,YYC1,79,4,2026-04-22,2026-05-07,2026-06-22,2026-08-29,37.15,Case,6
2026-08-29,B000332,YYZ4,184,14,2026-05-18,2026-08-09,2026-02-25,2026-08-29,37.15,Case,1
2026-08-29,B000333,YUL5,216,16,2026-05-23,2026-06-09,2026-04-29,2026-08-29,53.66,Each,1
2026-08-29,B000333,YYC1,525,7,2025-06-01,2025-11-19,2026-08-19,2026-08-29,53.66,Case,5
2026-08-29,B000333,YYZ4,399,13,2026-05-02,2026-05-17,2026-06-14,2026-08-29,53.66,Case,2
2026-08-29,B000334,YVR2,6,1,2026-06-24,2026-08-08,2026-08-02,2026-08-22,8.22,Case,4
2026-08-29,B000334,YYZ4,13,0,2026-07-26,2026-08-12,2026-04-15,2026-08-29,8.22,Each,5
2026-08-29,B000335,YEG3,100,12,2026-07-23,2026-08-12,2026-06-18,2026-08-29,57.26,Case,1
2026-08-29,B000335,YHZ1,17,0,2026-07-29,2026-08-26,2026-05-07,2026-08-29,57.26,Case,1
2026-08-29,B000335,YUL5,1144,25,2026-01-15,2026-02-01,2026-05-06,2026-08-29,57.26,Case,2
2026-08-29,B000335,YYZ4,637,39,2026-07-10,2026-08-11,2026-06-13,2026-08-29,57.26,Each,8
2026-08-29,B000336,YEG3,84,7,2026-06-29,2026-07-06,2026-02-05,2026-08-29,61.89,Each,4
2026-08-29,B000336,YUL5,887,1,2025-08-24,2026-02-18,2026-07-03,2026-08-29,61.89,Case,6
2026-08-29,B000336,YVR2,115,20,2026-07-29,2026-08-10,2026-02-16,2026-08-29,61.89,Pallet,2
2026-08-29,B000336,YYZ4,180,0,2025-10-23,2025-12-02,2026-02-01,,61.89,Case,5
2026-08-29,B000337,YUL5,23,0,2025-05-01,2025-08-05,2026-08-18,2026-05-16,10.03,Pallet,6
2026-08-29,B000337,YWG2,19,2,2026-07-29,2026-08-06,2026-04-19,2026-08-29,10.03,Pallet,4
2026-08-29,B000337,YYZ4,24,5,2026-07-15,2026-08-24,2026-06-08,2026-08-29,10.03,Pallet,7
2026-08-29,B000338,YHZ1,84,5,2026-07-19,2026-08-27,2026-02-02,2026-08-29,3.88,Pallet,8
2026-08-29,B000338,YUL5,11,11,2026-08-27,2026-08-28,2026-05-25,2026-08-29,3.88,Pallet,3
2026-08-29,B000338,YVR2,158,0,2024-11-05,2025-07-18,2026-06-01,2025-12-27,3.88,Each,2
2026-08-29,B000338,YYZ4,302,45,2026-07-24,2026-08-15,2026-02-19,2026-08-29,3.88,Case,3
2026-08-29,B000339,YUL5,28,15,2026-08-27,2026-08-28,2026-03-07,2026-08-29,17.86,Case,6
2026-08-29,B000339,YVR2,93,14,2026-07-31,2026-08-08,2026-04-29,2026-08-29,17.86,Each,6
2026-08-29,B000339,YYC1,72,2,2026-07-08,2026-08-20,2026-07-25,2026-08-29,17.86,Case,4
2026-08-29,B000339,YYZ4,357,21,2026-05-24,2026-06-20,2026-02-13,2026-08-29,17.86,Case,4
2026-08-29,B000340,YVR2,115,2,2025-11-30,2026-02-23,2026-07-04,2026-08-29,41.74,Pallet,4
2026-08-29,B000340,YYC1,29,1,2026-05-30,2026-08-05,2026-04-01,2026-08-29,41.74,Each,6
2026-08-29,B000340,YYZ4,70,0,2025-11-13,2025-12-03,2026-06-24,2026-06-06,41.74,Each,3
2026-08-29,B000341,YEG3,6,0,2026-07-27,2026-08-16,2026-05-31,2026-06-20,57.14,Pallet,4
2026-08-29,B000341,YHZ1,48,1,2026-06-20,2026-08-18,2026-02-18,2026-06-20,57.14,Pallet,8
2026-08-29,B000341,YUL5,464,9,2025-08-08,2026-06-01,2026-08-07,2026-06-20,57.14,Pallet,1
2026-08-29,B000341,YVR2,15,5,2026-08-06,2026-08-21,2026-02-16,2026-06-20,57.14,Case,5
2026-08-29,B000341,YWG2,10,1,2026-06-21,2026-07-04,2026-07-08,2026-06-20,57.14,Each,1
2026-08-29,B000341,YYC1,80,1,2025-11-16,2026-01-14,2026-05-28,2026-06-20,57.14,Pallet,6
2026-08-29,B000342,YUL5,6,0,2026-05-10,2026-08-25,2026-03-14,2026-06-13,3.2,Pallet,4
2026-08-29,B000342,YYZ4,34,4,2026-05-25,2026-06-07,2026-02-07,2026-08-29,3.2,Case,7
2026-08-29,B000343,YEG3,105,4,2026-05-07,2026-05-12,2026-06-28,2026-08-29,128.75,Pallet,3
2026-08-29,B000343,YVR2,290,9,2026-02-13,2026-02-23,2026-04-16,2026-08-29,128.75,Pallet,1
2026-08-29,B000343,YYC1,122,6,2026-04-13,2026-06-27,2026-07-03,2026-08-29,128.75,Each,3
2026-08-29,B000343,YYZ4,365,10,2026-06-08,2026-06-10,2026-07-08,2026-08-29,128.75,Each,6
2026-08-29,B000344,YEG3,48,0,2025-04-28,2026-03-23,2026-06-25,2026-01-24,25.74,Case,1
2026-08-29,B000344,YUL5,217,0,2024-09-07,2026-07-16,2026-02-22,2026-01-24,25.74,Pallet,4
2026-08-29,B000344,YYZ4,99,0,2025-11-28,2025-12-21,2026-07-07,2026-01-31,25.74,Pallet,3
2026-08-29,B000345,YHZ1,85,1,2026-03-27,2026-08-25,2026-05-30,2026-08-29,58.25,Case,4
2026-08-29,B000345,YYC1,62,0,2024-11-10,2026-05-24,2026-08-16,2026-04-11,58.25,Case,7
2026-08-29,B000345,YYZ4,200,2,2026-05-23,2026-08-15,2026-04-06,2026-08-29,58.25,Case,4
2026-08-29,B000346,YUL5,875,9,2025-08-03,2026-04-23,2026-02-17,2026-08-29,26.44,Each,3
2026-08-29,B000346,YVR2,222,7,2026-05-17,2026-06-25,2026-07-13,2026-08-29,26.44,Each,3
2026-08-29,B000346,YYC1,273,3,2026-03-31,2026-04-30,2026-05-13,2026-08-29,26.44,Pallet,7
2026-08-29,B000346,YYZ4,751,10,2026-04-12,2026-07-03,2026-04-27,2026-08-29,26.44,Case,4
2026-08-29,B000347,YHZ1,54,5,2026-06-20,2026-08-07,2026-04-26,2026-08-29,8.39,Pallet,5
2026-08-29,B000347,YYC1,50,9,2026-07-17,2026-07-29,2026-04-02,2026-08-29,8.39,Pallet,5
2026-08-29,B000347,YYZ4,275,16,2026-05-25,2026-07-02,2026-02-25,2026-08-29,8.39,Case,2
2026-08-29,B000348,YEG3,167,20,2026-07-09,2026-07-29,2026-05-27,2026-08-29,9.96,Case,1
2026-08-29,B000348,YUL5,394,46,2026-08-07,2026-08-20,2026-07-08,2026-08-29,9.96,Case,1
2026-08-29,B000348,YVR2,105,12,2026-08-11,2026-08-17,2026-06-17,2026-08-29,9.96,Case,4
2026-08-29,B000348,YYZ4,437,20,2026-06-01,2026-08-25,2026-08-22,2026-08-29,9.96,Pallet,7
2026-08-29,B000349,YEG3,65,3,2026-08-03,2026-08-05,2026-05-19,2026-08-29,53.59,Case,5
2026-08-29,B000349,YUL5,96,4,2026-06-15,2026-07-12,2026-03-06,2026-08-29,53.59,Pallet,2
2026-08-29,B000349,YVR2,192,0,2025-09-29,2026-07-25,2026-03-17,2026-03-21,53.59,Pallet,5
2026-08-29,B000349,YYZ4,258,5,2026-05-13,2026-07-26,2026-06-29,2026-08-29,53.59,Each,1
2026-08-29,B000350,YYC1,71,2,2026-05-18,2026-08-11,2026-06-27,2026-08-29,48.35,Case,1
2026-08-29,B000350,YYZ4,152,12,2026-07-11,2026-07-13,2026-08-05,2026-08-29,48.35,Pallet,4
2026-08-29,B000351,YEG3,30,0,2026-08-09,2026-08-27,2026-05-15,2026-08-29,7.71,Pallet,2
2026-08-29,B000351,YHZ1,141,5,2026-04-19,2026-04-24,2026-03-19,2026-08-29,7.71,Pallet,7
2026-08-29,B000351,YUL5,90,15,2026-08-05,2026-08-12,2026-07-09,2026-08-29,7.71,Each,1
2026-08-29,B000351,YVR2,101,9,2026-07-25,2026-08-22,2026-04-04,2026-08-29,7.71,Case,8
2026-08-29,B000351,YWG2,110,4,2026-04-05,2026-05-17,2026-06-13,2026-08-29,7.71,Pallet,6
2026-08-29,B000351,YYC1,55,3,2026-08-10,2026-08-16,2026-08-10,2026-08-29,7.71,Case,7
2026-08-29,B000351,YYZ4,200,29,2026-07-23,2026-08-19,2026-05-16,2026-08-29,7.71,Pallet,4
2026-08-29,B000352,YHZ1,19,0,2026-05-31,2026-06-08,2026-02-11,2026-08-29,42.99,Case,2
2026-08-29,B000352,YVR2,169,0,2025-11-22,2026-05-13,2026-05-26,2026-05-02,42.99,Pallet,4
2026-08-29,B000352,YYZ4,142,17,2026-07-19,2026-08-10,2026-06-28,2026-08-29,42.99,Case,1
2026-08-29,B000353,YVR2,149,4,2026-04-12,2026-04-28,2026-06-03,2026-08-29,13.18,Case,2
2026-08-29,B000353,YYC1,25,1,2026-08-09,2026-08-15,2026-03-20,2026-08-29,13.18,Case,2
2026-08-29,B000353,YYZ4,82,15,2026-07-22,2026-08-17,2026-07-30,2026-08-29,13.18,Pallet,7
2026-08-29,B000354,YEG3,33,7,2026-07-30,2026-08-03,2026-07-12,2026-08-29,3.98,Pallet,5
2026-08-29,B000354,YUL5,86,10,2026-07-27,2026-08-23,2026-07-01,2026-08-29,3.98,Pallet,6
2026-08-29,B000354,YYC1,57,1,2026-06-24,2026-08-06,2026-03-17,2026-08-29,3.98,Each,1
2026-08-29,B000354,YYZ4,382,9,2026-04-13,2026-06-30,2026-06-26,2026-08-29,3.98,Each,8
2026-08-29,B000355,YVR2,75,4,2026-05-08,2026-07-01,2026-07-17,2026-08-29,14.03,Pallet,4
2026-08-29,B000355,YYZ4,134,5,2026-04-06,2026-08-21,2026-05-24,2026-08-29,14.03,Case,1
2026-08-29,B000356,YEG3,48,0,2026-06-24,2026-07-04,2026-08-23,2026-08-29,30.35,Each,2
2026-08-29,B000356,YUL5,97,9,2026-06-04,2026-08-28,2026-07-14,2026-08-29,30.35,Case,3
2026-08-29,B000356,YVR2,60,6,2026-06-12,2026-07-07,2026-05-02,2026-08-29,30.35,Case,8
2026-08-29,B000356,YYZ4,147,3,2026-05-01,2026-06-21,2026-08-02,2026-08-29,30.35,Pallet,1
2026-08-29,B000357,YHZ1,52,0,2026-08-13,2026-08-15,2026-03-30,2026-08-29,2.48,Pallet,3
2026-08-29,B000357,YVR2,147,6,2026-07-16,2026-08-19,2026-05-22,2026-08-29,2.48,Case,5
2026-08-29,B000357,YYC1,454,11,2025-11-03,2026-02-03,2026-08-01,2026-08-29,2.48,Case,7
2026-08-29,B000357,YYZ4,436,11,2026-06-20,2026-08-04,2026-03-01,2026-08-29,2.48,Case,8
2026-08-29,B000358,YUL5,110,1,2026-05-12,2026-05-28,2026-06-03,2026-08-29,85.05,Case,7
2026-08-29,B000358,YYC1,253,0,2024-09-26,2026-08-15,2026-06-22,2025-11-15,85.05,Pallet,1
2026-08-29,B000358,YYZ4,139,2,2026-07-01,2026-08-13,2026-06-25,2026-08-29,85.05,Pallet,7
2026-08-29,B000359,YUL5,79,10,2026-07-14,2026-08-15,2026-05-23,2026-08-29,69.57,Pallet,1
2026-08-29,B000359,YYC1,23,2,2026-07-21,2026-08-16,2026-08-20,2026-08-29,69.57,Case,3
2026-08-29,B000359,YYZ4,103,8,2026-06-04,2026-07-07,2026-08-09,2026-08-29,69.57,Each,2
2026-08-29,B000360,YYZ4,172,0,2025-03-11,2026-01-03,2026-02-09,2026-04-18,13.52,Pallet,3
2026-08-29,B000361,YYC1,37,6,2026-07-30,2026-08-19,2026-06-20,2026-08-29,25.9,Pallet,7
2026-08-29,B000361,YYZ4,100,11,2026-07-02,2026-08-28,2026-05-08,2026-08-29,25.9,Each,1
2026-08-29,B000362,YUL5,287,7,2026-05-01,2026-06-20,2026-02-23,2026-08-29,52.53,Case,4
2026-08-29,B000362,YVR2,316,17,2026-05-21,2026-08-26,2026-05-23,2026-08-29,52.53,Case,8
2026-08-29,B000362,YYC1,130,4,2026-06-22,2026-07-25,2026-03-10,2026-08-29,52.53,Case,7
2026-08-29,B000362,YYZ4,416,18,2026-07-03,2026-08-23,2026-08-07,2026-08-29,52.53,Pallet,5
2026-08-29,B000363,YHZ1,7,0,2026-03-27,2026-04-01,2026-02-23,2026-08-29,18.43,Case,2
2026-08-29,B000363,YYZ4,51,3,2026-06-04,2026-08-20,2026-07-03,2026-08-29,18.43,Case,4
2026-08-29,B000364,YEG3,41,0,2026-05-05,2026-05-24,2026-03-02,2026-08-29,60.7,Pallet,1
2026-08-29,B000364,YUL5,78,4,2026-05-31,2026-06-27,2026-04-30,2026-08-22,60.7,Pallet,3
2026-08-29,B000364,YYZ4,127,2,2026-04-08,2026-07-20,2026-08-10,2026-08-29,60.7,Each,6
2026-08-29,B000365,YUL5,45,8,2026-07-11,2026-07-21,2026-07-15,2026-08-29,4.97,Pallet,6
2026-08-29,B000365,YVR2,10,1,2026-08-27,2026-08-28,2026-07-25,2026-08-29,4.97,Pallet,2
2026-08-29,B000365,YYZ4,36,0,2026-08-08,2026-08-22,2026-05-22,2026-08-29,4.97,Case,5
2026-08-29,B000366,YHZ1,73,6,2026-07-22,2026-08-23,2026-05-06,2026-08-29,36.73,Case,3
2026-08-29,B000366,YVR2,324,10,2026-05-17,2026-07-01,2026-07-06,2026-08-29,36.73,Case,7
2026-08-29,B000366,YWG2,41,0,2026-05-18,2026-08-22,2026-07-24,2026-08-29,36.73,Each,6
2026-08-29,B000366,YYZ4,1018,3,2026-04-15,2026-06-09,2026-05-25,2026-08-29,36.73,Each,2
2026-08-29,B000367,YUL5,41,1,2026-07-23,2026-07-25,2026-03-03,2026-08-29,4.19,Case,6
2026-08-29,B000367,YYZ4,61,31,2026-08-12,2026-08-26,2026-02-07,2026-08-29,4.19,Pallet,1
2026-08-29,B000368,YUL5,36,3,2026-06-11,2026-07-03,2026-08-17,2026-08-29,45.85,Each,3
2026-08-29,B000369,YVR2,38,5,2026-06-27,2026-08-11,2026-06-18,2026-08-29,12.66,Pallet,3
2026-08-29,B000369,YYZ4,80,6,2026-06-25,2026-06-30,2026-06-03,2026-08-29,12.66,Case,3
2026-08-29,B000370,YHZ1,69,1,2026-05-28,2026-06-09,2026-07-21,2026-08-29,28.99,Pallet,7
2026-08-29,B000370,YWG2,46,2,2026-06-15,2026-07-20,2026-04-20,2026-08-29,28.99,Each,6
2026-08-29,B000370,YYZ4,395,16,2026-05-29,2026-06-10,2026-02-10,2026-08-29,28.99,Each,7
2026-08-29,B000371,YUL5,2,2,2026-08-02,2026-08-12,2026-02-23,2026-08-29,9.71,Pallet,7
2026-08-29,B000371,YYZ4,24,3,2026-08-06,2026-08-09,2026-07-07,2026-08-29,9.71,Pallet,3
2026-08-29,B000372,YHZ1,44,4,2026-05-14,2026-06-27,2026-04-05,2026-08-29,17.44,Each,3
2026-08-29,B000372,YUL5,26,0,2025-07-28,2026-01-24,2026-05-04,2026-02-07,17.44,Case,5
2026-08-29,B000372,YYC1,0,0,2025-04-01,2026-05-03,2026-02-14,2025-09-06,17.44,Case,1
2026-08-29,B000372,YYZ4,127,2,2026-06-26,2026-07-22,2026-02-25,2026-08-29,17.44,Pallet,2
2026-08-29,B000373,YEG3,45,1,2026-06-20,2026-08-08,2026-05-28,2026-08-29,146.03,Each,6
2026-08-29,B000373,YHZ1,84,4,2026-04-25,2026-07-09,2026-08-17,2026-08-29,146.03,Case,2
2026-08-29,B000373,YYC1,264,0,2025-08-02,2026-02-05,2026-04-21,2026-08-29,146.03,Each,8
2026-08-29,B000373,YYZ4,288,15,2026-05-24,2026-08-27,2026-08-22,2026-08-29,146.03,Case,3
2026-08-29,B000374,YYC1,10,2,2026-07-02,2026-08-13,2026-05-27,2026-08-29,10.68,Each,4
2026-08-29,B000374,YYZ4,19,2,2026-07-26,2026-07-31,2026-03-11,2026-08-29,10.68,Case,3
2026-08-29,B000375,YUL5,261,13,2026-07-11,2026-08-10,2026-05-30,2026-08-29,81.72,Pallet,2
2026-08-29,B000375,YVR2,75,19,2026-07-23,2026-07-31,2026-02-07,2026-08-29,81.72,Case,2
2026-08-29,B000375,YWG2,35,0,2026-07-13,2026-08-15,2026-05-26,2026-08-29,81.72,Case,2
2026-08-29,B000375,YYZ4,162,45,2026-08-24,2026-08-25,2026-07-11,2026-08-29,81.72,Case,1
2026-08-29,B000376,YEG3,251,12,2026-07-16,2026-07-22,2026-07-17,2026-08-29,94.61,Pallet,7
2026-08-29,B000376,YVR2,219,3,2026-05-27,2026-07-11,2026-08-10,2026-08-29,94.61,Each,2
2026-08-29,B000376,YYC1,827,4,2026-01-14,2026-08-11,2026-02-09,2026-08-29,94.61,Case,3
2026-08-29,B000376,YYZ4,657,20,2026-06-01,2026-07-15,2026-05-27,2026-08-29,94.61,Case,1
2026-08-29,B000377,YUL5,222,2,2025-05-26,2026-05-14,2026-04-17,2026-08-29,61.98,Case,7
2026-08-29,B000377,YWG2,10,1,2026-05-22,2026-07-13,2026-04-27,2026-08-29,61.98,Pallet,6
2026-08-29,B000377,YYZ4,42,0,2026-07-11,2026-07-12,2026-03-28,2026-08-29,61.98,Case,2
2026-08-29,B000378,YEG3,688,61,2026-07-25,2026-08-09,2026-07-14,2026-08-29,9.25,Each,3
2026-08-29,B000378,YHZ1,326,49,2026-08-07,2026-08-20,2026-06-12,2026-08-29,9.25,Pallet,5
2026-08-29,B000378,YUL5,2784,58,2026-06-06,2026-06-29,2026-02-19,2026-08-29,9.25,Case,6
2026-08-29,B000378,YVR2,8073,176,2026-01-07,2026-06-25,2026-04-06,2026-08-29,9.25,Case,2
2026-08-29,B000378,YWG2,743,73,2026-06-29,2026-08-05,2026-07-15,2026-08-29,9.25,Case,1
2026-08-29,B000378,YYC1,1779,207,2026-06-07,2026-08-27,2026-07-21,2026-08-29,9.25,Each,6
2026-08-29,B000378,YYZ4,3618,355,2026-07-07,2026-07-22,2026-04-10,2026-08-29,9.25,Pallet,2
2026-08-29,B000379,YUL5,143,5,2026-07-31,2026-08-05,2026-06-03,2026-08-29,6.69,Each,4
2026-08-29,B000379,YVR2,1563,2,2025-09-13,2026-02-20,2026-08-24,2026-08-29,6.69,Case,8
2026-08-29,B000379,YYC1,236,3,2026-05-26,2026-07-22,2026-04-12,2026-08-29,6.69,Case,4
2026-08-29,B000379,YYZ4,629,9,2026-05-16,2026-07-15,2026-03-15,2026-08-29,6.69,Each,4
2026-08-29,B000380,YEG3,0,0,2026-03-29,2026-06-29,2026-05-18,2025-11-08,31.53,Pallet,2
2026-08-29,B000380,YVR2,256,0,2025-01-31,2026-05-30,2026-02-09,2025-11-01,31.53,Pallet,7
2026-08-29,B000380,YYC1,0,0,2025-12-24,2026-01-24,2026-04-02,2025-11-08,31.53,Pallet,8
2026-08-29,B000380,YYZ4,134,0,2024-12-12,2026-02-15,2026-08-05,2025-11-01,31.53,Pallet,4
2026-08-29,B000381,YUL5,0,0,2025-04-22,2026-07-27,2026-06-06,2026-04-18,8.46,Pallet,6
2026-08-29,B000381,YVR2,190,0,2025-03-23,2025-07-05,2026-06-09,2026-04-18,8.46,Case,7
2026-08-29,B000381,YYC1,0,0,2026-03-24,2026-06-17,2026-03-24,2026-04-11,8.46,Each,7
2026-08-29,B000382,YEG3,169,21,2026-07-28,2026-08-07,2026-05-19,2026-08-29,9.75,Case,2
2026-08-29,B000382,YHZ1,352,3,2026-04-11,2026-07-13,2026-07-01,2026-08-29,9.75,Each,8
2026-08-29,B000382,YUL5,212,39,2026-08-08,2026-08-20,2026-07-18,2026-08-29,9.75,Each,4
2026-08-29,B000382,YVR2,126,13,2026-08-27,2026-08-28,2026-06-20,2026-08-29,9.75,Case,2
2026-08-29,B000382,YWG2,68,3,2026-08-08,2026-08-17,2026-02-19,2026-08-29,9.75,Case,3
2026-08-29,B000382,YYC1,120,18,2026-08-13,2026-08-20,2026-02-27,2026-08-29,9.75,Case,4
2026-08-29,B000382,YYZ4,500,54,2026-07-18,2026-08-13,2026-02-27,2026-08-29,9.75,Each,3
2026-08-29,B000383,YEG3,246,0,2026-02-01,2026-03-21,2026-04-08,2025-12-27,12.08,Each,5
2026-08-29,B000383,YHZ1,14,0,2026-01-16,2026-04-15,2026-03-13,2025-12-27,12.08,Case,3
2026-08-29,B000383,YUL5,259,0,2026-03-29,2026-08-18,2026-07-03,2025-12-20,12.08,Case,8
2026-08-29,B000383,YVR2,61,0,2025-03-19,2025-06-28,2026-05-29,2025-12-27,12.08,Each,7
2026-08-29,B000383,YWG2,210,0,2024-12-27,2025-09-07,2026-04-06,2025-12-27,12.08,Each,5
2026-08-29,B000383,YYC1,192,0,2025-05-15,2026-05-29,2026-02-09,2025-12-20,12.08,Case,8
2026-08-29,B000383,YYZ4,54,0,2025-06-02,2025-07-25,2026-04-08,2025-11-08,12.08,Case,2
2026-08-29,B000384,YUL5,45,0,2025-12-21,2026-07-07,2026-07-03,2026-01-17,152.21,Case,6
2026-08-29,B000384,YVR2,0,0,2025-05-12,2025-08-28,2026-03-21,2026-01-03,152.21,Pallet,7
2026-08-29,B000384,YYZ4,162,0,2024-11-05,2025-12-20,2026-02-07,2026-01-03,152.21,Pallet,7
2026-08-29,B000385,YHZ1,3,0,2026-03-06,2026-05-14,2026-02-21,2025-11-22,19.7,Pallet,3
2026-08-29,B000385,YUL5,114,3,2026-05-19,2026-08-01,2026-06-08,2026-08-29,19.7,Case,8
2026-08-29,B000385,YYZ4,131,5,2026-07-04,2026-07-10,2026-05-09,2026-08-29,19.7,Each,8
2026-08-29,B000386,YHZ1,2,0,2026-07-30,2026-08-25,2026-07-16,2026-08-29,3.34,Case,5
2026-08-29,B000386,YYZ4,10,2,2026-08-26,2026-08-27,2026-07-20,2026-08-29,3.34,Each,5
2026-08-29,B000387,YEG3,57,7,2026-07-31,2026-08-28,2026-04-17,2026-08-29,40.99,Pallet,1
2026-08-29,B000387,YVR2,128,10,2026-06-24,2026-08-16,2026-03-25,2026-08-29,40.99,Each,1
2026-08-29,B000387,YWG2,45,5,2026-07-10,2026-08-14,2026-06-15,2026-08-29,40.99,Each,4
2026-08-29,B000387,YYZ4,251,34,2026-07-18,2026-07-27,2026-08-26,2026-08-29,40.99,Pallet,8
2026-08-29,B000388,YEG3,104,3,2026-02-13,2026-02-19,2026-04-27,2026-08-29,19.55,Pallet,6
2026-08-29,B000388,YUL5,37,4,2026-08-16,2026-08-21,2026-07-19,2026-08-29,19.55,Pallet,4
2026-08-29,B000388,YWG2,102,1,2026-04-26,2026-05-01,2026-07-08,2026-08-29,19.55,Each,8
2026-08-29,B000388,YYZ4,58,5,2026-07-21,2026-07-24,2026-05-18,2026-08-29,19.55,Each,1
2026-08-29,B000389,YUL5,78,3,2026-06-17,2026-08-17,2026-07-18,2026-08-29,28.39,Pallet,8
2026-08-29,B000389,YYC1,26,1,2026-06-05,2026-08-02,2026-08-18,2026-08-29,28.39,Case,1
2026-08-29,B000389,YYZ4,90,9,2026-05-25,2026-06-17,2026-07-18,2026-08-29,28.39,Pallet,3
2026-08-29,B000390,YHZ1,14,0,2026-08-05,2026-08-12,2026-08-07,2026-08-29,10.78,Each,7
2026-08-29,B000390,YUL5,68,5,2026-07-18,2026-07-27,2026-03-06,2026-08-29,10.78,Each,6
2026-08-29,B000390,YYC1,3,0,2026-08-05,2026-08-12,2026-03-05,2026-08-29,10.78,Case,7
2026-08-29,B000390,YYZ4,98,2,2026-08-01,2026-08-22,2026-05-11,2026-08-29,10.78,Case,3
2026-08-29,B000391,YUL5,25,2,2026-07-05,2026-08-21,2026-06-13,2026-06-27,28.53,Pallet,8
2026-08-29,B000391,YVR2,44,1,2026-04-11,2026-04-30,2026-03-17,2026-06-20,28.53,Each,3
2026-08-29,B000391,YYC1,38,0,2026-04-17,2026-08-25,2026-03-05,2026-06-27,28.53,Pallet,1
2026-08-29,B000391,YYZ4,51,1,2026-05-01,2026-08-22,2026-07-07,2026-06-27,28.53,Each,5
2026-08-29,B000392,YEG3,478,25,2026-04-06,2026-04-23,2026-03-18,2026-08-29,42.02,Case,1
2026-08-29,B000392,YHZ1,104,9,2026-07-24,2026-08-22,2026-08-06,2026-08-29,42.02,Each,5
2026-08-29,B000392,YUL5,1455,64,2026-04-04,2026-08-20,2026-06-10,2026-08-29,42.02,Each,2
2026-08-29,B000392,YVR2,1897,24,2025-09-06,2026-06-21,2026-05-05,2026-08-29,42.02,Each,8
2026-08-29,B000392,YWG2,265,13,2026-05-10,2026-07-12,2026-05-24,2026-08-29,42.02,Pallet,4
2026-08-29,B000392,YYC1,1786,27,2025-04-30,2025-06-26,2026-08-11,2026-08-29,42.02,Case,6
2026-08-29,B000392,YYZ4,742,46,2026-07-28,2026-08-28,2026-05-14,2026-08-29,42.02,Case,5
2026-08-29,B000393,YEG3,17,0,2026-06-28,2026-07-17,2026-04-06,2026-08-29,36.15,Pallet,1
2026-08-29,B000393,YHZ1,16,2,2026-07-23,2026-07-29,2026-03-02,2026-08-29,36.15,Pallet,3
2026-08-29,B000393,YUL5,59,4,2026-07-01,2026-08-19,2026-06-20,2026-08-29,36.15,Pallet,4
2026-08-29,B000393,YVR2,41,0,2026-07-19,2026-08-17,2026-07-16,2026-08-29,36.15,Pallet,1
2026-08-29,B000393,YWG2,10,2,2026-08-19,2026-08-25,2026-06-20,2026-08-29,36.15,Each,4
2026-08-29,B000393,YYC1,48,5,2026-06-16,2026-07-26,2026-05-29,2026-08-29,36.15,Case,8
2026-08-29,B000393,YYZ4,65,15,2026-08-16,2026-08-18,2026-04-01,2026-08-29,36.15,Case,8
2026-08-29,B000394,YEG3,8,0,2026-02-11,2026-08-05,2026-07-21,2025-12-06,19.24,Case,6
2026-08-29,B000394,YHZ1,238,3,2026-05-25,2026-06-05,2026-06-16,2026-08-29,19.24,Case,8
2026-08-29,B000394,YUL5,447,16,2026-05-09,2026-07-24,2026-06-20,2026-08-29,19.24,Case,6
2026-08-29,B000394,YVR2,246,18,2026-05-28,2026-06-03,2026-05-05,2026-08-29,19.24,Pallet,6
2026-08-29,B000394,YWG2,116,7,2026-05-31,2026-06-04,2026-08-14,2026-08-29,19.24,Case,4
2026-08-29,B000394,YYC1,1426,3,2025-06-09,2026-08-05,2026-02-19,2026-08-29,19.24,Each,7
2026-08-29,B000394,YYZ4,396,5,2026-07-22,2026-07-28,2026-06-07,2026-08-29,19.24,Case,3
2026-08-29,B000395,YHZ1,12,0,2026-07-12,2026-08-12,2026-04-03,2026-08-22,9.53,Case,5
2026-08-29,B000395,YYZ4,31,0,2026-06-17,2026-07-12,2026-02-04,2026-08-29,9.53,Each,6
2026-08-29,B000396,YUL5,78,2,2026-05-29,2026-08-02,2026-02-14,2026-08-29,39.28,Case,7
2026-08-29,B000396,YYZ4,230,11,2026-04-09,2026-07-13,2026-08-05,2026-08-29,39.28,Pallet,6
2026-08-29,B000397,YEG3,120,0,2025-06-20,2026-06-23,2026-04-25,2026-08-29,29.7,Each,5
2026-08-29,B000397,YUL5,70,8,2026-06-14,2026-07-19,2026-06-01,2026-08-29,29.7,Pallet,2
2026-08-29,B000397,YYZ4,56,0,2025-10-25,2026-04-26,2026-03-03,2025-12-13,29.7,Case,3
2026-08-29,B000398,YEG3,16,1,2026-05-31,2026-06-21,2026-06-06,2026-08-29,25.87,Pallet,6
2026-08-29,B000398,YVR2,69,5,2026-05-11,2026-07-23,2026-04-11,2026-08-29,25.87,Pallet,4
2026-08-29,B000398,YYZ4,70,2,2026-07-22,2026-07-30,2026-04-11,2026-08-29,25.87,Case,1
2026-08-29,B000399,YVR2,8,2,2026-08-03,2026-08-07,2026-08-08,2026-08-29,19.26,Pallet,4
2026-08-29,B000399,YYC1,13,3,2026-07-12,2026-08-15,2026-02-18,2026-08-29,19.26,Case,1
2026-08-29,B000399,YYZ4,20,5,2026-07-10,2026-07-31,2026-05-31,2026-08-29,19.26,Each,1
2026-08-29,B000400,YYC1,25,1,2026-05-24,2026-07-23,2026-03-13,2026-08-29,7.68,Pallet,8
2026-08-29,B000400,YYZ4,13,5,2026-08-27,2026-08-28,2026-03-21,2026-08-29,7.68,Case,3
2026-08-29,B000401,YHZ1,211,0,2025-12-11,2026-08-23,2026-04-02,2026-03-07,26.64,Each,2
2026-08-29,B000401,YUL5,114,0,2026-01-21,2026-04-26,2026-02-24,2026-03-14,26.64,Case,8
2026-08-29,B000401,YYC1,129,0,2025-07-31,2026-03-28,2026-02-12,2026-02-28,26.64,Case,6
2026-08-29,B000401,YYZ4,133,0,2024-12-13,2025-09-15,2026-05-01,2026-03-07,26.64,Each,1
2026-08-29,B000402,YUL5,253,0,2025-06-01,2026-01-13,2026-08-21,2026-04-11,12.23,Case,8
2026-08-29,B000402,YYC1,229,0,2025-04-01,2025-10-30,2026-05-31,2026-04-18,12.23,Case,7
2026-08-29,B000402,YYZ4,138,0,2025-09-25,2026-06-11,2026-05-18,2026-04-11,12.23,Each,4
2026-08-29,B000403,YHZ1,8,0,2025-08-19,2026-04-09,2026-03-09,2026-03-07,32.5,Case,6
2026-08-29,B000403,YUL5,399,2,2026-03-05,2026-03-19,2026-08-12,2026-08-29,32.5,Case,4
2026-08-29,B000403,YWG2,268,5,2025-06-14,2026-07-17,2026-08-07,2026-08-29,32.5,Each,8
2026-08-29,B000403,YYZ4,51,3,2026-08-27,2026-08-28,2026-08-16,2026-08-29,32.5,Pallet,5
2026-08-29,B000404,YEG3,300,23,2026-05-20,2026-08-26,2026-02-14,2026-08-29,6.26,Pallet,8
2026-08-29,B000404,YHZ1,36,20,2026-08-27,2026-08-28,2026-07-10,2026-08-29,6.26,Case,6
2026-08-29,B000404,YUL5,49,49,2026-08-27,2026-08-28,2026-03-02,2026-08-29,6.26,Each,5
2026-08-29,B000404,YVR2,147,8,2026-08-27,2026-08-28,2026-05-06,2026-08-29,6.26,Case,8
2026-08-29,B000404,YWG2,13,3,2026-08-15,2026-08-28,2026-05-24,2026-08-29,6.26,Case,4
2026-08-29,B000404,YYC1,92,20,2026-07-06,2026-08-22,2026-02-04,2026-08-29,6.26,Each,2
2026-08-29,B000404,YYZ4,496,95,2026-07-10,2026-07-18,2026-08-24,2026-08-29,6.26,Each,3
2026-08-29,B000405,YHZ1,741,3,2024-09-08,2025-02-21,2026-08-03,2026-08-29,81.28,Case,4
2026-08-29,B000405,YVR2,143,6,2026-06-07,2026-08-07,2026-04-08,2026-08-29,81.28,Case,1
2026-08-29,B000405,YYZ4,245,0,2026-06-13,2026-06-25,2026-03-12,2026-08-29,81.28,Case,5
2026-08-29,B000406,YHZ1,22,3,2026-07-18,2026-08-02,2026-03-15,2026-08-29,12.22,Pallet,5
2026-08-29,B000406,YYC1,35,2,2026-07-25,2026-08-14,2026-04-13,2026-08-29,12.22,Each,1
2026-08-29,B000406,YYZ4,146,6,2026-06-25,2026-07-18,2026-07-23,2026-08-29,12.22,Case,6
2026-08-29,B000407,YHZ1,56,1,2026-06-01,2026-07-28,2026-04-12,2026-08-29,13.84,Pallet,1
2026-08-29,B000407,YUL5,148,7,2026-05-15,2026-07-15,2026-06-20,2026-08-29,13.84,Case,1
2026-08-29,B000407,YVR2,85,0,2026-06-17,2026-08-28,2026-08-10,2026-08-29,13.84,Pallet,8
2026-08-29,B000407,YYZ4,111,15,2026-07-05,2026-07-16,2026-05-01,2026-08-29,13.84,Case,1
2026-08-29,B000408,YVR2,139,3,2026-03-13,2026-04-21,2026-04-06,2026-08-29,43.76,Each,4
2026-08-29,B000408,YYC1,16,4,2026-07-30,2026-08-20,2026-05-07,2026-08-29,43.76,Case,8
2026-08-29,B000408,YYZ4,226,9,2026-03-29,2026-07-31,2026-03-20,2026-08-29,43.76,Pallet,4
2026-08-29,B000409,YHZ1,31,0,2025-11-16,2026-07-18,2026-06-17,2026-04-11,15.72,Case,1
2026-08-29,B000409,YUL5,38,0,2025-02-26,2026-04-22,2026-06-23,2026-04-11,15.72,Case,3
2026-08-29,B000409,YYZ4,0,0,2026-03-09,2026-08-22,2026-03-01,2026-04-18,15.72,Each,8
2026-08-29,B000410,YHZ1,9,0,2026-08-23,2026-08-28,2026-07-20,2026-08-29,31.02,Case,1
2026-08-29,B000410,YYZ4,45,9,2026-08-07,2026-08-16,2026-02-15,2026-08-29,31.02,Case,8
2026-08-29,B000411,YUL5,240,0,2024-10-16,2024-11-20,2026-03-06,2026-03-28,16.13,Case,6
2026-08-29,B000411,YYZ4,140,0,2025-03-17,2026-03-04,2026-07-20,2026-04-04,16.13,Each,3
2026-08-29,B000412,YEG3,60,6,2026-07-03,2026-07-11,2026-07-12,2026-08-29,5.35,Case,7
2026-08-29,B000412,YHZ1,66,21,2026-07-13,2026-07-31,2026-05-31,2026-08-29,5.35,Case,5
2026-08-29,B000412,YUL5,4,0,2024-11-20,2025-12-25,2026-04-11,2026-03-21,5.35,Case,2
2026-08-29,B000412,YVR2,116,15,2026-08-03,2026-08-09,2026-05-19,2026-08-29,5.35,Each,7
2026-08-29,B000412,YWG2,84,17,2026-08-06,2026-08-15,2026-08-07,2026-08-29,5.35,Pallet,1
2026-08-29,B000412,YYC1,29,19,2026-08-07,2026-08-11,2026-06-17,2026-08-29,5.35,Each,6
2026-08-29,B000412,YYZ4,281,43,2026-08-25,2026-08-27,2026-02-14,2026-08-29,5.35,Each,5
2026-08-29,B000413,YVR2,18,4,2026-08-27,2026-08-28,2026-06-05,2026-08-29,27.73,Pallet,7
2026-08-29,B000413,YWG2,1,1,2026-08-08,2026-08-12,2026-04-09,2026-08-29,27.73,Pallet,6
2026-08-29,B000413,YYZ4,69,14,2026-06-21,2026-08-03,2026-07-21,2026-08-29,27.73,Case,5
2026-08-29,B000414,YEG3,139,12,2026-06-08,2026-07-04,2026-04-16,2026-08-29,32.56,Case,2
2026-08-29,B000414,YHZ1,142,0,2025-09-30,2025-11-08,2026-03-23,2026-01-17,32.56,Case,7
2026-08-29,B000414,YUL5,85,18,2026-08-04,2026-08-13,2026-07-16,2026-08-29,32.56,Case,8
2026-08-29,B000414,YVR2,354,10,2026-06-03,2026-08-15,2026-02-13,2026-08-29,32.56,Pallet,5
2026-08-29,B000414,YWG2,249,4,2026-02-22,2026-05-13,2026-03-18,2026-08-29,32.56,Case,5
2026-08-29,B000414,YYC1,103,7,2026-07-08,2026-08-10,2026-03-29,2026-08-29,32.56,Case,5
2026-08-29,B000414,YYZ4,75,7,2026-08-27,2026-08-28,2026-03-20,2026-08-29,32.56,Case,2
2026-08-29,B000415,YWG2,39,1,2026-01-02,2026-07-26,2026-03-29,2026-08-29,8.41,Pallet,5
2026-08-29,B000415,YYZ4,20,3,2026-07-31,2026-08-28,2026-06-21,2026-08-29,8.41,Case,3
2026-08-29,B000416,YVR2,70,0,2026-07-15,2026-07-24,2026-06-01,2026-08-29,26.43,Case,3
2026-08-29,B000416,YWG2,44,6,2026-08-08,2026-08-25,2026-07-28,2026-08-29,26.43,Case,3
2026-08-29,B000416,YYC1,128,5,2026-07-25,2026-08-03,2026-06-10,2026-08-29,26.43,Each,3
2026-08-29,B000416,YYZ4,418,60,2026-08-05,2026-08-24,2026-07-29,2026-08-29,26.43,Case,7
2026-08-29,B000417,YYC1,4,1,2026-07-05,2026-07-14,2026-02-18,2026-08-15,17.43,Case,7
2026-08-29,B000418,YUL5,52,5,2026-08-24,2026-08-27,2026-08-21,2026-08-29,20.14,Each,5
2026-08-29,B000418,YVR2,133,0,2026-02-20,2026-03-23,2026-07-19,2026-01-31,20.14,Pallet,5
2026-08-29,B000418,YYC1,11,0,2026-07-21,2026-08-27,2026-04-15,2026-08-29,20.14,Case,5
2026-08-29,B000418,YYZ4,40,9,2026-07-25,2026-08-16,2026-07-23,2026-08-29,20.14,Case,4
2026-08-29,B000419,YUL5,62,4,2026-07-30,2026-08-11,2026-02-18,2026-08-29,34.2,Pallet,7
2026-08-29,B000419,YVR2,0,0,2025-11-19,2026-02-02,2026-04-28,2026-04-11,34.2,Each,1
2026-08-29,B000419,YYZ4,138,14,2026-07-07,2026-07-15,2026-05-03,2026-08-29,34.2,Pallet,4
