CountDate,SKU,NodeID,SystemQty,CountedQty,CountType,ReasonCode,UnitCost,CounterID
2026-02-28,B000069,YVR2,74,74,Cycle,,11.1,OPS-198
2026-02-28,B000099,YYZ4,318,318,Cycle,,120.32,OPS-317
2026-02-28,B000169,YEG3,38,36,Exception,System timing,31.28,OPS-336
2026-02-28,B000215,YVR2,61,61,Exception,,17.08,OPS-421
2026-02-28,B000257,YYC1,496,496,Cycle,,12.7,OPS-372
2026-02-28,B000259,YWG2,262,262,Cycle,,17.17,OPS-437
2026-02-28,B000315,YUL5,144,144,Exception,,68.19,OPS-229
2026-02-28,B000319,YYZ4,57,57,Cycle,,45.53,OPS-156
2026-02-28,B000347,YYC1,49,49,Cycle,,8.39,OPS-408
2026-02-28,B000350,YYZ4,228,228,Cycle,,48.35,OPS-116
2026-02-28,B000383,YYZ4,32,32,Cycle,,12.08,OPS-143
2026-03-01,B000048,YYZ4,165,165,Cycle,,31.84,OPS-434
2026-03-01,B000090,YYC1,536,536,Cycle,,30.31,OPS-140
2026-03-01,B000097,YYZ4,27,27,Cycle,,48.69,OPS-259
2026-03-01,B000108,YWG2,42,42,Cycle,,27.52,OPS-320
2026-03-01,B000139,YYZ4,14,14,Exception,,53.47,OPS-452
2026-03-01,B000165,YUL5,292,292,Cycle,,35.18,OPS-334
2026-03-01,B000197,YYZ4,54,54,Cycle,,7.26,OPS-361
2026-03-01,B000215,YVR2,57,57,Cycle,,17.08,OPS-156
2026-03-01,B000264,YEG3,177,177,Cycle,,32.04,OPS-225
2026-03-01,B000280,YEG3,106,106,Cycle,,18.32,OPS-153
2026-03-01,B000283,YYC1,215,215,Exception,,5.71,OPS-244
2026-03-01,B000295,YVR2,12,12,Cycle,,18.76,OPS-297
2026-03-01,B000324,YWG2,18,18,Cycle,,50.1,OPS-170
2026-03-01,B000351,YYZ4,292,292,Cycle,,7.71,OPS-128
2026-03-01,B000401,YUL5,71,71,Cycle,,26.64,OPS-269
2026-03-02,B000008,YYZ4,690,690,Cycle,,3.7,OPS-128
2026-03-02,B000066,YYZ4,144,144,Exception,,24.86,OPS-240
2026-03-02,B000082,YYC1,624,624,Cycle,,43.59,OPS-444
2026-03-02,B000115,YYZ4,474,522,Cycle,Unrecorded return,32.44,OPS-327
2026-03-02,B000164,YEG3,22,22,Cycle,,52.28,OPS-362
2026-03-02,B000206,YWG2,23,23,Cycle,,15.92,OPS-117
2026-03-02,B000227,YYC1,49,49,Cycle,,55.69,OPS-416
2026-03-02,B000233,YYZ4,76,76,Cycle,,30.93,OPS-110
2026-03-02,B000249,YYC1,4,2,Cycle,Damage not recorded,24.19,OPS-400
2026-03-02,B000271,YWG2,348,348,Cycle,,23.34,OPS-389
2026-03-02,B000344,YEG3,43,43,Cycle,,25.74,OPS-264
2026-03-02,B000376,YEG3,375,375,Cycle,,94.61,OPS-237
2026-03-02,B000386,YYZ4,9,9,Cycle,,3.34,OPS-350
2026-03-03,B000031,YYZ4,592,592,Cycle,,50.63,OPS-182
2026-03-03,B000058,YWG2,45,45,Cycle,,12.88,OPS-259
2026-03-03,B000081,YYZ4,26,26,Exception,,17.12,OPS-291
2026-03-03,B000095,YYZ4,226,222,Full,Mis-pick,4.5,OPS-231
2026-03-03,B000114,YYC1,107,107,Cycle,,74.15,OPS-327
2026-03-03,B000159,YYC1,150,150,Cycle,,5.08,OPS-331
2026-03-03,B000181,YVR2,195,195,Cycle,,54.45,OPS-296
2026-03-03,B000193,YYC1,65,65,Cycle,,39.69,OPS-198
2026-03-03,B000214,YUL5,9,9,Full,,9.98,OPS-455
2026-03-03,B000241,YVR2,2023,2023,Cycle,,43.91,OPS-453
2026-03-03,B000241,YYZ4,2701,2701,Cycle,,43.91,OPS-434
2026-03-03,B000271,YUL5,72,72,Cycle,,23.34,OPS-456
2026-03-03,B000289,YEG3,190,190,Cycle,,33.98,OPS-430
2026-03-03,B000324,YYC1,15,15,Exception,,50.1,OPS-282
2026-03-03,B000339,YYC1,90,90,Cycle,,17.86,OPS-143
2026-03-03,B000350,YYC1,87,87,Cycle,,48.35,OPS-110
2026-03-03,B000364,YEG3,60,60,Cycle,,60.7,OPS-188
2026-03-03,B000376,YEG3,224,224,Cycle,,94.61,OPS-297
2026-03-04,B000048,YUL5,231,231,Exception,,31.84,OPS-390
2026-03-04,B000084,YVR2,625,625,Cycle,,10.08,OPS-403
2026-03-04,B000116,YYZ4,553,553,Cycle,,59.9,OPS-427
2026-03-04,B000161,YUL5,203,203,Exception,,20.9,OPS-113
2026-03-04,B000172,YYZ4,17,17,Cycle,,5.51,OPS-395
2026-03-04,B000289,YYZ4,1043,1043,Cycle,,33.98,OPS-239
2026-03-04,B000382,YWG2,43,43,Cycle,,9.75,OPS-395
2026-03-04,B000405,YHZ1,673,673,Cycle,,81.28,OPS-174
2026-03-05,B000006,YYZ4,115,115,Cycle,,10.47,OPS-452
2026-03-05,B000029,YEG3,33,33,Full,,12.43,OPS-218
2026-03-05,B000044,YYC1,158,158,Cycle,,49.42,OPS-356
2026-03-05,B000089,YUL5,351,351,Cycle,,29.26,OPS-313
2026-03-05,B000145,YYZ4,317,317,Cycle,,13.18,OPS-316
2026-03-05,B000271,YYZ4,1185,1185,Cycle,,23.34,OPS-407
2026-03-05,B000289,YVR2,267,267,Cycle,,33.98,OPS-113
2026-03-05,B000306,YEG3,112,112,Cycle,,64.71,OPS-251
2026-03-05,B000308,YYZ4,41,41,Cycle,,10.93,OPS-104
2026-03-05,B000321,YWG2,5,5,Exception,,8.49,OPS-281
2026-03-05,B000377,YUL5,180,180,Exception,,61.98,OPS-264
2026-03-06,B000038,YYZ4,19,19,Cycle,,29.94,OPS-131
2026-03-06,B000051,YUL5,24,24,Cycle,,17.69,OPS-396
2026-03-06,B000125,YYZ4,166,166,Cycle,,8.87,OPS-121
2026-03-06,B000147,YUL5,75,75,Cycle,,34.39,OPS-405
2026-03-06,B000203,YUL5,19,19,Cycle,,5.75,OPS-358
2026-03-06,B000224,YYZ4,172,172,Cycle,,5.13,OPS-175
2026-03-06,B000257,YUL5,701,701,Cycle,,12.7,OPS-328
2026-03-06,B000257,YUL5,810,810,Cycle,,12.7,OPS-188
2026-03-06,B000280,YUL5,953,953,Cycle,,18.32,OPS-339
2026-03-06,B000307,YUL5,5,5,Cycle,,10.55,OPS-423
2026-03-06,B000351,YUL5,103,103,Cycle,,7.71,OPS-187
2026-03-06,B000353,YYZ4,108,108,Cycle,,13.18,OPS-437
2026-03-06,B000382,YUL5,229,229,Cycle,,9.75,OPS-430
2026-03-06,B000394,YHZ1,173,173,Exception,,19.24,OPS-133
2026-03-06,B000407,YYZ4,126,126,Cycle,,13.84,OPS-418
2026-03-07,B000087,YYZ4,102,102,Cycle,,35.54,OPS-340
2026-03-07,B000109,YYC1,21,21,Cycle,,27.2,OPS-323
2026-03-07,B000110,YYZ4,106,106,Exception,,27.06,OPS-265
2026-03-07,B000160,YVR2,203,180,Cycle,Mis-pick,152.23,OPS-150
2026-03-07,B000164,YEG3,50,50,Cycle,,52.28,OPS-375
2026-03-07,B000241,YWG2,144,144,Cycle,,43.91,OPS-135
2026-03-07,B000264,YVR2,101,101,Cycle,,32.04,OPS-119
2026-03-07,B000387,YWG2,54,54,Cycle,,40.99,OPS-365
2026-03-07,B000399,YYZ4,18,18,Cycle,,19.26,OPS-122
2026-03-08,B000052,YUL5,58,58,Cycle,,3.12,OPS-308
2026-03-08,B000090,YWG2,108,108,Cycle,,30.31,OPS-201
2026-03-08,B000094,YYC1,434,434,Cycle,,14.88,OPS-133
2026-03-08,B000124,YYZ4,524,524,Cycle,,19.28,OPS-150
2026-03-08,B000165,YWG2,687,687,Cycle,,35.18,OPS-413
2026-03-08,B000171,YYZ4,324,324,Cycle,,99.79,OPS-286
2026-03-08,B000180,YUL5,183,183,Cycle,,87.04,OPS-339
2026-03-08,B000198,YYZ4,24,24,Cycle,,27.58,OPS-376
2026-03-08,B000215,YYZ4,341,341,Cycle,,17.08,OPS-245
2026-03-08,B000248,YYZ4,108,108,Cycle,,20.2,OPS-163
2026-03-08,B000259,YVR2,75,75,Cycle,,17.17,OPS-240
2026-03-08,B000388,YEG3,76,76,Cycle,,19.55,OPS-199
2026-03-09,B000068,YHZ1,45,45,Cycle,,53.46,OPS-263
2026-03-09,B000164,YHZ1,176,176,Cycle,,52.28,OPS-305
2026-03-09,B000165,YUL5,288,288,Cycle,,35.18,OPS-228
2026-03-09,B000271,YUL5,50,50,Cycle,,23.34,OPS-394
2026-03-09,B000286,YYZ4,121,121,Cycle,,43.29,OPS-304
2026-03-09,B000344,YEG3,53,53,Cycle,,25.74,OPS-370
2026-03-09,B000366,YHZ1,59,59,Cycle,,36.73,OPS-173
2026-03-09,B000392,YVR2,1496,1496,Cycle,,42.02,OPS-281
2026-03-10,B000011,YEG3,5,5,Cycle,,29.3,OPS-261
2026-03-10,B000011,YYZ4,11,11,Cycle,,29.3,OPS-370
2026-03-10,B000029,YEG3,20,20,Cycle,,12.43,OPS-355
2026-03-10,B000036,YYC1,4,3,Cycle,Damage not recorded,29.55,OPS-233
2026-03-10,B000041,YHZ1,184,184,Cycle,,14.4,OPS-459
2026-03-10,B000069,YVR2,103,103,Cycle,,11.1,OPS-112
2026-03-10,B000089,YEG3,17,17,Cycle,,29.26,OPS-100
2026-03-10,B000094,YYC1,683,683,Cycle,,14.88,OPS-262
2026-03-10,B000099,YHZ1,221,221,Cycle,,120.32,OPS-118
2026-03-10,B000102,YUL5,57,57,Exception,,4.23,OPS-158
2026-03-10,B000103,YYC1,83,83,Cycle,,12.96,OPS-195
2026-03-10,B000242,YYZ4,289,289,Cycle,,7.44,OPS-155
2026-03-10,B000301,YHZ1,100,100,Cycle,,37.32,OPS-345
2026-03-10,B000383,YYZ4,59,59,Cycle,,12.08,OPS-288
2026-03-10,B000397,YYZ4,55,55,Cycle,,29.7,OPS-332
2026-03-10,B000398,YEG3,20,20,Cycle,,25.87,OPS-217
2026-03-10,B000407,YVR2,98,98,Exception,,13.84,OPS-449
2026-03-10,B000414,YHZ1,127,146,Cycle,Mis-pick,32.56,OPS-117
2026-03-11,B000015,YEG3,16,16,Cycle,,3.74,OPS-458
2026-03-11,B000041,YWG2,234,225,Cycle,Unrecorded return,14.4,OPS-183
2026-03-11,B000052,YYZ4,223,223,Cycle,,3.12,OPS-284
2026-03-11,B000084,YUL5,1,1,Cycle,,10.08,OPS-448
2026-03-11,B000107,YYC1,399,399,Cycle,,6.42,OPS-116
2026-03-11,B000130,YYZ4,38,38,Cycle,,4.08,OPS-119
2026-03-11,B000148,YYC1,158,158,Cycle,,21.53,OPS-122
2026-03-11,B000152,YYZ4,156,156,Cycle,,28.18,OPS-175
2026-03-11,B000156,YVR2,442,442,Full,,14.32,OPS-284
2026-03-11,B000158,YVR2,36,36,Cycle,,23.4,OPS-246
2026-03-11,B000165,YVR2,290,290,Cycle,,35.18,OPS-279
2026-03-11,B000169,YVR2,31,31,Exception,,31.28,OPS-296
2026-03-11,B000181,YYC1,320,320,Cycle,,54.45,OPS-365
2026-03-11,B000186,YYZ4,13,13,Cycle,,7.27,OPS-189
2026-03-11,B000214,YYZ4,10,10,Cycle,,9.98,OPS-282
2026-03-11,B000242,YYZ4,293,293,Cycle,,7.44,OPS-312
2026-03-11,B000250,YYZ4,90,90,Full,,3.15,OPS-238
2026-03-11,B000298,YYZ4,593,593,Cycle,,39.04,OPS-352
2026-03-11,B000323,YVR2,13,13,Cycle,,11.42,OPS-399
2026-03-11,B000326,YUL5,4,4,Cycle,,9.48,OPS-132
2026-03-11,B000356,YVR2,60,60,Exception,,30.35,OPS-191
2026-03-11,B000360,YYZ4,150,150,Cycle,,13.52,OPS-170
2026-03-11,B000369,YVR2,54,54,Cycle,,12.66,OPS-378
2026-03-11,B000373,YYC1,377,377,Cycle,,146.03,OPS-104
2026-03-11,B000392,YYZ4,680,680,Cycle,,42.02,OPS-440
2026-03-12,B000015,YEG3,24,24,Cycle,,3.74,OPS-210
2026-03-12,B000082,YYC1,536,536,Cycle,,43.59,OPS-176
2026-03-12,B000118,YEG3,157,157,Cycle,,14.9,OPS-252
2026-03-12,B000128,YHZ1,1847,1847,Cycle,,12.39,OPS-347
2026-03-12,B000161,YYZ4,362,362,Full,,20.9,OPS-453
2026-03-12,B000164,YYZ4,253,253,Cycle,,52.28,OPS-409
2026-03-12,B000213,YUL5,1,1,Cycle,,46.02,OPS-171
2026-03-12,B000216,YVR2,78,77,Cycle,Mis-pick,49.89,OPS-437
2026-03-12,B000224,YYZ4,297,297,Cycle,,5.13,OPS-110
2026-03-12,B000232,YYZ4,81,81,Cycle,,7.58,OPS-455
2026-03-12,B000234,YYZ4,21,21,Cycle,,68.84,OPS-416
2026-03-12,B000259,YWG2,183,183,Exception,,17.17,OPS-173
2026-03-12,B000259,YYC1,108,108,Cycle,,17.17,OPS-191
2026-03-12,B000277,YEG3,24,24,Cycle,,37.83,OPS-302
2026-03-12,B000318,YYC1,35,35,Cycle,,27.75,OPS-282
2026-03-12,B000320,YVR2,13,13,Exception,,15.12,OPS-180
2026-03-12,B000321,YWG2,7,7,Cycle,,8.49,OPS-222
2026-03-12,B000346,YVR2,310,310,Cycle,,26.44,OPS-458
2026-03-12,B000405,YVR2,157,157,Exception,,81.28,OPS-284
2026-03-12,B000408,YYC1,19,19,Cycle,,43.76,OPS-393
2026-03-13,B000013,YYZ4,1357,1357,Cycle,,7.12,OPS-394
2026-03-13,B000123,YYZ4,34,34,Cycle,,11.77,OPS-103
2026-03-13,B000153,YUL5,170,170,Cycle,,9.61,OPS-292
2026-03-13,B000178,YEG3,98,98,Cycle,,27.42,OPS-375
2026-03-13,B000181,YYC1,321,321,Cycle,,54.45,OPS-261
2026-03-13,B000242,YYZ4,258,258,Cycle,,7.44,OPS-300
2026-03-13,B000292,YYZ4,116,116,Cycle,,32.23,OPS-242
2026-03-13,B000293,YUL5,50,50,Exception,,14.75,OPS-372
2026-03-13,B000325,YYC1,26,26,Cycle,,11.69,OPS-332
2026-03-13,B000392,YEG3,688,688,Cycle,,42.02,OPS-110
2026-03-13,B000398,YVR2,91,91,Cycle,,25.87,OPS-136
2026-03-14,B000058,YUL5,71,71,Cycle,,12.88,OPS-194
2026-03-14,B000066,YVR2,63,63,Cycle,,24.86,OPS-362
2026-03-14,B000067,YWG2,126,126,Cycle,,26.62,OPS-436
2026-03-14,B000073,YHZ1,30,30,Cycle,,4.65,OPS-157
2026-03-14,B000075,YUL5,45,45,Cycle,,56.39,OPS-432
2026-03-14,B000118,YHZ1,176,176,Exception,,14.9,OPS-448
2026-03-14,B000141,YWG2,64,64,Cycle,,44.89,OPS-345
2026-03-14,B000168,YYC1,38,38,Cycle,,8.87,OPS-381
2026-03-14,B000174,YWG2,139,139,Cycle,,29.82,OPS-313
2026-03-14,B000203,YUL5,21,21,Cycle,,5.75,OPS-212
2026-03-14,B000244,YYZ4,71,71,Exception,,31.25,OPS-211
2026-03-14,B000258,YHZ1,113,113,Cycle,,7.11,OPS-200
2026-03-14,B000262,YYZ4,1181,1181,Cycle,,79.31,OPS-298
2026-03-14,B000316,YUL5,4,4,Cycle,,11.05,OPS-250
2026-03-14,B000338,YVR2,165,165,Cycle,,3.88,OPS-257
2026-03-14,B000367,YUL5,47,53,Cycle,Mis-pick,4.19,OPS-261
2026-03-14,B000405,YVR2,154,154,Cycle,,81.28,OPS-411
2026-03-14,B000406,YYC1,52,52,Exception,,12.22,OPS-173
2026-03-14,B000411,YYZ4,173,173,Cycle,,16.13,OPS-129
2026-03-14,B000413,YYZ4,64,64,Cycle,,27.73,OPS-260
2026-03-15,B000002,YUL5,975,975,Cycle,,20.25,OPS-423
2026-03-15,B000006,YUL5,101,101,Cycle,,10.47,OPS-369
2026-03-15,B000052,YYZ4,106,106,Cycle,,3.12,OPS-301
2026-03-15,B000111,YUL5,50,50,Cycle,,11.26,OPS-284
2026-03-15,B000139,YUL5,9,9,Cycle,,53.47,OPS-384
2026-03-15,B000156,YHZ1,560,560,Cycle,,14.32,OPS-254
2026-03-15,B000163,YYZ4,1,1,Exception,,17.6,OPS-182
2026-03-15,B000175,YYC1,372,372,Cycle,,13.44,OPS-342
2026-03-15,B000212,YHZ1,158,158,Cycle,,38.08,OPS-242
2026-03-15,B000226,YUL5,37,37,Cycle,,18.36,OPS-160
2026-03-15,B000235,YVR2,26,26,Cycle,,59.11,OPS-290
2026-03-15,B000265,YWG2,15,14,Cycle,Receiving error,5.9,OPS-212
2026-03-15,B000306,YEG3,163,163,Exception,,64.71,OPS-363
2026-03-15,B000348,YEG3,102,102,Cycle,,9.96,OPS-266
2026-03-15,B000351,YWG2,111,111,Cycle,,7.71,OPS-239
2026-03-15,B000357,YYZ4,299,299,Cycle,,2.48,OPS-200
2026-03-15,B000393,YWG2,11,11,Cycle,,36.15,OPS-124
2026-03-15,B000394,YYC1,2061,2061,Cycle,,19.24,OPS-163
2026-03-16,B000030,YUL5,65,65,Exception,,26.33,OPS-182
2026-03-16,B000083,YYC1,72,72,Cycle,,25.64,OPS-278
2026-03-16,B000120,YVR2,24,24,Cycle,,22.08,OPS-453
2026-03-16,B000141,YWG2,44,44,Cycle,,44.89,OPS-123
2026-03-16,B000146,YYZ4,89,89,Cycle,,22.0,OPS-260
2026-03-16,B000203,YVR2,15,15,Full,,5.75,OPS-236
2026-03-16,B000213,YYC1,41,41,Cycle,,46.02,OPS-143
2026-03-16,B000246,YVR2,5,5,Cycle,,48.07,OPS-104
2026-03-16,B000263,YVR2,67,67,Cycle,,50.34,OPS-200
2026-03-16,B000280,YHZ1,159,159,Cycle,,18.32,OPS-286
2026-03-16,B000284,YYZ4,122,122,Cycle,,19.61,OPS-334
2026-03-16,B000296,YYC1,13,11,Cycle,Theft or loss,28.09,OPS-258
2026-03-16,B000346,YUL5,934,934,Full,,26.44,OPS-389
2026-03-17,B000007,YWG2,284,284,Cycle,,5.45,OPS-111
2026-03-17,B000014,YYZ4,208,208,Cycle,,22.31,OPS-361
2026-03-17,B000022,YYZ4,435,435,Cycle,,23.15,OPS-306
2026-03-17,B000045,YYZ4,139,139,Cycle,,57.92,OPS-407
2026-03-17,B000079,YEG3,39,39,Cycle,,12.85,OPS-203
2026-03-17,B000122,YYC1,258,258,Exception,,13.42,OPS-400
2026-03-17,B000131,YYZ4,758,758,Full,,72.17,OPS-385
2026-03-17,B000148,YYC1,150,150,Cycle,,21.53,OPS-178
2026-03-17,B000160,YEG3,106,106,Cycle,,152.23,OPS-112
2026-03-17,B000160,YUL5,28,27,Cycle,Put-away to wrong bin,152.23,OPS-185
2026-03-17,B000183,YHZ1,17,17,Cycle,,21.45,OPS-193
2026-03-17,B000218,YYZ4,43,43,Cycle,,3.34,OPS-256
2026-03-17,B000262,YUL5,429,429,Cycle,,79.31,OPS-222
2026-03-17,B000351,YYC1,65,65,Exception,,7.71,OPS-133
2026-03-17,B000406,YHZ1,28,28,Full,,12.22,OPS-323
2026-03-18,B000006,YYZ4,126,126,Cycle,,10.47,OPS-371
2026-03-18,B000025,YVR2,10,10,Full,,34.44,OPS-169
2026-03-18,B000115,YEG3,61,61,Full,,32.44,OPS-305
2026-03-18,B000140,YVR2,37,37,Cycle,,5.15,OPS-128
2026-03-18,B000145,YHZ1,21,21,Cycle,,13.18,OPS-101
2026-03-18,B000182,YEG3,222,222,Full,,8.68,OPS-270
2026-03-18,B000212,YEG3,120,120,Cycle,,38.08,OPS-357
2026-03-18,B000221,YYC1,85,85,Cycle,,45.14,OPS-175
2026-03-18,B000263,YYZ4,510,510,Exception,,50.34,OPS-309
2026-03-18,B000287,YYZ4,138,138,Cycle,,94.57,OPS-333
2026-03-18,B000312,YWG2,26,28,Cycle,Receiving error,11.5,OPS-411
2026-03-18,B000383,YYC1,197,197,Cycle,,12.08,OPS-328
2026-03-18,B000407,YHZ1,72,72,Full,,13.84,OPS-455
2026-03-19,B000018,YYZ4,231,231,Cycle,,15.1,OPS-134
2026-03-19,B000068,YHZ1,56,56,Cycle,,53.46,OPS-327
2026-03-19,B000105,YVR2,41,41,Cycle,,32.78,OPS-424
2026-03-19,B000153,YEG3,68,68,Exception,,9.61,OPS-199
2026-03-19,B000196,YYZ4,236,236,Cycle,,7.3,OPS-404
2026-03-19,B000228,YVR2,305,305,Cycle,,51.13,OPS-367
2026-03-19,B000236,YWG2,95,95,Full,,6.13,OPS-197
2026-03-19,B000301,YYC1,365,365,Cycle,,37.32,OPS-332
2026-03-19,B000338,YHZ1,103,93,Cycle,System timing,3.88,OPS-171
2026-03-19,B000362,YUL5,184,184,Cycle,,52.53,OPS-344
2026-03-19,B000412,YHZ1,55,55,Cycle,,5.35,OPS-405
2026-03-20,B000022,YEG3,204,204,Cycle,,23.15,OPS-165
2026-03-20,B000046,YEG3,198,198,Cycle,,14.59,OPS-336
2026-03-20,B000111,YEG3,9,9,Exception,,11.26,OPS-173
2026-03-20,B000115,YUL5,454,454,Cycle,,32.44,OPS-391
2026-03-20,B000162,YWG2,66,66,Cycle,,11.86,OPS-413
2026-03-20,B000164,YYZ4,120,120,Full,,52.28,OPS-325
2026-03-20,B000185,YEG3,146,146,Cycle,,23.78,OPS-104
2026-03-20,B000187,YUL5,23,23,Cycle,,18.92,OPS-261
2026-03-20,B000223,YYC1,96,96,Cycle,,48.99,OPS-235
2026-03-20,B000241,YHZ1,47,47,Cycle,,43.91,OPS-153
2026-03-20,B000313,YEG3,257,256,Cycle,Mis-pick,19.4,OPS-232
2026-03-20,B000335,YEG3,134,134,Exception,,57.26,OPS-382
2026-03-20,B000359,YUL5,87,87,Cycle,,69.57,OPS-260
2026-03-21,B000030,YYZ4,221,221,Cycle,,26.33,OPS-299
2026-03-21,B000041,YUL5,1492,1495,Cycle,Damage not recorded,14.4,OPS-128
2026-03-21,B000102,YVR2,56,56,Cycle,,4.23,OPS-102
2026-03-21,B000122,YWG2,48,48,Cycle,,13.42,OPS-334
2026-03-21,B000132,YEG3,45,45,Cycle,,36.4,OPS-125
2026-03-21,B000162,YWG2,88,88,Cycle,,11.86,OPS-134
2026-03-21,B000165,YYC1,1917,1917,Cycle,,35.18,OPS-434
2026-03-21,B000210,YYZ4,137,137,Exception,,2.12,OPS-237
2026-03-21,B000215,YUL5,380,380,Cycle,,17.08,OPS-227
2026-03-21,B000258,YYC1,87,87,Cycle,,7.11,OPS-237
2026-03-21,B000272,YYZ4,117,117,Cycle,,5.34,OPS-300
2026-03-21,B000339,YYC1,50,50,Cycle,,17.86,OPS-268
2026-03-21,B000342,YUL5,9,9,Cycle,,3.2,OPS-420
2026-03-21,B000348,YEG3,198,198,Full,,9.96,OPS-332
2026-03-21,B000372,YHZ1,44,44,Exception,,17.44,OPS-117
2026-03-22,B000064,YYZ4,110,110,Cycle,,40.08,OPS-112
2026-03-22,B000084,YHZ1,239,239,Cycle,,10.08,OPS-435
2026-03-22,B000132,YYZ4,267,267,Cycle,,36.4,OPS-196
2026-03-22,B000190,YYZ4,1813,1813,Cycle,,24.81,OPS-171
2026-03-22,B000207,YYZ4,229,229,Cycle,,27.3,OPS-175
2026-03-22,B000259,YYC1,109,109,Exception,,17.17,OPS-187
2026-03-22,B000286,YYZ4,111,111,Cycle,,43.29,OPS-342
2026-03-22,B000298,YWG2,20,20,Cycle,,39.04,OPS-277
2026-03-22,B000332,YVR2,104,104,Full,,37.15,OPS-395
2026-03-22,B000351,YUL5,106,106,Cycle,,7.71,OPS-435
2026-03-22,B000354,YYC1,60,60,Cycle,,3.98,OPS-281
2026-03-22,B000367,YYZ4,85,85,Cycle,,4.19,OPS-262
2026-03-22,B000383,YEG3,256,256,Cycle,,12.08,OPS-328
2026-03-22,B000403,YUL5,331,331,Cycle,,32.5,OPS-169
2026-03-23,B000007,YEG3,1164,1164,Cycle,,5.45,OPS-274
2026-03-23,B000022,YEG3,106,106,Cycle,,23.15,OPS-294
2026-03-23,B000040,YUL5,63,63,Cycle,,78.85,OPS-325
2026-03-23,B000043,YEG3,10,10,Cycle,,81.24,OPS-402
2026-03-23,B000052,YWG2,5,5,Cycle,,3.12,OPS-227
2026-03-23,B000087,YUL5,92,92,Cycle,,35.54,OPS-132
2026-03-23,B000147,YEG3,6,6,Cycle,,34.39,OPS-176
2026-03-23,B000173,YYC1,31,31,Cycle,,20.12,OPS-290
2026-03-23,B000205,YYZ4,245,245,Cycle,,6.57,OPS-365
2026-03-23,B000242,YYC1,55,55,Cycle,,7.44,OPS-330
2026-03-23,B000246,YYZ4,30,30,Cycle,,48.07,OPS-264
2026-03-23,B000279,YHZ1,25,25,Cycle,,30.79,OPS-167
2026-03-23,B000305,YWG2,140,140,Cycle,,13.63,OPS-301
2026-03-23,B000373,YYZ4,345,345,Cycle,,146.03,OPS-146
2026-03-23,B000403,YYZ4,34,34,Cycle,,32.5,OPS-132
2026-03-23,B000418,YYZ4,42,42,Cycle,,20.14,OPS-121
2026-03-24,B000022,YHZ1,106,106,Cycle,,23.15,OPS-317
2026-03-24,B000037,YYC1,10,10,Cycle,,22.46,OPS-396
2026-03-24,B000047,YWG2,80,80,Cycle,,63.07,OPS-216
2026-03-24,B000059,YYC1,99,99,Cycle,,55.06,OPS-254
2026-03-24,B000113,YYZ4,14,14,Cycle,,5.59,OPS-192
2026-03-24,B000133,YYZ4,5,5,Cycle,,15.18,OPS-186
2026-03-24,B000199,YYZ4,725,725,Cycle,,17.21,OPS-403
2026-03-24,B000211,YUL5,241,241,Cycle,,42.79,OPS-297
2026-03-24,B000216,YVR2,85,85,Cycle,,49.89,OPS-457
2026-03-24,B000304,YYZ4,1372,1372,Cycle,,13.26,OPS-126
2026-03-24,B000365,YVR2,12,12,Exception,,4.97,OPS-279
2026-03-24,B000371,YYZ4,33,33,Cycle,,9.71,OPS-118
2026-03-24,B000395,YYZ4,34,34,Full,,9.53,OPS-279
2026-03-24,B000398,YVR2,68,68,Cycle,,25.87,OPS-393
2026-03-25,B000010,YHZ1,612,612,Cycle,,22.5,OPS-197
2026-03-25,B000197,YVR2,6,6,Full,,7.26,OPS-387
2026-03-25,B000312,YEG3,9,9,Cycle,,11.5,OPS-308
2026-03-25,B000354,YEG3,49,49,Cycle,,3.98,OPS-269
2026-03-25,B000373,YHZ1,66,59,Cycle,Put-away to wrong bin,146.03,OPS-446
2026-03-25,B000418,YYZ4,29,27,Cycle,Mis-pick,20.14,OPS-298
2026-03-26,B000002,YYZ4,340,340,Cycle,,20.25,OPS-419
2026-03-26,B000019,YUL5,228,228,Exception,,12.51,OPS-155
2026-03-26,B000022,YEG3,126,126,Cycle,,23.15,OPS-270
2026-03-26,B000029,YYZ4,40,40,Cycle,,12.43,OPS-307
2026-03-26,B000044,YYC1,240,240,Cycle,,49.42,OPS-153
2026-03-26,B000118,YYC1,121,121,Cycle,,14.9,OPS-452
2026-03-26,B000154,YHZ1,84,84,Cycle,,6.27,OPS-329
2026-03-26,B000158,YYZ4,82,82,Cycle,,23.4,OPS-241
2026-03-26,B000182,YVR2,308,308,Cycle,,8.68,OPS-131
2026-03-26,B000262,YHZ1,554,554,Cycle,,79.31,OPS-196
2026-03-26,B000269,YYC1,5,5,Cycle,,2.24,OPS-386
2026-03-26,B000327,YYZ4,16,16,Exception,,45.86,OPS-427
2026-03-26,B000348,YEG3,150,150,Cycle,,9.96,OPS-114
2026-03-27,B000013,YUL5,120,120,Exception,,7.12,OPS-185
2026-03-27,B000032,YYZ4,101,101,Cycle,,10.45,OPS-151
2026-03-27,B000071,YVR2,218,218,Cycle,,52.68,OPS-298
2026-03-27,B000097,YVR2,70,70,Cycle,,48.69,OPS-447
2026-03-27,B000128,YVR2,433,433,Exception,,12.39,OPS-439
2026-03-27,B000224,YVR2,102,102,Cycle,,5.13,OPS-141
2026-03-27,B000264,YVR2,55,55,Cycle,,32.04,OPS-250
2026-03-27,B000275,YYC1,9,9,Cycle,,27.48,OPS-368
2026-03-27,B000306,YEG3,112,112,Cycle,,64.71,OPS-218
2026-03-27,B000315,YYZ4,487,487,Cycle,,68.19,OPS-217
2026-03-27,B000388,YWG2,112,112,Exception,,19.55,OPS-409
2026-03-28,B000022,YYC1,293,293,Cycle,,23.15,OPS-449
2026-03-28,B000107,YWG2,277,268,Cycle,Put-away to wrong bin,6.42,OPS-456
2026-03-28,B000132,YYZ4,282,282,Cycle,,36.4,OPS-441
2026-03-28,B000179,YHZ1,33,33,Exception,,62.15,OPS-225
2026-03-28,B000216,YYC1,71,71,Cycle,,49.89,OPS-251
2026-03-28,B000240,YYZ4,543,543,Cycle,,9.44,OPS-420
2026-03-28,B000244,YYC1,76,76,Exception,,31.25,OPS-331
2026-03-28,B000315,YEG3,18,18,Cycle,,68.19,OPS-368
2026-03-28,B000341,YWG2,7,7,Cycle,,57.14,OPS-181
2026-03-29,B000065,YYC1,20,20,Cycle,,8.16,OPS-210
2026-03-29,B000106,YYZ4,70,70,Cycle,,11.64,OPS-217
2026-03-29,B000141,YYC1,28,28,Cycle,,44.89,OPS-298
2026-03-29,B000142,YUL5,56,56,Cycle,,12.57,OPS-197
2026-03-29,B000163,YYZ4,1,1,Full,,17.6,OPS-341
2026-03-29,B000171,YWG2,41,41,Cycle,,99.79,OPS-151
2026-03-29,B000172,YUL5,12,12,Cycle,,5.51,OPS-347
2026-03-29,B000174,YVR2,30,30,Cycle,,29.82,OPS-419
2026-03-29,B000189,YYC1,51,51,Cycle,,11.62,OPS-397
2026-03-29,B000234,YYZ4,24,24,Cycle,,68.84,OPS-233
2026-03-29,B000251,YVR2,16,16,Exception,,12.22,OPS-327
2026-03-29,B000323,YEG3,114,114,Cycle,,11.42,OPS-264
2026-03-29,B000352,YHZ1,26,26,Cycle,,42.99,OPS-135
2026-03-29,B000357,YYC1,491,491,Cycle,,2.48,OPS-180
2026-03-29,B000378,YYC1,2090,2090,Exception,,9.25,OPS-415
2026-03-29,B000404,YHZ1,42,42,Cycle,,6.26,OPS-188
2026-03-30,B000088,YWG2,51,51,Cycle,,22.27,OPS-399
2026-03-30,B000102,YWG2,2,2,Full,,4.23,OPS-114
2026-03-30,B000102,YYC1,73,73,Cycle,,4.23,OPS-205
2026-03-30,B000174,YVR2,30,30,Full,,29.82,OPS-378
2026-03-30,B000215,YVR2,80,80,Cycle,,17.08,OPS-119
2026-03-30,B000233,YYZ4,60,60,Cycle,,30.93,OPS-389
2026-03-30,B000240,YUL5,330,330,Cycle,,9.44,OPS-196
2026-03-30,B000275,YYZ4,2,2,Cycle,,27.48,OPS-459
2026-03-30,B000278,YYZ4,108,108,Cycle,,38.05,OPS-125
2026-03-30,B000298,YUL5,151,151,Cycle,,39.04,OPS-110
2026-03-30,B000312,YEG3,19,19,Cycle,,11.5,OPS-271
2026-03-30,B000318,YWG2,3,3,Cycle,,27.75,OPS-365
2026-03-30,B000335,YHZ1,21,21,Cycle,,57.26,OPS-248
2026-03-31,B000024,YYZ4,63,63,Cycle,,24.8,OPS-309
2026-03-31,B000028,YEG3,48,48,Cycle,,33.32,OPS-180
2026-03-31,B000063,YYZ4,83,83,Cycle,,20.49,OPS-315
2026-03-31,B000071,YVR2,166,166,Cycle,,52.68,OPS-371
2026-03-31,B000085,YYC1,94,94,Full,,85.16,OPS-236
2026-03-31,B000097,YYC1,46,46,Cycle,,48.69,OPS-120
2026-03-31,B000144,YHZ1,7,7,Cycle,,16.5,OPS-386
2026-03-31,B000245,YYZ4,1249,1249,Cycle,,2.38,OPS-265
2026-03-31,B000339,YYZ4,502,502,Cycle,,17.86,OPS-451
2026-03-31,B000378,YHZ1,370,370,Cycle,,9.25,OPS-170
2026-03-31,B000378,YYZ4,4898,4898,Exception,,9.25,OPS-430
2026-03-31,B000383,YUL5,284,284,Cycle,,12.08,OPS-185
2026-03-31,B000413,YWG2,1,1,Exception,,27.73,OPS-233
2026-04-01,B000032,YYZ4,116,116,Cycle,,10.45,OPS-440
2026-04-01,B000059,YVR2,46,46,Exception,,55.06,OPS-142
2026-04-01,B000064,YVR2,95,95,Exception,,40.08,OPS-169
2026-04-01,B000072,YUL5,6,6,Cycle,,16.47,OPS-114
2026-04-01,B000087,YHZ1,41,41,Cycle,,35.54,OPS-350
2026-04-01,B000154,YHZ1,71,71,Cycle,,6.27,OPS-459
2026-04-01,B000193,YHZ1,22,22,Cycle,,39.69,OPS-338
2026-04-01,B000240,YUL5,407,407,Cycle,,9.44,OPS-254
2026-04-01,B000257,YHZ1,373,373,Exception,,12.7,OPS-164
2026-04-01,B000257,YVR2,1208,1208,Cycle,,12.7,OPS-139
2026-04-01,B000343,YEG3,124,124,Cycle,,128.75,OPS-252
2026-04-01,B000381,YVR2,119,119,Cycle,,8.46,OPS-292
2026-04-01,B000383,YHZ1,18,19,Cycle,Put-away to wrong bin,12.08,OPS-345
2026-04-02,B000001,YUL5,161,161,Cycle,,32.03,OPS-356
2026-04-02,B000024,YYC1,46,46,Exception,,24.8,OPS-293
2026-04-02,B000052,YYZ4,171,171,Cycle,,3.12,OPS-323
2026-04-02,B000056,YVR2,283,283,Cycle,,224.05,OPS-400
2026-04-02,B000063,YYZ4,97,97,Cycle,,20.49,OPS-336
2026-04-02,B000115,YYZ4,338,338,Cycle,,32.44,OPS-271
2026-04-02,B000128,YWG2,66,66,Cycle,,12.39,OPS-378
2026-04-02,B000153,YYZ4,309,309,Full,,9.61,OPS-149
2026-04-02,B000169,YWG2,117,117,Cycle,,31.28,OPS-226
2026-04-02,B000177,YYZ4,1,1,Cycle,,2.41,OPS-301
2026-04-02,B000201,YYC1,79,79,Cycle,,40.84,OPS-165
2026-04-02,B000220,YYZ4,507,507,Cycle,,19.35,OPS-182
2026-04-02,B000241,YYZ4,3075,2328,Cycle,Put-away to wrong bin,43.91,OPS-358
2026-04-02,B000283,YEG3,35,35,Cycle,,5.71,OPS-439
2026-04-02,B000295,YVR2,10,10,Cycle,,18.76,OPS-210
2026-04-02,B000313,YVR2,591,591,Cycle,,19.4,OPS-420
2026-04-02,B000322,YVR2,201,201,Cycle,,12.01,OPS-156
2026-04-02,B000337,YUL5,28,28,Cycle,,10.03,OPS-445
2026-04-02,B000385,YHZ1,3,3,Cycle,,19.7,OPS-256
2026-04-02,B000418,YYC1,12,12,Exception,,20.14,OPS-401
2026-04-03,B000061,YYZ4,136,136,Cycle,,9.8,OPS-366
2026-04-03,B000077,YYZ4,30,30,Exception,,55.44,OPS-205
2026-04-03,B000079,YEG3,45,45,Cycle,,12.85,OPS-305
2026-04-03,B000110,YUL5,69,69,Cycle,,27.06,OPS-365
2026-04-03,B000125,YYC1,44,44,Exception,,8.87,OPS-411
2026-04-03,B000130,YVR2,34,34,Cycle,,4.08,OPS-308
2026-04-03,B000146,YVR2,4,4,Cycle,,22.0,OPS-355
2026-04-03,B000304,YEG3,83,83,Cycle,,13.26,OPS-428
2026-04-03,B000372,YUL5,23,23,Full,,17.44,OPS-326
2026-04-03,B000382,YUL5,316,316,Cycle,,9.75,OPS-127
2026-04-03,B000393,YHZ1,20,20,Cycle,,36.15,OPS-191
2026-04-03,B000416,YVR2,46,46,Cycle,,26.43,OPS-318
2026-04-04,B000003,YYZ4,1652,1652,Cycle,,116.68,OPS-144
2026-04-04,B000003,YYZ4,872,872,Cycle,,116.68,OPS-419
2026-04-04,B000005,YYC1,15,15,Cycle,,11.5,OPS-321
2026-04-04,B000008,YEG3,71,71,Cycle,,3.7,OPS-234
2026-04-04,B000044,YWG2,40,40,Cycle,,49.42,OPS-287
2026-04-04,B000065,YYZ4,25,25,Cycle,,8.16,OPS-324
2026-04-04,B000122,YEG3,180,180,Cycle,,13.42,OPS-398
2026-04-04,B000212,YYZ4,320,320,Cycle,,38.08,OPS-166
2026-04-04,B000220,YYZ4,372,313,Cycle,System timing,19.35,OPS-315
2026-04-04,B000228,YYC1,175,175,Full,,51.13,OPS-336
2026-04-04,B000232,YUL5,192,192,Cycle,,7.58,OPS-121
2026-04-04,B000266,YUL5,37,37,Cycle,,77.37,OPS-346
2026-04-04,B000341,YWG2,11,13,Exception,Receiving error,57.14,OPS-355
2026-04-05,B000008,YEG3,53,48,Cycle,Mis-pick,3.7,OPS-458
2026-04-05,B000102,YYC1,54,54,Cycle,,4.23,OPS-105
2026-04-05,B000117,YYZ4,157,157,Cycle,,10.32,OPS-113
2026-04-05,B000148,YYC1,155,146,Cycle,Damage not recorded,21.53,OPS-124
2026-04-05,B000169,YWG2,168,168,Exception,,31.28,OPS-308
2026-04-05,B000267,YUL5,257,257,Cycle,,35.69,OPS-417
2026-04-05,B000357,YHZ1,51,51,Cycle,,2.48,OPS-161
2026-04-05,B000367,YYZ4,38,38,Cycle,,4.19,OPS-131
2026-04-06,B000030,YYZ4,133,133,Cycle,,26.33,OPS-438
2026-04-06,B000084,YWG2,14,14,Cycle,,10.08,OPS-278
2026-04-06,B000130,YYZ4,40,40,Full,,4.08,OPS-440
2026-04-06,B000211,YYZ4,474,474,Cycle,,42.79,OPS-217
2026-04-06,B000223,YYC1,182,182,Cycle,,48.99,OPS-412
2026-04-06,B000292,YUL5,65,65,Cycle,,32.23,OPS-356
2026-04-06,B000306,YEG3,89,89,Full,,64.71,OPS-373
2026-04-06,B000352,YHZ1,18,18,Full,,42.99,OPS-244
2026-04-06,B000389,YUL5,84,84,Cycle,,28.39,OPS-258
2026-04-06,B000399,YVR2,12,12,Full,,19.26,OPS-379
2026-04-06,B000406,YYC1,44,44,Cycle,,12.22,OPS-348
2026-04-07,B000017,YYC1,1233,1233,Cycle,,37.04,OPS-278
2026-04-07,B000109,YYC1,22,22,Exception,,27.2,OPS-261
2026-04-07,B000128,YUL5,66,66,Cycle,,12.39,OPS-230
2026-04-07,B000136,YYZ4,15,15,Cycle,,38.25,OPS-290
2026-04-07,B000176,YYZ4,15,15,Full,,23.18,OPS-290
2026-04-07,B000271,YUL5,37,37,Exception,,23.34,OPS-203
2026-04-07,B000296,YHZ1,35,35,Cycle,,28.09,OPS-288
2026-04-07,B000302,YYZ4,20,20,Cycle,,37.95,OPS-102
2026-04-07,B000388,YWG2,123,123,Full,,19.55,OPS-380
2026-04-07,B000405,YHZ1,958,958,Cycle,,81.28,OPS-203
2026-04-08,B000010,YUL5,253,253,Cycle,,22.5,OPS-282
2026-04-08,B000012,YVR2,73,73,Cycle,,9.46,OPS-239
2026-04-08,B000107,YEG3,339,339,Cycle,,6.42,OPS-139
2026-04-08,B000117,YYZ4,145,145,Cycle,,10.32,OPS-255
2026-04-08,B000126,YYZ4,362,362,Cycle,,5.33,OPS-420
2026-04-08,B000202,YHZ1,203,191,Cycle,Put-away to wrong bin,26.75,OPS-369
2026-04-08,B000208,YWG2,636,658,Cycle,Receiving error,18.0,OPS-209
2026-04-08,B000215,YVR2,56,56,Exception,,17.08,OPS-109
2026-04-08,B000256,YHZ1,11,11,Cycle,,17.41,OPS-386
2026-04-08,B000275,YYC1,8,8,Exception,,27.48,OPS-298
2026-04-08,B000283,YYC1,184,184,Cycle,,5.71,OPS-143
2026-04-08,B000298,YUL5,139,139,Cycle,,39.04,OPS-345
2026-04-08,B000308,YUL5,42,42,Cycle,,10.93,OPS-360
2026-04-08,B000310,YHZ1,318,318,Cycle,,2.96,OPS-126
2026-04-08,B000347,YYZ4,406,406,Cycle,,8.39,OPS-294
2026-04-08,B000362,YVR2,223,223,Cycle,,52.53,OPS-305
2026-04-08,B000390,YYC1,2,2,Exception,,10.78,OPS-457
2026-04-08,B000392,YVR2,2693,2693,Cycle,,42.02,OPS-417
2026-04-08,B000394,YHZ1,260,260,Cycle,,19.24,OPS-273
2026-04-09,B000014,YEG3,304,304,Cycle,,22.31,OPS-390
2026-04-09,B000107,YEG3,153,153,Cycle,,6.42,OPS-104
2026-04-09,B000127,YEG3,22,22,Exception,,15.81,OPS-249
2026-04-09,B000173,YVR2,48,48,Cycle,,20.12,OPS-399
2026-04-09,B000225,YVR2,148,148,Cycle,,72.79,OPS-430
2026-04-09,B000294,YHZ1,55,55,Cycle,,42.52,OPS-154
2026-04-09,B000416,YYC1,180,180,Cycle,,26.43,OPS-387
2026-04-10,B000001,YUL5,136,136,Cycle,,32.03,OPS-180
2026-04-10,B000020,YHZ1,394,394,Cycle,,26.71,OPS-153
2026-04-10,B000056,YUL5,766,766,Cycle,,224.05,OPS-125
2026-04-10,B000067,YUL5,203,203,Cycle,,26.62,OPS-441
2026-04-10,B000102,YWG2,1,1,Cycle,,4.23,OPS-353
2026-04-10,B000147,YYZ4,91,91,Cycle,,34.39,OPS-283
2026-04-10,B000215,YWG2,83,83,Cycle,,17.08,OPS-243
2026-04-10,B000248,YEG3,67,67,Cycle,,20.2,OPS-419
2026-04-10,B000271,YVR2,261,261,Cycle,,23.34,OPS-147
2026-04-10,B000302,YYZ4,27,27,Cycle,,37.95,OPS-145
2026-04-10,B000306,YYC1,88,88,Cycle,,64.71,OPS-175
2026-04-10,B000316,YYZ4,21,21,Cycle,,11.05,OPS-212
2026-04-10,B000332,YVR2,96,96,Cycle,,37.15,OPS-325
2026-04-10,B000358,YYC1,377,376,Cycle,Receiving error,85.05,OPS-195
2026-04-10,B000366,YYZ4,1246,1246,Cycle,,36.73,OPS-240
2026-04-10,B000385,YYZ4,144,144,Cycle,,19.7,OPS-250
2026-04-10,B000390,YUL5,71,71,Cycle,,10.78,OPS-342
2026-04-10,B000407,YYZ4,139,139,Cycle,,13.84,OPS-161
2026-04-10,B000411,YUL5,256,250,Cycle,System timing,16.13,OPS-142
2026-04-10,B000412,YHZ1,60,60,Cycle,,5.35,OPS-423
2026-04-11,B000010,YUL5,389,389,Exception,,22.5,OPS-455
2026-04-11,B000017,YYC1,1907,1907,Cycle,,37.04,OPS-422
2026-04-11,B000040,YVR2,117,117,Exception,,78.85,OPS-106
2026-04-11,B000048,YYZ4,285,285,Exception,,31.84,OPS-333
2026-04-11,B000099,YVR2,855,855,Cycle,,120.32,OPS-451
2026-04-11,B000107,YWG2,409,409,Cycle,,6.42,OPS-211
2026-04-11,B000129,YYZ4,4090,4090,Full,,47.77,OPS-265
2026-04-11,B000137,YVR2,94,94,Exception,,104.11,OPS-334
2026-04-11,B000185,YUL5,154,154,Cycle,,23.78,OPS-459
2026-04-11,B000200,YHZ1,37,37,Exception,,42.44,OPS-358
2026-04-11,B000208,YWG2,438,438,Exception,,18.0,OPS-183
2026-04-11,B000223,YUL5,357,357,Cycle,,48.99,OPS-210
2026-04-11,B000351,YYC1,39,39,Cycle,,7.71,OPS-202
2026-04-11,B000354,YUL5,63,63,Cycle,,3.98,OPS-282
2026-04-11,B000368,YUL5,45,45,Full,,45.85,OPS-278
2026-04-11,B000374,YYC1,7,7,Cycle,,10.68,OPS-427
2026-04-11,B000399,YYZ4,25,25,Cycle,,19.26,OPS-291
2026-04-12,B000036,YYC1,4,4,Cycle,,29.55,OPS-199
2026-04-12,B000199,YYZ4,493,493,Cycle,,17.21,OPS-223
2026-04-12,B000216,YVR2,66,66,Cycle,,49.89,OPS-256
2026-04-12,B000238,YVR2,46,46,Exception,,33.37,OPS-194
2026-04-12,B000240,YVR2,132,132,Cycle,,9.44,OPS-129
2026-04-12,B000245,YWG2,111,99,Cycle,Receiving error,2.38,OPS-432
2026-04-12,B000262,YYZ4,1523,1523,Cycle,,79.31,OPS-351
2026-04-12,B000303,YVR2,16,16,Cycle,,9.43,OPS-158
2026-04-12,B000323,YVR2,11,11,Cycle,,11.42,OPS-126
2026-04-12,B000372,YUL5,36,36,Cycle,,17.44,OPS-359
2026-04-12,B000383,YHZ1,17,17,Full,,12.08,OPS-404
2026-04-13,B000008,YUL5,80,80,Cycle,,3.7,OPS-326
2026-04-13,B000113,YVR2,30,30,Cycle,,5.59,OPS-154
2026-04-13,B000118,YYC1,126,126,Cycle,,14.9,OPS-392
2026-04-13,B000144,YHZ1,5,5,Exception,,16.5,OPS-191
2026-04-13,B000180,YUL5,93,93,Cycle,,87.04,OPS-140
2026-04-13,B000187,YUL5,46,46,Full,,18.92,OPS-183
2026-04-13,B000252,YYZ4,89,89,Full,,52.05,OPS-290
2026-04-13,B000277,YEG3,27,27,Cycle,,37.83,OPS-247
2026-04-13,B000286,YYZ4,73,73,Cycle,,43.29,OPS-170
2026-04-13,B000301,YYC1,211,211,Cycle,,37.32,OPS-227
2026-04-13,B000348,YEG3,167,167,Cycle,,9.96,OPS-190
2026-04-13,B000403,YUL5,459,459,Cycle,,32.5,OPS-115
2026-04-14,B000017,YWG2,908,908,Cycle,,37.04,OPS-385
2026-04-14,B000024,YEG3,31,31,Cycle,,24.8,OPS-450
2026-04-14,B000052,YWG2,5,5,Cycle,,3.12,OPS-204
2026-04-14,B000130,YUL5,29,29,Exception,,4.08,OPS-284
2026-04-14,B000160,YUL5,19,19,Cycle,,152.23,OPS-161
2026-04-14,B000171,YWG2,76,76,Exception,,99.79,OPS-209
2026-04-14,B000215,YUL5,232,232,Cycle,,17.08,OPS-247
2026-04-14,B000246,YYZ4,33,33,Cycle,,48.07,OPS-260
2026-04-14,B000298,YYC1,304,304,Cycle,,39.04,OPS-312
2026-04-14,B000349,YUL5,138,138,Cycle,,53.59,OPS-386
2026-04-15,B000047,YYZ4,890,890,Full,,63.07,OPS-160
2026-04-15,B000082,YYZ4,1762,1762,Cycle,,43.59,OPS-292
2026-04-15,B000085,YVR2,8,8,Cycle,,85.16,OPS-242
2026-04-15,B000088,YUL5,42,42,Cycle,,22.27,OPS-425
2026-04-15,B000101,YYZ4,36,36,Cycle,,32.63,OPS-342
2026-04-15,B000165,YYZ4,272,272,Cycle,,35.18,OPS-424
2026-04-15,B000192,YYC1,21,21,Cycle,,35.26,OPS-325
2026-04-15,B000192,YYC1,22,22,Cycle,,35.26,OPS-179
2026-04-15,B000214,YUL5,4,4,Cycle,,9.98,OPS-289
2026-04-15,B000219,YYZ4,175,175,Cycle,,32.21,OPS-155
2026-04-15,B000302,YWG2,4,4,Cycle,,37.95,OPS-406
2026-04-15,B000319,YYZ4,68,68,Cycle,,45.53,OPS-229
2026-04-15,B000383,YVR2,80,80,Cycle,,12.08,OPS-297
2026-04-16,B000009,YYZ4,630,630,Full,,15.41,OPS-278
2026-04-16,B000010,YYC1,95,95,Exception,,22.5,OPS-412
2026-04-16,B000017,YVR2,2692,2692,Cycle,,37.04,OPS-144
2026-04-16,B000030,YUL5,109,109,Cycle,,26.33,OPS-354
2026-04-16,B000069,YYZ4,343,343,Cycle,,11.1,OPS-144
2026-04-16,B000092,YUL5,9,9,Cycle,,37.96,OPS-352
2026-04-16,B000094,YHZ1,382,382,Cycle,,14.88,OPS-224
2026-04-16,B000172,YUL5,15,15,Cycle,,5.51,OPS-275
2026-04-16,B000180,YUL5,165,165,Cycle,,87.04,OPS-352
2026-04-16,B000205,YYC1,54,54,Cycle,,6.57,OPS-321
2026-04-16,B000235,YYZ4,68,68,Cycle,,59.11,OPS-174
2026-04-16,B000261,YUL5,104,104,Cycle,,61.04,OPS-198
2026-04-16,B000313,YYZ4,3429,3429,Cycle,,19.4,OPS-286
2026-04-16,B000350,YYZ4,180,180,Cycle,,48.35,OPS-125
2026-04-16,B000358,YUL5,87,87,Cycle,,85.05,OPS-164
2026-04-16,B000367,YYZ4,39,39,Cycle,,4.19,OPS-268
2026-04-16,B000374,YYZ4,23,23,Full,,10.68,OPS-413
2026-04-16,B000382,YVR2,135,135,Cycle,,9.75,OPS-365
2026-04-16,B000404,YUL5,50,50,Exception,,6.26,OPS-187
2026-04-16,B000405,YYZ4,192,192,Cycle,,81.28,OPS-104
2026-04-17,B000004,YHZ1,67,67,Cycle,,9.82,OPS-272
2026-04-17,B000059,YYZ4,105,105,Cycle,,55.06,OPS-389
2026-04-17,B000083,YYC1,92,92,Cycle,,25.64,OPS-324
2026-04-17,B000093,YYZ4,29,29,Exception,,3.57,OPS-154
2026-04-17,B000097,YYZ4,24,24,Cycle,,48.69,OPS-107
2026-04-17,B000115,YUL5,408,408,Cycle,,32.44,OPS-334
2026-04-17,B000166,YWG2,49,49,Cycle,,22.72,OPS-343
2026-04-17,B000182,YHZ1,84,84,Cycle,,8.68,OPS-226
2026-04-17,B000183,YHZ1,30,30,Cycle,,21.45,OPS-399
2026-04-17,B000201,YYC1,68,68,Cycle,,40.84,OPS-209
2026-04-17,B000243,YWG2,11,11,Cycle,,45.01,OPS-143
2026-04-17,B000250,YHZ1,14,12,Cycle,System timing,3.15,OPS-184
2026-04-17,B000262,YHZ1,531,531,Cycle,,79.31,OPS-407
2026-04-17,B000299,YUL5,1323,1323,Cycle,,8.34,OPS-399
2026-04-17,B000351,YYC1,66,66,Cycle,,7.71,OPS-427
2026-04-17,B000354,YEG3,42,42,Cycle,,3.98,OPS-292
2026-04-18,B000020,YVR2,97,97,Cycle,,26.71,OPS-215
2026-04-18,B000074,YYZ4,207,207,Cycle,,11.14,OPS-216
2026-04-18,B000082,YYC1,588,588,Cycle,,43.59,OPS-269
2026-04-18,B000163,YYZ4,1,1,Cycle,,17.6,OPS-335
2026-04-18,B000262,YUL5,342,342,Cycle,,79.31,OPS-442
2026-04-18,B000414,YVR2,315,315,Cycle,,32.56,OPS-286
2026-04-19,B000016,YYZ4,47,47,Cycle,,22.7,OPS-368
2026-04-19,B000017,YHZ1,634,634,Full,,37.04,OPS-418
2026-04-19,B000037,YYZ4,14,14,Cycle,,22.46,OPS-412
2026-04-19,B000069,YEG3,349,349,Cycle,,11.1,OPS-249
2026-04-19,B000070,YHZ1,30,30,Cycle,,8.73,OPS-239
2026-04-19,B000120,YWG2,22,22,Cycle,,22.08,OPS-397
2026-04-19,B000128,YHZ1,2090,2395,Cycle,Mis-pick,12.39,OPS-457
2026-04-19,B000149,YVR2,41,41,Cycle,,23.03,OPS-127
2026-04-19,B000158,YYZ4,54,54,Cycle,,23.4,OPS-344
2026-04-19,B000198,YHZ1,21,20,Cycle,Mis-pick,27.58,OPS-459
2026-04-19,B000233,YWG2,34,34,Cycle,,30.93,OPS-217
2026-04-19,B000280,YWG2,79,79,Cycle,,18.32,OPS-197
2026-04-19,B000280,YYZ4,333,333,Cycle,,18.32,OPS-436
2026-04-19,B000344,YEG3,63,63,Cycle,,25.74,OPS-373
2026-04-19,B000370,YWG2,37,37,Cycle,,28.99,OPS-448
2026-04-19,B000370,YWG2,67,67,Exception,,28.99,OPS-260
2026-04-19,B000392,YYC1,2051,2051,Cycle,,42.02,OPS-186
2026-04-19,B000413,YWG2,1,1,Cycle,,27.73,OPS-107
2026-04-20,B000001,YYZ4,15,15,Cycle,,32.03,OPS-438
2026-04-20,B000017,YEG3,1410,1250,Cycle,Theft or loss,37.04,OPS-367
2026-04-20,B000018,YYZ4,236,236,Full,,15.1,OPS-103
2026-04-20,B000053,YUL5,86,86,Cycle,,15.69,OPS-281
2026-04-20,B000082,YEG3,295,295,Exception,,43.59,OPS-401
2026-04-20,B000085,YVR2,8,8,Cycle,,85.16,OPS-224
2026-04-20,B000090,YWG2,65,65,Cycle,,30.31,OPS-218
2026-04-20,B000128,YUL5,69,69,Cycle,,12.39,OPS-296
2026-04-20,B000283,YWG2,41,41,Cycle,,5.71,OPS-400
2026-04-20,B000341,YYC1,95,95,Cycle,,57.14,OPS-202
2026-04-20,B000362,YUL5,281,281,Cycle,,52.53,OPS-395
2026-04-20,B000392,YHZ1,88,88,Cycle,,42.02,OPS-263
2026-04-20,B000412,YEG3,50,46,Cycle,Damage not recorded,5.35,OPS-264
2026-04-21,B000004,YHZ1,58,54,Cycle,Receiving error,9.82,OPS-459
2026-04-21,B000040,YYZ4,285,285,Cycle,,78.85,OPS-247
2026-04-21,B000050,YYZ4,169,169,Cycle,,10.46,OPS-102
2026-04-21,B000052,YUL5,69,69,Exception,,3.12,OPS-198
2026-04-21,B000114,YYC1,91,91,Cycle,,74.15,OPS-316
2026-04-21,B000132,YEG3,65,65,Cycle,,36.4,OPS-143
2026-04-21,B000165,YVR2,172,172,Cycle,,35.18,OPS-136
2026-04-21,B000165,YYZ4,267,267,Cycle,,35.18,OPS-197
2026-04-21,B000193,YYZ4,185,197,Cycle,Put-away to wrong bin,39.69,OPS-242
2026-04-21,B000227,YYZ4,214,214,Cycle,,55.69,OPS-279
2026-04-21,B000258,YUL5,331,331,Cycle,,7.11,OPS-171
2026-04-21,B000287,YYZ4,74,74,Cycle,,94.57,OPS-176
2026-04-21,B000294,YVR2,34,34,Cycle,,42.52,OPS-403
2026-04-21,B000315,YEG3,14,14,Cycle,,68.19,OPS-124
2026-04-21,B000348,YUL5,288,288,Cycle,,9.96,OPS-234
2026-04-21,B000351,YUL5,118,118,Cycle,,7.71,OPS-406
2026-04-22,B000006,YYZ4,166,166,Cycle,,10.47,OPS-330
2026-04-22,B000008,YHZ1,60,60,Cycle,,3.7,OPS-451
2026-04-22,B000052,YEG3,32,32,Cycle,,3.12,OPS-200
2026-04-22,B000062,YYZ4,125,125,Cycle,,13.09,OPS-346
2026-04-22,B000084,YEG3,230,230,Cycle,,10.08,OPS-377
2026-04-22,B000174,YUL5,181,181,Cycle,,29.82,OPS-183
2026-04-22,B000225,YYZ4,256,256,Cycle,,72.79,OPS-208
2026-04-22,B000241,YWG2,173,173,Cycle,,43.91,OPS-352
2026-04-22,B000247,YYZ4,22,22,Cycle,,29.87,OPS-210
2026-04-22,B000259,YUL5,43,43,Cycle,,17.17,OPS-334
2026-04-22,B000267,YYC1,129,129,Exception,,35.69,OPS-456
2026-04-22,B000288,YYZ4,566,566,Cycle,,9.3,OPS-113
2026-04-22,B000348,YYZ4,479,479,Cycle,,9.96,OPS-393
2026-04-22,B000351,YWG2,129,129,Cycle,,7.71,OPS-264
2026-04-22,B000352,YVR2,163,163,Cycle,,42.99,OPS-430
2026-04-22,B000370,YYZ4,447,447,Cycle,,28.99,OPS-190
2026-04-22,B000378,YHZ1,277,277,Cycle,,9.25,OPS-402
2026-04-23,B000010,YWG2,1355,1355,Exception,,22.5,OPS-378
2026-04-23,B000022,YHZ1,162,162,Cycle,,23.15,OPS-241
2026-04-23,B000069,YEG3,531,531,Cycle,,11.1,OPS-448
2026-04-23,B000082,YHZ1,170,142,Exception,Mis-pick,43.59,OPS-283
2026-04-23,B000095,YYZ4,461,461,Cycle,,4.5,OPS-104
2026-04-23,B000146,YVR2,6,6,Cycle,,22.0,OPS-372
2026-04-23,B000148,YHZ1,99,99,Cycle,,21.53,OPS-422
2026-04-23,B000156,YEG3,114,114,Cycle,,14.32,OPS-358
2026-04-23,B000261,YUL5,75,75,Cycle,,61.04,OPS-285
2026-04-23,B000264,YVR2,103,103,Cycle,,32.04,OPS-389
2026-04-23,B000298,YYZ4,485,485,Cycle,,39.04,OPS-263
2026-04-23,B000338,YUL5,10,10,Cycle,,3.88,OPS-449
2026-04-23,B000349,YEG3,45,45,Cycle,,53.59,OPS-152
2026-04-23,B000362,YVR2,314,314,Cycle,,52.53,OPS-258
2026-04-23,B000410,YYZ4,59,59,Cycle,,31.02,OPS-112
2026-04-24,B000008,YYZ4,1003,1003,Cycle,,3.7,OPS-220
2026-04-24,B000041,YYZ4,86,86,Cycle,,14.4,OPS-246
2026-04-24,B000047,YWG2,59,59,Cycle,,63.07,OPS-338
2026-04-24,B000066,YYC1,130,130,Cycle,,24.86,OPS-130
2026-04-24,B000087,YYZ4,55,55,Cycle,,35.54,OPS-143
2026-04-24,B000088,YUL5,60,60,Cycle,,22.27,OPS-276
2026-04-24,B000090,YYZ4,111,111,Cycle,,30.31,OPS-450
2026-04-24,B000136,YYZ4,10,10,Cycle,,38.25,OPS-218
2026-04-24,B000145,YHZ1,19,19,Full,,13.18,OPS-431
2026-04-24,B000223,YUL5,292,292,Exception,,48.99,OPS-441
2026-04-24,B000228,YVR2,474,474,Cycle,,51.13,OPS-196
2026-04-24,B000233,YWG2,36,36,Cycle,,30.93,OPS-169
2026-04-24,B000259,YYZ4,570,570,Cycle,,17.17,OPS-182
2026-04-24,B000274,YUL5,123,123,Exception,,20.72,OPS-191
2026-04-24,B000299,YYZ4,200,200,Cycle,,8.34,OPS-319
2026-04-24,B000347,YYC1,59,59,Cycle,,8.39,OPS-395
2026-04-24,B000355,YVR2,70,70,Cycle,,14.03,OPS-399
2026-04-24,B000390,YUL5,43,43,Exception,,10.78,OPS-173
2026-04-24,B000393,YYC1,30,30,Cycle,,36.15,OPS-305
2026-04-24,B000404,YHZ1,23,23,Exception,,6.26,OPS-236
2026-04-25,B000003,YYZ4,1039,1039,Cycle,,116.68,OPS-281
2026-04-25,B000029,YWG2,13,13,Cycle,,12.43,OPS-315
2026-04-25,B000034,YEG3,29,29,Exception,,72.97,OPS-290
2026-04-25,B000048,YUL5,167,167,Cycle,,31.84,OPS-346
2026-04-25,B000079,YYZ4,249,249,Cycle,,12.85,OPS-355
2026-04-25,B000090,YVR2,54,54,Cycle,,30.31,OPS-434
2026-04-25,B000095,YHZ1,63,63,Cycle,,4.5,OPS-173
2026-04-25,B000101,YUL5,34,34,Cycle,,32.63,OPS-333
2026-04-25,B000107,YHZ1,922,922,Exception,,6.42,OPS-434
2026-04-25,B000134,YVR2,529,529,Cycle,,17.14,OPS-111
2026-04-25,B000143,YYZ4,9,9,Cycle,,6.49,OPS-131
2026-04-25,B000177,YYC1,1,1,Cycle,,2.41,OPS-250
2026-04-25,B000256,YYZ4,258,258,Cycle,,17.41,OPS-414
2026-04-25,B000323,YYZ4,21,21,Exception,,11.42,OPS-192
2026-04-25,B000362,YYC1,172,172,Full,,52.53,OPS-328
2026-04-25,B000394,YEG3,7,7,Cycle,,19.24,OPS-350
2026-04-26,B000030,YUL5,120,120,Cycle,,26.33,OPS-292
2026-04-26,B000067,YWG2,98,98,Cycle,,26.62,OPS-116
2026-04-26,B000090,YVR2,39,39,Exception,,30.31,OPS-343
2026-04-26,B000101,YYZ4,39,39,Cycle,,32.63,OPS-422
2026-04-26,B000135,YYC1,172,172,Cycle,,13.09,OPS-413
2026-04-26,B000224,YUL5,64,64,Cycle,,5.13,OPS-314
2026-04-26,B000231,YYZ4,161,161,Cycle,,17.01,OPS-382
2026-04-26,B000284,YYZ4,198,198,Exception,,19.61,OPS-235
2026-04-26,B000324,YYZ4,107,107,Cycle,,50.1,OPS-236
2026-04-26,B000343,YYC1,137,137,Cycle,,128.75,OPS-378
2026-04-26,B000410,YHZ1,11,11,Exception,,31.02,OPS-408
2026-04-27,B000006,YYC1,22,21,Cycle,Mis-pick,10.47,OPS-201
2026-04-27,B000151,YUL5,35,35,Cycle,,10.75,OPS-328
2026-04-27,B000176,YUL5,3,3,Cycle,,23.18,OPS-332
2026-04-27,B000182,YVR2,178,178,Cycle,,8.68,OPS-297
2026-04-27,B000196,YYZ4,165,165,Cycle,,7.3,OPS-312
2026-04-27,B000257,YWG2,389,389,Exception,,12.7,OPS-425
2026-04-27,B000266,YYZ4,31,31,Cycle,,77.37,OPS-458
2026-04-27,B000347,YYZ4,336,336,Cycle,,8.39,OPS-194
2026-04-27,B000369,YVR2,52,52,Full,,12.66,OPS-248
2026-04-27,B000378,YYC1,1920,1920,Cycle,,9.25,OPS-190
2026-04-27,B000401,YHZ1,310,310,Cycle,,26.64,OPS-327
2026-04-27,B000404,YYC1,72,72,Cycle,,6.26,OPS-247
2026-04-28,B000041,YWG2,214,214,Cycle,,14.4,OPS-236
2026-04-28,B000050,YEG3,270,270,Cycle,,10.46,OPS-320
2026-04-28,B000117,YEG3,26,26,Exception,,10.32,OPS-162
2026-04-28,B000252,YEG3,25,25,Cycle,,52.05,OPS-155
2026-04-28,B000262,YVR2,356,356,Full,,79.31,OPS-229
2026-04-28,B000282,YHZ1,179,184,Cycle,Mis-pick,55.18,OPS-246
2026-04-28,B000383,YUL5,288,288,Cycle,,12.08,OPS-239
2026-04-29,B000125,YYZ4,185,185,Cycle,,8.87,OPS-296
2026-04-29,B000147,YEG3,4,3,Exception,Damage not recorded,34.39,OPS-220
2026-04-29,B000327,YYZ4,11,11,Cycle,,45.86,OPS-251
2026-04-29,B000370,YHZ1,98,98,Cycle,,28.99,OPS-235
2026-04-29,B000379,YYZ4,589,589,Cycle,,6.69,OPS-141
2026-04-29,B000391,YYZ4,32,32,Cycle,,28.53,OPS-384
2026-04-30,B000032,YYZ4,66,66,Cycle,,10.45,OPS-390
2026-04-30,B000056,YWG2,315,315,Cycle,,224.05,OPS-292
2026-04-30,B000059,YVR2,74,74,Exception,,55.06,OPS-292
2026-04-30,B000067,YEG3,215,215,Exception,,26.62,OPS-262
2026-04-30,B000090,YWG2,58,58,Exception,,30.31,OPS-306
2026-04-30,B000100,YUL5,20,20,Cycle,,2.0,OPS-320
2026-04-30,B000106,YEG3,7,7,Full,,11.64,OPS-316
2026-04-30,B000113,YVR2,43,43,Cycle,,5.59,OPS-106
2026-04-30,B000134,YHZ1,99,99,Cycle,,17.14,OPS-358
2026-04-30,B000149,YEG3,47,47,Cycle,,23.03,OPS-285
2026-04-30,B000152,YYZ4,198,198,Cycle,,28.18,OPS-300
2026-04-30,B000174,YVR2,34,34,Cycle,,29.82,OPS-455
2026-04-30,B000226,YWG2,93,93,Cycle,,18.36,OPS-264
2026-04-30,B000307,YUL5,4,4,Exception,,10.55,OPS-238
2026-04-30,B000351,YWG2,95,95,Cycle,,7.71,OPS-374
2026-05-01,B000004,YYZ4,23,23,Cycle,,9.82,OPS-365
2026-05-01,B000048,YYZ4,277,277,Cycle,,31.84,OPS-239
2026-05-01,B000110,YVR2,77,77,Cycle,,27.06,OPS-404
2026-05-01,B000116,YYZ4,784,784,Cycle,,59.9,OPS-165
2026-05-01,B000193,YHZ1,29,29,Cycle,,39.69,OPS-262
2026-05-01,B000296,YYZ4,52,52,Exception,,28.09,OPS-327
2026-05-01,B000303,YVR2,30,30,Cycle,,9.43,OPS-147
2026-05-01,B000323,YYZ4,16,16,Cycle,,11.42,OPS-117
2026-05-01,B000324,YYC1,15,15,Cycle,,50.1,OPS-276
2026-05-01,B000333,YUL5,262,262,Cycle,,53.66,OPS-350
2026-05-01,B000412,YYC1,20,20,Cycle,,5.35,OPS-106
2026-05-01,B000418,YUL5,47,47,Cycle,,20.14,OPS-351
2026-05-02,B000074,YYZ4,115,115,Cycle,,11.14,OPS-109
2026-05-02,B000075,YWG2,52,52,Full,,56.39,OPS-367
2026-05-02,B000090,YWG2,112,112,Cycle,,30.31,OPS-360
2026-05-02,B000151,YVR2,61,61,Cycle,,10.75,OPS-354
2026-05-02,B000177,YYZ4,1,1,Cycle,,2.41,OPS-265
2026-05-02,B000181,YVR2,301,301,Cycle,,54.45,OPS-123
2026-05-02,B000221,YUL5,107,107,Cycle,,45.14,OPS-166
2026-05-02,B000224,YYC1,27,27,Cycle,,5.13,OPS-428
2026-05-02,B000231,YYZ4,115,115,Cycle,,17.01,OPS-256
2026-05-02,B000278,YHZ1,15,15,Cycle,,38.05,OPS-438
2026-05-02,B000282,YHZ1,249,249,Cycle,,55.18,OPS-125
2026-05-02,B000303,YYZ4,194,194,Cycle,,9.43,OPS-393
2026-05-02,B000312,YYC1,90,90,Cycle,,11.5,OPS-282
2026-05-02,B000391,YVR2,28,28,Exception,,28.53,OPS-255
2026-05-03,B000051,YUL5,30,30,Cycle,,17.69,OPS-227
2026-05-03,B000052,YEG3,33,33,Exception,,3.12,OPS-129
2026-05-03,B000084,YYZ4,1005,1005,Cycle,,10.08,OPS-176
2026-05-03,B000184,YUL5,436,436,Cycle,,18.21,OPS-258
2026-05-03,B000235,YVR2,32,32,Exception,,59.11,OPS-406
2026-05-03,B000246,YVR2,8,8,Cycle,,48.07,OPS-283
2026-05-03,B000249,YUL5,17,17,Cycle,,24.19,OPS-379
2026-05-03,B000308,YHZ1,13,13,Cycle,,10.93,OPS-216
2026-05-03,B000337,YYZ4,33,33,Cycle,,10.03,OPS-407
2026-05-03,B000387,YYZ4,346,346,Exception,,40.99,OPS-178
2026-05-03,B000393,YWG2,9,9,Cycle,,36.15,OPS-264
2026-05-03,B000410,YYZ4,47,47,Exception,,31.02,OPS-241
2026-05-03,B000419,YUL5,89,89,Exception,,34.2,OPS-338
2026-05-04,B000005,YVR2,14,14,Cycle,,11.5,OPS-420
2026-05-04,B000021,YYZ4,271,271,Cycle,,16.28,OPS-187
2026-05-04,B000043,YVR2,57,63,Cycle,Mis-pick,81.24,OPS-271
2026-05-04,B000066,YYZ4,110,110,Cycle,,24.86,OPS-191
2026-05-04,B000077,YYZ4,27,27,Cycle,,55.44,OPS-125
2026-05-04,B000084,YYC1,701,701,Cycle,,10.08,OPS-303
2026-05-04,B000122,YYZ4,1048,1048,Full,,13.42,OPS-352
2026-05-04,B000129,YYC1,1823,1679,Cycle,Mis-pick,47.77,OPS-443
2026-05-04,B000148,YYZ4,879,879,Cycle,,21.53,OPS-384
2026-05-04,B000202,YUL5,706,706,Cycle,,26.75,OPS-257
2026-05-04,B000262,YWG2,287,287,Cycle,,79.31,OPS-404
2026-05-04,B000272,YVR2,27,27,Cycle,,5.34,OPS-142
2026-05-04,B000344,YEG3,51,51,Exception,,25.74,OPS-273
2026-05-04,B000394,YHZ1,352,352,Full,,19.24,OPS-105
2026-05-04,B000405,YVR2,135,135,Cycle,,81.28,OPS-253
2026-05-04,B000413,YWG2,1,1,Cycle,,27.73,OPS-379
2026-05-05,B000046,YYZ4,148,148,Cycle,,14.59,OPS-447
2026-05-05,B000122,YUL5,281,281,Cycle,,13.42,OPS-245
2026-05-05,B000143,YEG3,49,49,Cycle,,6.49,OPS-210
2026-05-05,B000147,YEG3,6,6,Cycle,,34.39,OPS-448
2026-05-05,B000153,YEG3,119,119,Cycle,,9.61,OPS-235
2026-05-05,B000195,YYZ4,31,31,Cycle,,6.65,OPS-380
2026-05-05,B000269,YYC1,7,7,Cycle,,2.24,OPS-314
2026-05-05,B000288,YWG2,17,17,Exception,,9.3,OPS-284
2026-05-05,B000312,YWG2,17,19,Cycle,Unrecorded return,11.5,OPS-406
2026-05-05,B000339,YVR2,88,88,Exception,,17.86,OPS-299
2026-05-05,B000347,YYZ4,261,261,Cycle,,8.39,OPS-354
2026-05-05,B000382,YYC1,160,160,Cycle,,9.75,OPS-313
2026-05-06,B000013,YYZ4,1310,1310,Cycle,,7.12,OPS-227
2026-05-06,B000030,YUL5,122,122,Cycle,,26.33,OPS-210
2026-05-06,B000064,YVR2,45,45,Cycle,,40.08,OPS-284
2026-05-06,B000084,YYC1,514,514,Cycle,,10.08,OPS-208
2026-05-06,B000123,YUL5,20,20,Cycle,,11.77,OPS-349
2026-05-06,B000183,YYZ4,15,15,Cycle,,21.45,OPS-230
2026-05-06,B000197,YYZ4,37,37,Cycle,,7.26,OPS-178
2026-05-06,B000199,YWG2,34,34,Cycle,,17.21,OPS-334
2026-05-06,B000220,YYZ4,530,530,Cycle,,19.35,OPS-156
2026-05-06,B000222,YVR2,47,47,Cycle,,12.18,OPS-275
2026-05-06,B000229,YYC1,38,38,Cycle,,69.87,OPS-431
2026-05-06,B000313,YWG2,204,222,Cycle,System timing,19.4,OPS-136
2026-05-06,B000324,YYC1,15,15,Cycle,,50.1,OPS-284
2026-05-06,B000360,YYZ4,205,205,Full,,13.52,OPS-196
2026-05-07,B000101,YUL5,59,59,Cycle,,32.63,OPS-123
2026-05-07,B000142,YVR2,53,53,Cycle,,12.57,OPS-228
2026-05-07,B000144,YUL5,326,326,Cycle,,16.5,OPS-279
2026-05-07,B000147,YYZ4,53,53,Cycle,,34.39,OPS-323
2026-05-07,B000172,YYZ4,18,16,Cycle,Receiving error,5.51,OPS-116
2026-05-07,B000175,YHZ1,228,228,Cycle,,13.44,OPS-187
2026-05-07,B000182,YYC1,261,261,Cycle,,8.68,OPS-262
2026-05-07,B000203,YVR2,9,9,Cycle,,5.75,OPS-402
2026-05-07,B000234,YHZ1,13,13,Cycle,,68.84,OPS-174
2026-05-07,B000235,YVR2,24,24,Cycle,,59.11,OPS-353
2026-05-07,B000250,YYZ4,47,47,Cycle,,3.15,OPS-151
2026-05-07,B000259,YYC1,93,93,Cycle,,17.17,OPS-277
2026-05-07,B000271,YVR2,450,450,Cycle,,23.34,OPS-305
2026-05-07,B000301,YYZ4,226,226,Cycle,,37.32,OPS-339
2026-05-07,B000315,YUL5,139,139,Cycle,,68.19,OPS-145
2026-05-07,B000315,YYZ4,451,451,Cycle,,68.19,OPS-213
2026-05-07,B000348,YYZ4,573,573,Cycle,,9.96,OPS-254
2026-05-07,B000372,YUL5,18,18,Cycle,,17.44,OPS-137
2026-05-07,B000382,YUL5,318,318,Cycle,,9.75,OPS-185
2026-05-07,B000391,YYC1,50,50,Cycle,,28.53,OPS-338
2026-05-07,B000391,YYZ4,34,34,Cycle,,28.53,OPS-402
2026-05-07,B000400,YYZ4,11,11,Cycle,,7.68,OPS-284
2026-05-08,B000025,YVR2,18,18,Cycle,,34.44,OPS-373
2026-05-08,B000029,YWG2,9,9,Cycle,,12.43,OPS-214
2026-05-08,B000041,YYZ4,68,68,Cycle,,14.4,OPS-373
2026-05-08,B000094,YYC1,414,414,Cycle,,14.88,OPS-431
2026-05-08,B000123,YUL5,27,27,Exception,,11.77,OPS-230
2026-05-08,B000151,YYC1,136,136,Cycle,,10.75,OPS-308
2026-05-08,B000242,YYC1,125,125,Cycle,,7.44,OPS-376
2026-05-08,B000254,YUL5,323,323,Cycle,,7.63,OPS-279
2026-05-08,B000296,YYZ4,35,35,Cycle,,28.09,OPS-419
2026-05-08,B000327,YVR2,6,6,Cycle,,45.86,OPS-335
2026-05-08,B000330,YYC1,85,85,Cycle,,34.27,OPS-321
2026-05-08,B000336,YVR2,165,165,Full,,61.89,OPS-220
2026-05-08,B000364,YEG3,57,57,Cycle,,60.7,OPS-399
2026-05-08,B000372,YHZ1,54,46,Exception,Damage not recorded,17.44,OPS-416
2026-05-08,B000392,YVR2,2333,2333,Exception,,42.02,OPS-391
2026-05-08,B000410,YYZ4,45,45,Cycle,,31.02,OPS-271
2026-05-09,B000017,YEG3,1514,1514,Cycle,,37.04,OPS-353
2026-05-09,B000046,YYZ4,209,209,Cycle,,14.59,OPS-419
2026-05-09,B000051,YYZ4,149,149,Cycle,,17.69,OPS-352
2026-05-09,B000056,YYZ4,1723,1673,Cycle,Receiving error,224.05,OPS-224
2026-05-09,B000060,YYZ4,16,16,Cycle,,14.56,OPS-353
2026-05-09,B000074,YYZ4,146,146,Cycle,,11.14,OPS-284
2026-05-09,B000086,YYZ4,71,71,Cycle,,8.8,OPS-268
2026-05-09,B000100,YYZ4,112,112,Cycle,,2.0,OPS-303
2026-05-09,B000174,YVR2,29,29,Cycle,,29.82,OPS-204
2026-05-09,B000206,YYZ4,70,64,Cycle,Put-away to wrong bin,15.92,OPS-267
2026-05-09,B000218,YYZ4,53,53,Full,,3.34,OPS-247
2026-05-09,B000228,YYZ4,182,182,Cycle,,51.13,OPS-311
2026-05-09,B000257,YUL5,675,675,Cycle,,12.7,OPS-327
2026-05-09,B000286,YEG3,35,35,Cycle,,43.29,OPS-441
2026-05-09,B000327,YYZ4,8,8,Exception,,45.86,OPS-191
2026-05-09,B000358,YUL5,160,160,Cycle,,85.05,OPS-383
2026-05-09,B000393,YEG3,25,25,Cycle,,36.15,OPS-198
2026-05-09,B000412,YVR2,72,72,Cycle,,5.35,OPS-311
2026-05-10,B000003,YUL5,140,140,Cycle,,116.68,OPS-433
2026-05-10,B000014,YVR2,44,44,Cycle,,22.31,OPS-248
2026-05-10,B000036,YUL5,133,133,Cycle,,29.55,OPS-101
2026-05-10,B000036,YYZ4,45,45,Cycle,,29.55,OPS-423
2026-05-10,B000040,YYZ4,315,315,Cycle,,78.85,OPS-205
2026-05-10,B000044,YWG2,24,24,Cycle,,49.42,OPS-328
2026-05-10,B000084,YYC1,784,784,Cycle,,10.08,OPS-276
2026-05-10,B000096,YYZ4,6,6,Cycle,,125.28,OPS-213
2026-05-10,B000178,YEG3,128,128,Exception,,27.42,OPS-389
2026-05-10,B000182,YYZ4,526,526,Cycle,,8.68,OPS-346
2026-05-10,B000201,YYZ4,258,258,Cycle,,40.84,OPS-340
2026-05-10,B000242,YYC1,64,64,Cycle,,7.44,OPS-420
2026-05-10,B000247,YYZ4,31,31,Cycle,,29.87,OPS-439
2026-05-10,B000250,YHZ1,11,11,Cycle,,3.15,OPS-404
2026-05-10,B000315,YEG3,33,33,Cycle,,68.19,OPS-426
2026-05-10,B000323,YVR2,13,13,Exception,,11.42,OPS-123
2026-05-10,B000348,YUL5,566,566,Cycle,,9.96,OPS-273
2026-05-10,B000351,YVR2,135,135,Cycle,,7.71,OPS-177
2026-05-10,B000390,YUL5,86,86,Cycle,,10.78,OPS-427
2026-05-10,B000415,YWG2,48,48,Cycle,,8.41,OPS-255
2026-05-11,B000036,YYC1,2,2,Cycle,,29.55,OPS-216
2026-05-11,B000099,YHZ1,250,250,Cycle,,120.32,OPS-451
2026-05-11,B000120,YYZ4,42,42,Cycle,,22.08,OPS-276
2026-05-11,B000146,YVR2,4,4,Cycle,,22.0,OPS-292
2026-05-11,B000171,YWG2,41,41,Cycle,,99.79,OPS-205
2026-05-11,B000283,YYC1,237,237,Exception,,5.71,OPS-216
2026-05-11,B000290,YWG2,27,27,Cycle,,2.29,OPS-183
2026-05-11,B000333,YUL5,218,218,Cycle,,53.66,OPS-287
2026-05-11,B000366,YWG2,56,56,Cycle,,36.73,OPS-270
2026-05-11,B000401,YHZ1,271,271,Cycle,,26.64,OPS-200
2026-05-12,B000007,YUL5,7737,7737,Cycle,,5.45,OPS-266
2026-05-12,B000016,YYC1,282,282,Cycle,,22.7,OPS-262
2026-05-12,B000037,YYZ4,11,11,Cycle,,22.46,OPS-246
2026-05-12,B000039,YYZ4,20,20,Cycle,,19.83,OPS-233
2026-05-12,B000103,YYZ4,22,22,Cycle,,12.96,OPS-367
2026-05-12,B000128,YHZ1,1055,1055,Cycle,,12.39,OPS-320
2026-05-12,B000202,YUL5,562,562,Cycle,,26.75,OPS-404
2026-05-12,B000224,YVR2,70,70,Cycle,,5.13,OPS-304
2026-05-12,B000233,YEG3,39,39,Cycle,,30.93,OPS-427
2026-05-12,B000236,YUL5,484,484,Exception,,6.13,OPS-115
2026-05-12,B000262,YEG3,261,261,Cycle,,79.31,OPS-397
2026-05-12,B000291,YVR2,18,18,Cycle,,17.87,OPS-186
2026-05-12,B000294,YHZ1,77,77,Cycle,,42.52,OPS-404
2026-05-12,B000378,YHZ1,269,269,Exception,,9.25,OPS-253
2026-05-12,B000402,YYZ4,153,153,Cycle,,12.23,OPS-151
2026-05-13,B000000,YYZ4,37,37,Cycle,,5.35,OPS-429
2026-05-13,B000010,YUL5,174,174,Cycle,,22.5,OPS-272
2026-05-13,B000047,YYZ4,1188,1188,Cycle,,63.07,OPS-338
2026-05-13,B000070,YYC1,68,68,Cycle,,8.73,OPS-413
2026-05-13,B000075,YYZ4,494,488,Cycle,Mis-pick,56.39,OPS-368
2026-05-13,B000082,YEG3,464,464,Exception,,43.59,OPS-276
2026-05-13,B000150,YUL5,15,15,Cycle,,2.47,OPS-261
2026-05-13,B000163,YEG3,81,81,Cycle,,17.6,OPS-329
2026-05-13,B000164,YHZ1,126,126,Cycle,,52.28,OPS-206
2026-05-13,B000170,YYZ4,27,27,Cycle,,6.35,OPS-107
2026-05-13,B000174,YYZ4,457,457,Exception,,29.82,OPS-281
2026-05-13,B000231,YYZ4,182,182,Cycle,,17.01,OPS-317
2026-05-13,B000301,YUL5,229,229,Cycle,,37.32,OPS-445
2026-05-13,B000341,YWG2,11,11,Cycle,,57.14,OPS-333
2026-05-13,B000369,YYZ4,117,117,Cycle,,12.66,OPS-302
2026-05-13,B000380,YYZ4,154,154,Exception,,31.53,OPS-147
2026-05-13,B000382,YHZ1,406,406,Cycle,,9.75,OPS-418
2026-05-13,B000382,YVR2,158,158,Cycle,,9.75,OPS-260
2026-05-13,B000389,YYC1,19,19,Exception,,28.39,OPS-143
2026-05-14,B000054,YYZ4,11,11,Cycle,,12.38,OPS-385
2026-05-14,B000070,YVR2,711,711,Cycle,,8.73,OPS-320
2026-05-14,B000091,YYC1,15,15,Cycle,,40.85,OPS-279
2026-05-14,B000108,YHZ1,209,209,Cycle,,27.52,OPS-318
2026-05-14,B000108,YHZ1,269,269,Cycle,,27.52,OPS-367
2026-05-14,B000182,YYZ4,953,953,Cycle,,8.68,OPS-300
2026-05-14,B000349,YYZ4,187,187,Exception,,53.59,OPS-422
2026-05-15,B000014,YEG3,333,333,Cycle,,22.31,OPS-160
2026-05-15,B000082,YEG3,271,271,Cycle,,43.59,OPS-139
2026-05-15,B000194,YEG3,6,6,Cycle,,12.16,OPS-138
2026-05-15,B000244,YWG2,175,175,Cycle,,31.25,OPS-394
2026-05-15,B000261,YVR2,191,191,Cycle,,61.04,OPS-173
2026-05-15,B000263,YYZ4,276,276,Cycle,,50.34,OPS-186
2026-05-15,B000267,YUL5,294,294,Cycle,,35.69,OPS-287
2026-05-15,B000314,YUL5,227,227,Cycle,,39.46,OPS-371
2026-05-15,B000344,YUL5,294,294,Exception,,25.74,OPS-321
2026-05-15,B000374,YYZ4,19,19,Cycle,,10.68,OPS-138
2026-05-15,B000382,YYC1,179,179,Cycle,,9.75,OPS-196
2026-05-16,B000076,YYZ4,46,46,Cycle,,31.77,OPS-395
2026-05-16,B000090,YWG2,87,87,Full,,30.31,OPS-345
2026-05-16,B000116,YWG2,117,116,Exception,Put-away to wrong bin,59.9,OPS-255
2026-05-16,B000135,YYZ4,189,189,Cycle,,13.09,OPS-328
2026-05-16,B000161,YVR2,123,123,Cycle,,20.9,OPS-372
2026-05-16,B000181,YYC1,338,338,Cycle,,54.45,OPS-351
2026-05-16,B000182,YYZ4,871,871,Cycle,,8.68,OPS-177
2026-05-16,B000220,YVR2,410,410,Cycle,,19.35,OPS-371
2026-05-16,B000259,YWG2,170,170,Cycle,,17.17,OPS-439
2026-05-16,B000334,YYZ4,16,16,Cycle,,8.22,OPS-177
2026-05-16,B000383,YYC1,201,201,Cycle,,12.08,OPS-411
2026-05-16,B000384,YYZ4,204,204,Exception,,152.21,OPS-159
2026-05-16,B000393,YHZ1,21,21,Cycle,,36.15,OPS-225
2026-05-16,B000403,YUL5,283,283,Cycle,,32.5,OPS-362
2026-05-17,B000015,YEG3,21,21,Cycle,,3.74,OPS-280
2026-05-17,B000051,YYZ4,144,144,Cycle,,17.69,OPS-285
2026-05-17,B000085,YYC1,89,89,Exception,,85.16,OPS-404
2026-05-17,B000096,YUL5,44,38,Cycle,Put-away to wrong bin,125.28,OPS-386
2026-05-17,B000102,YUL5,77,77,Cycle,,4.23,OPS-188
2026-05-17,B000146,YYZ4,108,108,Cycle,,22.0,OPS-319
2026-05-17,B000178,YEG3,83,83,Full,,27.42,OPS-141
2026-05-17,B000188,YHZ1,3,3,Exception,,8.95,OPS-325
2026-05-17,B000190,YUL5,1009,1009,Cycle,,24.81,OPS-257
2026-05-17,B000191,YYZ4,2,2,Cycle,,12.14,OPS-454
2026-05-17,B000235,YVR2,35,35,Exception,,59.11,OPS-438
2026-05-17,B000262,YEG3,113,113,Exception,,79.31,OPS-360
2026-05-17,B000262,YUL5,230,230,Cycle,,79.31,OPS-318
2026-05-17,B000295,YVR2,12,12,Exception,,18.76,OPS-287
2026-05-17,B000312,YWG2,20,20,Cycle,,11.5,OPS-118
2026-05-17,B000320,YVR2,6,6,Cycle,,15.12,OPS-217
2026-05-17,B000332,YYZ4,143,143,Cycle,,37.15,OPS-386
2026-05-17,B000405,YHZ1,669,669,Full,,81.28,OPS-181
2026-05-18,B000111,YUL5,41,41,Cycle,,11.26,OPS-274
2026-05-18,B000140,YYC1,30,30,Cycle,,5.15,OPS-218
2026-05-18,B000182,YYZ4,647,647,Cycle,,8.68,OPS-212
2026-05-18,B000188,YHZ1,4,4,Cycle,,8.95,OPS-254
2026-05-18,B000188,YYZ4,36,36,Cycle,,8.95,OPS-400
2026-05-18,B000254,YYZ4,388,388,Cycle,,7.63,OPS-364
2026-05-18,B000312,YYC1,64,63,Cycle,Put-away to wrong bin,11.5,OPS-334
2026-05-18,B000351,YWG2,91,91,Cycle,,7.71,OPS-330
2026-05-18,B000378,YEG3,432,432,Exception,,9.25,OPS-312
2026-05-18,B000401,YUL5,79,79,Cycle,,26.64,OPS-399
2026-05-19,B000007,YYC1,138,138,Cycle,,5.45,OPS-111
2026-05-19,B000025,YVR2,10,10,Cycle,,34.44,OPS-220
2026-05-19,B000082,YVR2,1172,1172,Cycle,,43.59,OPS-458
2026-05-19,B000082,YYC1,361,361,Cycle,,43.59,OPS-449
2026-05-19,B000088,YUL5,50,56,Cycle,Mis-pick,22.27,OPS-274
2026-05-19,B000109,YYC1,34,34,Cycle,,27.2,OPS-149
2026-05-19,B000153,YHZ1,163,163,Cycle,,9.61,OPS-419
2026-05-19,B000183,YYZ4,9,9,Cycle,,21.45,OPS-382
2026-05-19,B000197,YYZ4,38,38,Cycle,,7.26,OPS-241
2026-05-19,B000238,YYZ4,140,140,Cycle,,33.37,OPS-108
2026-05-19,B000298,YUL5,103,103,Cycle,,39.04,OPS-370
2026-05-19,B000316,YUL5,7,7,Cycle,,11.05,OPS-108
2026-05-19,B000318,YYC1,48,48,Cycle,,27.75,OPS-142
2026-05-19,B000400,YYC1,30,30,Cycle,,7.68,OPS-230
2026-05-20,B000007,YEG3,980,980,Cycle,,5.45,OPS-176
2026-05-20,B000027,YYZ4,171,171,Cycle,,12.44,OPS-173
2026-05-20,B000082,YEG3,443,443,Cycle,,43.59,OPS-349
2026-05-20,B000091,YYC1,11,11,Cycle,,40.85,OPS-330
2026-05-20,B000115,YUL5,280,280,Cycle,,32.44,OPS-216
2026-05-20,B000174,YUL5,280,280,Full,,29.82,OPS-141
2026-05-20,B000182,YYZ4,645,645,Cycle,,8.68,OPS-267
2026-05-20,B000185,YEG3,83,83,Cycle,,23.78,OPS-375
2026-05-20,B000195,YVR2,2,2,Cycle,,6.65,OPS-408
2026-05-20,B000211,YUL5,276,276,Cycle,,42.79,OPS-136
2026-05-20,B000262,YWG2,197,197,Cycle,,79.31,OPS-315
2026-05-20,B000314,YWG2,158,156,Cycle,Put-away to wrong bin,39.46,OPS-204
2026-05-20,B000319,YHZ1,44,44,Cycle,,45.53,OPS-222
2026-05-20,B000344,YUL5,243,243,Cycle,,25.74,OPS-248
2026-05-20,B000368,YUL5,34,30,Exception,Mis-pick,45.85,OPS-257
2026-05-20,B000372,YYZ4,147,147,Cycle,,17.44,OPS-208
2026-05-21,B000012,YVR2,57,57,Cycle,,9.46,OPS-450
2026-05-21,B000024,YWG2,17,17,Cycle,,24.8,OPS-193
2026-05-21,B000046,YYZ4,277,277,Cycle,,14.59,OPS-320
2026-05-21,B000051,YUL5,33,33,Cycle,,17.69,OPS-300
2026-05-21,B000095,YUL5,117,117,Cycle,,4.5,OPS-439
2026-05-21,B000115,YYC1,146,146,Exception,,32.44,OPS-107
2026-05-21,B000158,YUL5,6,6,Cycle,,23.4,OPS-155
2026-05-21,B000171,YUL5,50,50,Cycle,,99.79,OPS-220
2026-05-21,B000171,YYC1,215,215,Cycle,,99.79,OPS-264
2026-05-21,B000205,YYZ4,261,261,Cycle,,6.57,OPS-412
2026-05-21,B000311,YWG2,303,303,Cycle,,23.78,OPS-337
2026-05-21,B000330,YYC1,94,94,Cycle,,34.27,OPS-220
2026-05-21,B000359,YYZ4,115,115,Cycle,,69.57,OPS-113
2026-05-21,B000361,YYZ4,98,98,Cycle,,25.9,OPS-411
2026-05-21,B000375,YUL5,382,382,Exception,,81.72,OPS-368
2026-05-21,B000382,YWG2,56,56,Full,,9.75,OPS-336
2026-05-22,B000003,YUL5,191,191,Cycle,,116.68,OPS-404
2026-05-22,B000003,YUL5,270,270,Cycle,,116.68,OPS-376
2026-05-22,B000064,YYZ4,184,184,Cycle,,40.08,OPS-390
2026-05-22,B000087,YYZ4,63,63,Cycle,,35.54,OPS-194
2026-05-22,B000109,YWG2,13,13,Cycle,,27.2,OPS-255
2026-05-22,B000115,YYZ4,316,316,Cycle,,32.44,OPS-288
2026-05-22,B000132,YWG2,10,10,Cycle,,36.4,OPS-150
2026-05-22,B000139,YYZ4,10,10,Cycle,,53.47,OPS-251
2026-05-22,B000148,YWG2,90,90,Cycle,,21.53,OPS-320
2026-05-22,B000163,YYC1,45,45,Cycle,,17.6,OPS-410
2026-05-22,B000185,YHZ1,145,145,Cycle,,23.78,OPS-239
2026-05-22,B000198,YHZ1,16,16,Full,,27.58,OPS-372
2026-05-22,B000202,YVR2,424,424,Full,,26.75,OPS-400
2026-05-22,B000216,YVR2,60,60,Exception,,49.89,OPS-296
2026-05-22,B000232,YYZ4,74,74,Cycle,,7.58,OPS-291
2026-05-22,B000288,YYZ4,315,315,Cycle,,9.3,OPS-227
2026-05-22,B000419,YYZ4,104,104,Exception,,34.2,OPS-130
2026-05-23,B000008,YUL5,160,160,Cycle,,3.7,OPS-145
2026-05-23,B000027,YYZ4,116,116,Cycle,,12.44,OPS-402
2026-05-23,B000043,YVR2,36,36,Cycle,,81.24,OPS-264
2026-05-23,B000056,YWG2,409,409,Cycle,,224.05,OPS-220
2026-05-23,B000064,YVR2,95,95,Cycle,,40.08,OPS-179
2026-05-23,B000098,YHZ1,219,219,Cycle,,13.55,OPS-353
2026-05-23,B000122,YWG2,44,44,Exception,,13.42,OPS-127
2026-05-23,B000134,YWG2,120,120,Cycle,,17.14,OPS-201
2026-05-23,B000154,YWG2,225,225,Cycle,,6.27,OPS-353
2026-05-23,B000188,YYZ4,23,23,Cycle,,8.95,OPS-457
2026-05-23,B000198,YHZ1,16,16,Cycle,,27.58,OPS-152
2026-05-23,B000218,YYZ4,51,51,Cycle,,3.34,OPS-431
2026-05-23,B000243,YYZ4,186,186,Cycle,,45.01,OPS-100
2026-05-23,B000275,YYZ4,2,2,Full,,27.48,OPS-339
2026-05-23,B000282,YUL5,156,156,Cycle,,55.18,OPS-109
2026-05-23,B000285,YYZ4,38,38,Cycle,,99.56,OPS-247
2026-05-23,B000336,YEG3,102,96,Cycle,Receiving error,61.89,OPS-211
2026-05-23,B000339,YYC1,88,88,Cycle,,17.86,OPS-202
2026-05-23,B000345,YHZ1,123,123,Exception,,58.25,OPS-115
2026-05-23,B000396,YUL5,69,69,Exception,,39.28,OPS-403
2026-05-24,B000015,YEG3,24,24,Cycle,,3.74,OPS-155
2026-05-24,B000047,YUL5,6,6,Full,,63.07,OPS-437
2026-05-24,B000073,YYZ4,28,28,Cycle,,4.65,OPS-310
2026-05-24,B000086,YUL5,45,45,Cycle,,8.8,OPS-234
2026-05-24,B000093,YYC1,42,42,Cycle,,3.57,OPS-242
2026-05-24,B000099,YYZ4,298,298,Cycle,,120.32,OPS-144
2026-05-24,B000102,YEG3,14,14,Cycle,,4.23,OPS-337
2026-05-24,B000126,YYZ4,391,391,Cycle,,5.33,OPS-416
2026-05-24,B000138,YYZ4,17,17,Cycle,,25.11,OPS-359
2026-05-24,B000146,YVR2,3,3,Cycle,,22.0,OPS-234
2026-05-24,B000155,YYZ4,47,47,Cycle,,16.62,OPS-430
2026-05-24,B000175,YEG3,175,175,Cycle,,13.44,OPS-425
2026-05-24,B000178,YUL5,79,79,Exception,,27.42,OPS-376
2026-05-24,B000212,YHZ1,108,108,Cycle,,38.08,OPS-197
2026-05-24,B000222,YYZ4,117,117,Cycle,,12.18,OPS-399
2026-05-24,B000245,YYZ4,1209,1209,Cycle,,2.38,OPS-418
2026-05-24,B000272,YVR2,31,31,Cycle,,5.34,OPS-234
2026-05-24,B000379,YVR2,2121,2121,Cycle,,6.69,OPS-458
2026-05-24,B000379,YYZ4,738,738,Cycle,,6.69,OPS-270
2026-05-24,B000385,YUL5,168,168,Cycle,,19.7,OPS-220
2026-05-24,B000394,YVR2,298,298,Cycle,,19.24,OPS-248
2026-05-24,B000401,YUL5,152,152,Cycle,,26.64,OPS-260
2026-05-25,B000022,YYC1,152,164,Cycle,Receiving error,23.15,OPS-270
2026-05-25,B000025,YVR2,16,16,Cycle,,34.44,OPS-337
2026-05-25,B000068,YYZ4,118,118,Full,,53.46,OPS-143
2026-05-25,B000071,YVR2,115,115,Exception,,52.68,OPS-254
2026-05-25,B000096,YYZ4,10,10,Cycle,,125.28,OPS-157
2026-05-25,B000140,YYZ4,75,75,Exception,,5.15,OPS-397
2026-05-25,B000146,YWG2,21,21,Cycle,,22.0,OPS-162
2026-05-25,B000152,YYC1,123,123,Cycle,,28.18,OPS-384
2026-05-25,B000211,YYZ4,261,261,Cycle,,42.79,OPS-454
2026-05-25,B000231,YYZ4,148,141,Cycle,Receiving error,17.01,OPS-107
2026-05-25,B000254,YHZ1,83,83,Cycle,,7.63,OPS-140
2026-05-25,B000259,YEG3,267,267,Cycle,,17.17,OPS-325
2026-05-25,B000274,YEG3,68,68,Cycle,,20.72,OPS-221
2026-05-25,B000313,YYZ4,3016,3016,Cycle,,19.4,OPS-199
2026-05-25,B000367,YYZ4,84,84,Cycle,,4.19,OPS-121
2026-05-26,B000007,YUL5,9322,9322,Full,,5.45,OPS-316
2026-05-26,B000048,YUL5,170,170,Cycle,,31.84,OPS-267
2026-05-26,B000071,YVR2,234,234,Cycle,,52.68,OPS-246
2026-05-26,B000087,YYZ4,107,107,Exception,,35.54,OPS-433
2026-05-26,B000115,YYC1,123,123,Cycle,,32.44,OPS-363
2026-05-26,B000153,YWG2,125,112,Cycle,Receiving error,9.61,OPS-176
2026-05-26,B000161,YEG3,81,81,Cycle,,20.9,OPS-115
2026-05-26,B000169,YUL5,140,140,Cycle,,31.28,OPS-455
2026-05-26,B000215,YHZ1,67,67,Cycle,,17.08,OPS-300
2026-05-26,B000293,YHZ1,29,29,Exception,,14.75,OPS-347
2026-05-26,B000299,YYZ4,262,262,Cycle,,8.34,OPS-264
2026-05-26,B000354,YYC1,52,52,Cycle,,3.98,OPS-170
2026-05-26,B000388,YWG2,71,71,Cycle,,19.55,OPS-392
2026-05-26,B000408,YVR2,181,181,Cycle,,43.76,OPS-202
2026-05-26,B000409,YHZ1,38,38,Cycle,,15.72,OPS-422
2026-05-27,B000005,YYC1,7,7,Cycle,,11.5,OPS-321
2026-05-27,B000090,YYC1,547,547,Cycle,,30.31,OPS-402
2026-05-27,B000136,YUL5,1,1,Cycle,,38.25,OPS-301
2026-05-27,B000138,YVR2,13,13,Cycle,,25.11,OPS-275
2026-05-27,B000169,YEG3,30,30,Cycle,,31.28,OPS-104
2026-05-27,B000173,YYZ4,64,64,Cycle,,20.12,OPS-384
2026-05-27,B000266,YUL5,60,60,Exception,,77.37,OPS-389
2026-05-27,B000288,YVR2,65,65,Cycle,,9.3,OPS-126
2026-05-27,B000295,YVR2,8,8,Cycle,,18.76,OPS-449
2026-05-27,B000308,YHZ1,15,15,Cycle,,10.93,OPS-153
2026-05-27,B000309,YUL5,190,190,Cycle,,6.6,OPS-312
2026-05-27,B000343,YYZ4,521,521,Cycle,,128.75,OPS-447
2026-05-27,B000348,YYZ4,551,551,Exception,,9.96,OPS-261
2026-05-27,B000390,YHZ1,21,21,Exception,,10.78,OPS-267
2026-05-27,B000392,YYC1,2158,2158,Cycle,,42.02,OPS-287
2026-05-28,B000036,YUL5,113,113,Exception,,29.55,OPS-112
2026-05-28,B000044,YYC1,213,213,Cycle,,49.42,OPS-120
2026-05-28,B000046,YEG3,190,190,Cycle,,14.59,OPS-268
2026-05-28,B000050,YYZ4,190,190,Cycle,,10.46,OPS-103
2026-05-28,B000068,YYZ4,94,94,Cycle,,53.46,OPS-114
2026-05-28,B000084,YEG3,200,200,Exception,,10.08,OPS-371
2026-05-28,B000092,YUL5,10,10,Cycle,,37.96,OPS-318
2026-05-28,B000107,YYZ4,98,98,Cycle,,6.42,OPS-264
2026-05-28,B000137,YEG3,96,96,Cycle,,104.11,OPS-407
2026-05-28,B000175,YHZ1,205,205,Cycle,,13.44,OPS-372
2026-05-28,B000298,YHZ1,71,71,Full,,39.04,OPS-320
2026-05-28,B000369,YVR2,45,45,Cycle,,12.66,OPS-458
2026-05-28,B000374,YYZ4,19,19,Cycle,,10.68,OPS-344
2026-05-28,B000386,YYZ4,8,8,Cycle,,3.34,OPS-367
2026-05-28,B000401,YHZ1,280,280,Cycle,,26.64,OPS-387
2026-05-29,B000006,YYZ4,158,158,Cycle,,10.47,OPS-142
2026-05-29,B000046,YYC1,241,241,Cycle,,14.59,OPS-198
2026-05-29,B000134,YWG2,159,159,Cycle,,17.14,OPS-357
2026-05-29,B000148,YVR2,13,13,Cycle,,21.53,OPS-369
2026-05-29,B000163,YYC1,24,24,Cycle,,17.6,OPS-181
2026-05-29,B000167,YUL5,45,45,Cycle,,7.6,OPS-119
2026-05-29,B000171,YYC1,195,195,Cycle,,99.79,OPS-188
2026-05-29,B000177,YUL5,194,194,Cycle,,2.41,OPS-215
2026-05-29,B000177,YYC1,1,1,Cycle,,2.41,OPS-376
2026-05-29,B000328,YYZ4,121,121,Exception,,28.33,OPS-197
2026-05-29,B000383,YVR2,81,81,Cycle,,12.08,OPS-171
2026-05-29,B000402,YUL5,297,297,Cycle,,12.23,OPS-344
2026-05-29,B000412,YYZ4,253,253,Full,,5.35,OPS-133
2026-05-30,B000011,YYZ4,10,10,Full,,29.3,OPS-255
2026-05-30,B000030,YYZ4,175,175,Exception,,26.33,OPS-383
2026-05-30,B000032,YWG2,180,180,Cycle,,10.45,OPS-321
2026-05-30,B000037,YEG3,7,7,Cycle,,22.46,OPS-401
2026-05-30,B000067,YHZ1,92,92,Cycle,,26.62,OPS-207
2026-05-30,B000169,YUL5,177,177,Cycle,,31.28,OPS-282
2026-05-30,B000209,YYC1,47,47,Exception,,40.77,OPS-235
2026-05-30,B000221,YYZ4,315,315,Cycle,,45.14,OPS-331
2026-05-30,B000283,YVR2,398,398,Cycle,,5.71,OPS-233
2026-05-30,B000287,YVR2,67,67,Cycle,,94.57,OPS-431
2026-05-30,B000299,YYZ4,336,336,Cycle,,8.34,OPS-362
2026-05-30,B000335,YHZ1,12,12,Cycle,,57.26,OPS-409
2026-05-30,B000349,YVR2,264,264,Cycle,,53.59,OPS-112
2026-05-30,B000394,YYZ4,582,582,Cycle,,19.24,OPS-326
2026-05-30,B000407,YVR2,98,98,Cycle,,13.84,OPS-284
2026-05-31,B000016,YYC1,260,260,Cycle,,22.7,OPS-144
2026-05-31,B000064,YVR2,72,72,Cycle,,40.08,OPS-321
2026-05-31,B000086,YHZ1,12,12,Cycle,,8.8,OPS-125
2026-05-31,B000169,YEG3,19,19,Cycle,,31.28,OPS-272
2026-05-31,B000178,YHZ1,205,205,Exception,,27.42,OPS-109
2026-05-31,B000192,YYC1,10,10,Cycle,,35.26,OPS-372
2026-05-31,B000224,YVR2,82,82,Cycle,,5.13,OPS-179
2026-05-31,B000261,YHZ1,444,444,Cycle,,61.04,OPS-116
2026-05-31,B000288,YYZ4,590,590,Cycle,,9.3,OPS-215
2026-05-31,B000298,YVR2,193,193,Cycle,,39.04,OPS-441
2026-05-31,B000418,YYZ4,32,32,Cycle,,20.14,OPS-340
2026-06-01,B000000,YYZ4,56,56,Cycle,,5.35,OPS-348
2026-06-01,B000003,YYZ4,762,762,Cycle,,116.68,OPS-214
2026-06-01,B000029,YYC1,41,41,Cycle,,12.43,OPS-373
2026-06-01,B000073,YYZ4,59,59,Exception,,4.65,OPS-161
2026-06-01,B000101,YUL5,32,32,Cycle,,32.63,OPS-275
2026-06-01,B000122,YEG3,276,276,Cycle,,13.42,OPS-340
2026-06-01,B000205,YYZ4,233,233,Cycle,,6.57,OPS-159
2026-06-01,B000216,YYZ4,94,94,Cycle,,49.89,OPS-104
2026-06-01,B000216,YYZ4,61,61,Cycle,,49.89,OPS-365
2026-06-01,B000241,YYC1,167,167,Cycle,,43.91,OPS-268
2026-06-01,B000256,YHZ1,7,7,Cycle,,17.41,OPS-432
2026-06-01,B000335,YYZ4,878,878,Cycle,,57.26,OPS-286
2026-06-01,B000346,YYC1,264,264,Full,,26.44,OPS-299
2026-06-01,B000378,YUL5,2672,2672,Cycle,,9.25,OPS-294
2026-06-01,B000380,YVR2,175,175,Cycle,,31.53,OPS-122
2026-06-01,B000390,YUL5,94,94,Cycle,,10.78,OPS-284
2026-06-02,B000001,YYZ4,11,11,Cycle,,32.03,OPS-145
2026-06-02,B000003,YVR2,392,392,Cycle,,116.68,OPS-361
2026-06-02,B000010,YYC1,65,65,Full,,22.5,OPS-108
2026-06-02,B000014,YEG3,151,151,Cycle,,22.31,OPS-404
2026-06-02,B000014,YVR2,56,56,Cycle,,22.31,OPS-211
2026-06-02,B000056,YYZ4,1110,1110,Cycle,,224.05,OPS-391
2026-06-02,B000132,YEG3,67,67,Cycle,,36.4,OPS-280
2026-06-02,B000156,YWG2,122,122,Cycle,,14.32,OPS-194
2026-06-02,B000159,YHZ1,118,118,Cycle,,5.08,OPS-378
2026-06-02,B000185,YEG3,95,95,Cycle,,23.78,OPS-163
2026-06-02,B000259,YYZ4,268,268,Cycle,,17.17,OPS-301
2026-06-02,B000262,YUL5,315,315,Cycle,,79.31,OPS-267
2026-06-02,B000271,YYC1,534,534,Cycle,,23.34,OPS-320
2026-06-02,B000298,YEG3,308,308,Cycle,,39.04,OPS-428
2026-06-02,B000298,YHZ1,80,80,Cycle,,39.04,OPS-393
2026-06-02,B000328,YWG2,10,10,Cycle,,28.33,OPS-334
2026-06-02,B000330,YWG2,52,50,Cycle,Put-away to wrong bin,34.27,OPS-314
2026-06-02,B000350,YYC1,57,57,Cycle,,48.35,OPS-178
2026-06-02,B000354,YUL5,70,70,Cycle,,3.98,OPS-163
2026-06-02,B000378,YEG3,728,728,Cycle,,9.25,OPS-442
2026-06-02,B000383,YVR2,55,55,Cycle,,12.08,OPS-358
2026-06-03,B000020,YHZ1,434,434,Cycle,,26.71,OPS-250
2026-06-03,B000024,YEG3,41,41,Cycle,,24.8,OPS-104
2026-06-03,B000168,YVR2,82,82,Cycle,,8.87,OPS-138
2026-06-03,B000180,YYC1,57,57,Exception,,87.04,OPS-195
2026-06-03,B000200,YUL5,85,85,Cycle,,42.44,OPS-124
2026-06-03,B000259,YEG3,348,348,Cycle,,17.17,OPS-187
2026-06-03,B000271,YEG3,34,34,Cycle,,23.34,OPS-450
2026-06-03,B000273,YYZ4,64,64,Cycle,,23.72,OPS-438
2026-06-03,B000289,YYZ4,1282,1282,Full,,33.98,OPS-222
2026-06-03,B000293,YHZ1,62,62,Cycle,,14.75,OPS-103
2026-06-03,B000302,YWG2,4,4,Cycle,,37.95,OPS-240
2026-06-03,B000303,YVR2,21,21,Cycle,,9.43,OPS-324
2026-06-03,B000303,YVR2,20,20,Cycle,,9.43,OPS-335
2026-06-03,B000380,YYZ4,177,177,Cycle,,31.53,OPS-450
2026-06-03,B000386,YYZ4,13,13,Exception,,3.34,OPS-353
2026-06-03,B000414,YYZ4,97,97,Cycle,,32.56,OPS-100
2026-06-04,B000017,YWG2,580,580,Cycle,,37.04,OPS-197
2026-06-04,B000047,YUL5,4,4,Cycle,,63.07,OPS-135
2026-06-04,B000054,YYZ4,21,21,Cycle,,12.38,OPS-205
2026-06-04,B000126,YYC1,28,28,Cycle,,5.33,OPS-309
2026-06-04,B000136,YYZ4,16,16,Cycle,,38.25,OPS-192
2026-06-04,B000205,YYC1,38,38,Cycle,,6.57,OPS-295
2026-06-04,B000220,YYC1,522,522,Cycle,,19.35,OPS-209
2026-06-04,B000232,YUL5,227,227,Cycle,,7.58,OPS-110
2026-06-04,B000270,YYZ4,425,425,Cycle,,42.84,OPS-192
2026-06-04,B000299,YYZ4,329,329,Cycle,,8.34,OPS-157
2026-06-04,B000310,YYZ4,96,96,Cycle,,2.96,OPS-406
2026-06-04,B000312,YYZ4,25,25,Cycle,,11.5,OPS-224
2026-06-04,B000318,YUL5,11,11,Cycle,,27.75,OPS-395
2026-06-04,B000401,YHZ1,222,206,Cycle,Put-away to wrong bin,26.64,OPS-261
2026-06-04,B000403,YWG2,337,337,Cycle,,32.5,OPS-235
2026-06-05,B000008,YEG3,47,47,Cycle,,3.7,OPS-379
2026-06-05,B000067,YWG2,98,98,Cycle,,26.62,OPS-311
2026-06-05,B000098,YYZ4,174,174,Cycle,,13.55,OPS-103
2026-06-05,B000107,YVR2,371,371,Cycle,,6.42,OPS-279
2026-06-05,B000129,YEG3,7839,7839,Cycle,,47.77,OPS-187
2026-06-05,B000153,YUL5,203,203,Cycle,,9.61,OPS-117
2026-06-05,B000165,YUL5,416,416,Cycle,,35.18,OPS-322
2026-06-05,B000176,YYZ4,30,30,Cycle,,23.18,OPS-447
2026-06-05,B000177,YWG2,93,93,Cycle,,2.41,OPS-250
2026-06-05,B000215,YHZ1,69,69,Cycle,,17.08,OPS-212
2026-06-05,B000280,YYC1,414,414,Cycle,,18.32,OPS-197
2026-06-05,B000291,YYZ4,75,75,Cycle,,17.87,OPS-126
2026-06-05,B000322,YWG2,73,73,Cycle,,12.01,OPS-202
2026-06-05,B000324,YYC1,12,12,Cycle,,50.1,OPS-415
2026-06-05,B000338,YHZ1,121,121,Cycle,,3.88,OPS-216
2026-06-05,B000353,YVR2,91,91,Full,,13.18,OPS-279
2026-06-05,B000360,YYZ4,208,208,Cycle,,13.52,OPS-198
2026-06-05,B000369,YVR2,36,36,Exception,,12.66,OPS-272
2026-06-05,B000401,YYC1,176,176,Cycle,,26.64,OPS-265
2026-06-06,B000001,YYZ4,10,10,Cycle,,32.03,OPS-299
2026-06-06,B000013,YHZ1,24,24,Exception,,7.12,OPS-327
2026-06-06,B000015,YEG3,13,12,Cycle,Theft or loss,3.74,OPS-101
2026-06-06,B000022,YYC1,148,148,Full,,23.15,OPS-290
2026-06-06,B000059,YVR2,61,61,Cycle,,55.06,OPS-379
2026-06-06,B000082,YEG3,220,232,Cycle,Damage not recorded,43.59,OPS-141
2026-06-06,B000097,YYZ4,20,20,Cycle,,48.69,OPS-294
2026-06-06,B000104,YVR2,5,5,Cycle,,16.04,OPS-342
2026-06-06,B000111,YEG3,13,13,Cycle,,11.26,OPS-394
2026-06-06,B000127,YYZ4,73,73,Cycle,,15.81,OPS-212
2026-06-06,B000128,YUL5,119,119,Cycle,,12.39,OPS-254
2026-06-06,B000132,YVR2,95,95,Cycle,,36.4,OPS-144
2026-06-06,B000144,YUL5,151,151,Cycle,,16.5,OPS-440
2026-06-06,B000168,YYC1,50,50,Cycle,,8.87,OPS-339
2026-06-06,B000185,YYZ4,107,107,Cycle,,23.78,OPS-177
2026-06-06,B000242,YUL5,200,200,Cycle,,7.44,OPS-395
2026-06-06,B000259,YHZ1,95,95,Cycle,,17.17,OPS-178
2026-06-06,B000394,YEG3,10,10,Exception,,19.24,OPS-375
2026-06-06,B000411,YUL5,218,218,Cycle,,16.13,OPS-118
2026-06-07,B000008,YHZ1,56,56,Cycle,,3.7,OPS-416
2026-06-07,B000069,YVR2,80,80,Cycle,,11.1,OPS-334
2026-06-07,B000084,YYC1,452,452,Cycle,,10.08,OPS-110
2026-06-07,B000085,YVR2,10,10,Cycle,,85.16,OPS-276
2026-06-07,B000095,YWG2,30,30,Full,,4.5,OPS-285
2026-06-07,B000133,YYZ4,2,2,Cycle,,15.18,OPS-353
2026-06-07,B000148,YYC1,88,88,Exception,,21.53,OPS-325
2026-06-07,B000158,YUL5,8,8,Cycle,,23.4,OPS-203
2026-06-07,B000168,YVR2,101,101,Cycle,,8.87,OPS-346
2026-06-07,B000202,YEG3,484,484,Exception,,26.75,OPS-172
2026-06-07,B000202,YUL5,509,509,Cycle,,26.75,OPS-317
2026-06-07,B000220,YVR2,253,253,Cycle,,19.35,OPS-247
2026-06-07,B000222,YYZ4,137,137,Exception,,12.18,OPS-213
2026-06-07,B000252,YEG3,27,27,Cycle,,52.05,OPS-150
2026-06-07,B000351,YYZ4,267,267,Cycle,,7.71,OPS-407
2026-06-07,B000363,YHZ1,9,9,Cycle,,18.43,OPS-164
2026-06-07,B000383,YVR2,42,42,Cycle,,12.08,OPS-229
2026-06-07,B000388,YUL5,36,36,Cycle,,19.55,OPS-301
2026-06-07,B000389,YUL5,88,88,Cycle,,28.39,OPS-341
2026-06-08,B000130,YUL5,14,14,Cycle,,4.08,OPS-371
2026-06-08,B000164,YWG2,232,232,Cycle,,52.28,OPS-159
2026-06-08,B000198,YYC1,49,49,Exception,,27.58,OPS-353
2026-06-08,B000208,YWG2,589,589,Cycle,,18.0,OPS-209
2026-06-08,B000225,YWG2,65,65,Cycle,,72.79,OPS-186
2026-06-08,B000264,YVR2,71,71,Cycle,,32.04,OPS-219
2026-06-08,B000297,YYZ4,39,39,Full,,20.76,OPS-388
2026-06-08,B000305,YYZ4,1302,1302,Cycle,,13.63,OPS-398
2026-06-08,B000372,YUL5,35,35,Cycle,,17.44,OPS-120
2026-06-08,B000397,YEG3,77,77,Cycle,,29.7,OPS-310
2026-06-09,B000006,YYC1,29,29,Cycle,,10.47,OPS-277
2026-06-09,B000008,YUL5,153,153,Cycle,,3.7,OPS-248
2026-06-09,B000102,YHZ1,47,47,Exception,,4.23,OPS-144
2026-06-09,B000177,YYZ4,1,1,Exception,,2.41,OPS-138
2026-06-09,B000181,YYC1,221,221,Cycle,,54.45,OPS-156
2026-06-09,B000184,YVR2,832,832,Cycle,,18.21,OPS-173
2026-06-09,B000219,YYZ4,152,152,Cycle,,32.21,OPS-437
2026-06-09,B000238,YYZ4,289,289,Cycle,,33.37,OPS-138
2026-06-09,B000279,YHZ1,20,20,Cycle,,30.79,OPS-346
2026-06-09,B000296,YHZ1,28,28,Cycle,,28.09,OPS-262
2026-06-09,B000312,YYZ4,27,27,Cycle,,11.5,OPS-363
2026-06-09,B000349,YEG3,64,64,Cycle,,53.59,OPS-425
2026-06-09,B000382,YVR2,116,116,Cycle,,9.75,OPS-324
2026-06-09,B000393,YUL5,45,45,Cycle,,36.15,OPS-275
2026-06-10,B000107,YWG2,221,221,Cycle,,6.42,OPS-307
2026-06-10,B000159,YHZ1,123,123,Cycle,,5.08,OPS-435
2026-06-10,B000178,YVR2,266,242,Cycle,Mis-pick,27.42,OPS-362
2026-06-10,B000190,YUL5,809,809,Cycle,,24.81,OPS-281
2026-06-10,B000198,YHZ1,37,37,Cycle,,27.58,OPS-237
2026-06-10,B000202,YEG3,202,202,Cycle,,26.75,OPS-443
2026-06-10,B000211,YUL5,214,214,Cycle,,42.79,OPS-186
2026-06-10,B000238,YYZ4,308,308,Cycle,,33.37,OPS-119
2026-06-10,B000311,YEG3,323,323,Exception,,23.78,OPS-183
2026-06-11,B000019,YWG2,78,78,Exception,,12.51,OPS-170
2026-06-11,B000043,YHZ1,22,22,Cycle,,81.24,OPS-436
2026-06-11,B000043,YVR2,54,54,Cycle,,81.24,OPS-161
2026-06-11,B000067,YYC1,97,97,Cycle,,26.62,OPS-111
2026-06-11,B000070,YEG3,81,78,Cycle,Damage not recorded,8.73,OPS-331
2026-06-11,B000111,YEG3,17,17,Cycle,,11.26,OPS-143
2026-06-11,B000119,YYZ4,14,14,Cycle,,15.29,OPS-430
2026-06-11,B000127,YYZ4,108,108,Cycle,,15.81,OPS-288
2026-06-11,B000146,YVR2,4,4,Exception,,22.0,OPS-272
2026-06-11,B000153,YYC1,57,57,Cycle,,9.61,OPS-126
2026-06-11,B000158,YVR2,29,29,Cycle,,23.4,OPS-100
2026-06-11,B000167,YYZ4,54,54,Cycle,,7.6,OPS-256
2026-06-11,B000211,YHZ1,71,71,Cycle,,42.79,OPS-191
2026-06-11,B000250,YHZ1,9,9,Cycle,,3.15,OPS-224
2026-06-11,B000253,YYZ4,342,342,Cycle,,5.33,OPS-385
2026-06-11,B000286,YYZ4,65,65,Full,,43.29,OPS-381
2026-06-11,B000287,YVR2,61,61,Full,,94.57,OPS-295
2026-06-11,B000298,YUL5,191,191,Full,,39.04,OPS-178
2026-06-11,B000333,YYZ4,503,503,Cycle,,53.66,OPS-341
2026-06-11,B000349,YYZ4,343,343,Cycle,,53.59,OPS-168
2026-06-11,B000359,YUL5,67,67,Cycle,,69.57,OPS-171
2026-06-12,B000005,YVR2,16,16,Cycle,,11.5,OPS-376
2026-06-12,B000038,YYZ4,32,32,Cycle,,29.94,OPS-270
2026-06-12,B000070,YUL5,572,572,Full,,8.73,OPS-348
2026-06-12,B000079,YEG3,49,49,Cycle,,12.85,OPS-274
2026-06-12,B000108,YHZ1,232,232,Cycle,,27.52,OPS-293
2026-06-12,B000148,YWG2,41,41,Cycle,,21.53,OPS-252
2026-06-12,B000156,YVR2,306,306,Exception,,14.32,OPS-409
2026-06-12,B000165,YWG2,668,668,Cycle,,35.18,OPS-399
2026-06-12,B000244,YYC1,130,130,Cycle,,31.25,OPS-236
2026-06-12,B000279,YHZ1,14,14,Exception,,30.79,OPS-237
2026-06-12,B000326,YYC1,267,267,Cycle,,9.48,OPS-146
2026-06-12,B000357,YVR2,142,142,Cycle,,2.48,OPS-105
2026-06-12,B000372,YUL5,19,19,Cycle,,17.44,OPS-319
2026-06-12,B000386,YYZ4,10,10,Cycle,,3.34,OPS-129
2026-06-12,B000401,YHZ1,226,226,Cycle,,26.64,OPS-155
2026-06-12,B000405,YVR2,93,93,Cycle,,81.28,OPS-284
2026-06-12,B000410,YHZ1,6,6,Cycle,,31.02,OPS-124
2026-06-13,B000005,YYZ4,36,36,Full,,11.5,OPS-327
2026-06-13,B000017,YWG2,550,550,Cycle,,37.04,OPS-316
2026-06-13,B000134,YUL5,896,896,Cycle,,17.14,OPS-297
2026-06-13,B000136,YYZ4,9,9,Cycle,,38.25,OPS-406
2026-06-13,B000160,YYZ4,604,604,Cycle,,152.23,OPS-185
2026-06-13,B000194,YEG3,5,5,Cycle,,12.16,OPS-128
2026-06-13,B000200,YHZ1,32,32,Cycle,,42.44,OPS-117
2026-06-13,B000232,YYZ4,104,104,Cycle,,7.58,OPS-237
2026-06-13,B000237,YHZ1,17,17,Cycle,,34.69,OPS-302
2026-06-13,B000285,YYZ4,55,55,Cycle,,99.56,OPS-257
2026-06-13,B000289,YEG3,152,152,Cycle,,33.98,OPS-170
2026-06-13,B000292,YVR2,90,90,Cycle,,32.23,OPS-433
2026-06-13,B000307,YYZ4,35,35,Cycle,,10.55,OPS-270
2026-06-13,B000314,YUL5,448,448,Exception,,39.46,OPS-165
2026-06-13,B000354,YYZ4,440,440,Cycle,,3.98,OPS-288
2026-06-13,B000403,YWG2,302,302,Cycle,,32.5,OPS-430
2026-06-14,B000016,YEG3,39,39,Exception,,22.7,OPS-405
2026-06-14,B000031,YVR2,919,919,Exception,,50.63,OPS-458
2026-06-14,B000055,YUL5,33,33,Cycle,,23.61,OPS-259
2026-06-14,B000159,YYC1,148,148,Cycle,,5.08,OPS-120
2026-06-14,B000198,YYZ4,29,29,Cycle,,27.58,OPS-268
2026-06-14,B000205,YYZ4,222,222,Cycle,,6.57,OPS-338
2026-06-14,B000259,YWG2,119,119,Cycle,,17.17,OPS-275
2026-06-14,B000313,YWG2,162,162,Cycle,,19.4,OPS-185
2026-06-14,B000359,YYC1,18,18,Cycle,,69.57,OPS-287
2026-06-15,B000024,YVR2,39,39,Cycle,,24.8,OPS-196
2026-06-15,B000028,YYZ4,23,23,Cycle,,33.32,OPS-174
2026-06-15,B000037,YEG3,5,5,Exception,,22.46,OPS-379
2026-06-15,B000046,YYZ4,216,216,Cycle,,14.59,OPS-255
2026-06-15,B000074,YHZ1,25,25,Exception,,11.14,OPS-136
2026-06-15,B000145,YYZ4,317,317,Exception,,13.18,OPS-106
2026-06-15,B000153,YUL5,198,198,Cycle,,9.61,OPS-387
2026-06-15,B000158,YUL5,10,10,Cycle,,23.4,OPS-108
2026-06-15,B000177,YYC1,1,1,Cycle,,2.41,OPS-118
2026-06-15,B000229,YVR2,92,92,Cycle,,69.87,OPS-178
2026-06-15,B000249,YUL5,20,20,Cycle,,24.19,OPS-109
2026-06-15,B000293,YYZ4,45,45,Cycle,,14.75,OPS-124
2026-06-15,B000392,YYC1,1351,1351,Cycle,,42.02,OPS-102
2026-06-16,B000044,YVR2,810,810,Exception,,49.42,OPS-365
2026-06-16,B000046,YYZ4,129,129,Cycle,,14.59,OPS-101
2026-06-16,B000090,YYC1,815,815,Cycle,,30.31,OPS-336
2026-06-16,B000101,YYZ4,20,20,Cycle,,32.63,OPS-203
2026-06-16,B000110,YUL5,52,52,Cycle,,27.06,OPS-309
2026-06-16,B000143,YEG3,52,52,Cycle,,6.49,OPS-269
2026-06-16,B000161,YYZ4,337,337,Exception,,20.9,OPS-425
2026-06-16,B000192,YYC1,12,12,Full,,35.26,OPS-128
2026-06-16,B000241,YYZ4,3934,3934,Cycle,,43.91,OPS-408
2026-06-16,B000273,YUL5,71,71,Cycle,,23.72,OPS-127
2026-06-16,B000289,YUL5,520,520,Cycle,,33.98,OPS-209
2026-06-16,B000301,YUL5,253,253,Cycle,,37.32,OPS-349
2026-06-16,B000312,YWG2,26,28,Cycle,System timing,11.5,OPS-251
2026-06-16,B000322,YUL5,190,190,Cycle,,12.01,OPS-133
2026-06-17,B000050,YEG3,297,297,Cycle,,10.46,OPS-277
2026-06-17,B000062,YYC1,2,2,Cycle,,13.09,OPS-184
2026-06-17,B000094,YYZ4,2223,2223,Exception,,14.88,OPS-231
2026-06-17,B000102,YYZ4,124,124,Cycle,,4.23,OPS-134
2026-06-17,B000149,YEG3,24,24,Cycle,,23.03,OPS-224
2026-06-17,B000185,YHZ1,162,162,Cycle,,23.78,OPS-213
2026-06-17,B000202,YHZ1,311,311,Cycle,,26.75,OPS-241
2026-06-17,B000214,YUL5,8,8,Cycle,,9.98,OPS-392
2026-06-17,B000235,YHZ1,9,9,Cycle,,59.11,OPS-220
2026-06-17,B000267,YUL5,529,529,Cycle,,35.69,OPS-214
2026-06-17,B000302,YWG2,3,3,Exception,,37.95,OPS-360
2026-06-17,B000354,YYZ4,378,378,Cycle,,3.98,OPS-115
2026-06-17,B000407,YVR2,104,104,Exception,,13.84,OPS-360
2026-06-17,B000417,YYC1,6,6,Cycle,,17.43,OPS-450
2026-06-18,B000040,YWG2,56,56,Cycle,,78.85,OPS-357
2026-06-18,B000133,YYZ4,3,3,Cycle,,15.18,OPS-344
2026-06-18,B000184,YYZ4,1560,1560,Cycle,,18.21,OPS-180
2026-06-18,B000190,YWG2,228,228,Cycle,,24.81,OPS-413
2026-06-18,B000216,YYC1,42,42,Exception,,49.89,OPS-453
2026-06-18,B000230,YYZ4,485,485,Cycle,,10.67,OPS-152
2026-06-18,B000232,YYC1,30,30,Cycle,,7.58,OPS-220
2026-06-18,B000238,YUL5,107,107,Cycle,,33.37,OPS-239
2026-06-18,B000289,YEG3,89,89,Cycle,,33.98,OPS-411
2026-06-18,B000390,YUL5,85,85,Cycle,,10.78,OPS-138
2026-06-18,B000392,YYZ4,1063,1063,Cycle,,42.02,OPS-174
2026-06-19,B000018,YYZ4,110,110,Cycle,,15.1,OPS-427
2026-06-19,B000043,YEG3,17,17,Full,,81.24,OPS-376
2026-06-19,B000072,YUL5,5,5,Cycle,,16.47,OPS-243
2026-06-19,B000084,YVR2,482,482,Cycle,,10.08,OPS-144
2026-06-19,B000141,YWG2,57,57,Cycle,,44.89,OPS-239
2026-06-19,B000162,YYZ4,251,251,Cycle,,11.86,OPS-202
2026-06-19,B000177,YHZ1,5,5,Cycle,,2.41,OPS-313
2026-06-19,B000189,YWG2,12,12,Cycle,,11.62,OPS-183
2026-06-19,B000199,YYZ4,744,744,Cycle,,17.21,OPS-388
2026-06-19,B000236,YWG2,118,118,Cycle,,6.13,OPS-396
2026-06-19,B000250,YYC1,31,31,Cycle,,3.15,OPS-234
2026-06-19,B000261,YUL5,116,116,Exception,,61.04,OPS-159
2026-06-19,B000265,YWG2,27,27,Exception,,5.9,OPS-448
2026-06-19,B000271,YHZ1,395,395,Cycle,,23.34,OPS-442
2026-06-19,B000293,YYZ4,41,41,Cycle,,14.75,OPS-151
2026-06-19,B000300,YHZ1,17,17,Cycle,,30.93,OPS-147
2026-06-19,B000303,YEG3,56,56,Cycle,,9.43,OPS-167
2026-06-19,B000321,YYZ4,27,27,Cycle,,8.49,OPS-416
2026-06-19,B000351,YEG3,39,39,Exception,,7.71,OPS-243
2026-06-19,B000360,YYZ4,257,257,Cycle,,13.52,OPS-445
2026-06-19,B000383,YYZ4,72,72,Cycle,,12.08,OPS-185
2026-06-20,B000012,YUL5,20,20,Cycle,,9.46,OPS-143
2026-06-20,B000060,YYZ4,20,20,Exception,,14.56,OPS-414
2026-06-20,B000064,YVR2,65,65,Cycle,,40.08,OPS-170
2026-06-20,B000110,YVR2,83,83,Cycle,,27.06,OPS-266
2026-06-20,B000153,YVR2,157,157,Cycle,,9.61,OPS-215
2026-06-20,B000164,YHZ1,166,166,Cycle,,52.28,OPS-395
2026-06-20,B000197,YWG2,45,44,Exception,Damage not recorded,7.26,OPS-229
2026-06-20,B000229,YYZ4,74,74,Cycle,,69.87,OPS-233
2026-06-20,B000234,YYC1,9,9,Cycle,,68.84,OPS-285
2026-06-20,B000242,YUL5,130,130,Cycle,,7.44,OPS-320
2026-06-20,B000309,YUL5,209,209,Cycle,,6.6,OPS-265
2026-06-20,B000314,YYZ4,410,410,Exception,,39.46,OPS-445
2026-06-20,B000331,YYC1,27,27,Cycle,,5.86,OPS-416
2026-06-20,B000332,YYC1,107,107,Exception,,37.15,OPS-217
2026-06-20,B000339,YUL5,27,27,Cycle,,17.86,OPS-453
2026-06-20,B000350,YYC1,44,44,Cycle,,48.35,OPS-218
2026-06-20,B000353,YYC1,37,37,Cycle,,13.18,OPS-143
2026-06-20,B000374,YYC1,14,14,Cycle,,10.68,OPS-270
2026-06-21,B000060,YYZ4,31,31,Exception,,14.56,OPS-337
2026-06-21,B000097,YYC1,50,50,Cycle,,48.69,OPS-455
2026-06-21,B000134,YWG2,216,216,Cycle,,17.14,OPS-343
2026-06-21,B000156,YWG2,182,182,Cycle,,14.32,OPS-294
2026-06-21,B000164,YWG2,120,120,Cycle,,52.28,OPS-331
2026-06-21,B000177,YEG3,58,58,Cycle,,2.41,OPS-187
2026-06-21,B000182,YUL5,492,492,Exception,,8.68,OPS-205
2026-06-21,B000184,YYZ4,1642,1642,Cycle,,18.21,OPS-212
2026-06-21,B000336,YUL5,705,705,Cycle,,61.89,OPS-367
2026-06-21,B000345,YYC1,86,86,Cycle,,58.25,OPS-388
2026-06-21,B000362,YYC1,116,116,Cycle,,52.53,OPS-201
2026-06-22,B000016,YYC1,217,217,Exception,,22.7,OPS-376
2026-06-22,B000030,YUL5,119,119,Cycle,,26.33,OPS-124
2026-06-22,B000036,YUL5,88,88,Cycle,,29.55,OPS-269
2026-06-22,B000113,YUL5,42,42,Cycle,,5.59,OPS-293
2026-06-22,B000129,YYZ4,7364,7178,Cycle,System timing,47.77,OPS-359
2026-06-22,B000167,YUL5,49,49,Cycle,,7.6,OPS-303
2026-06-22,B000204,YYC1,25,25,Cycle,,25.35,OPS-400
2026-06-22,B000287,YUL5,83,83,Cycle,,94.57,OPS-119
2026-06-22,B000289,YEG3,209,202,Cycle,Mis-pick,33.98,OPS-441
2026-06-22,B000290,YUL5,93,93,Cycle,,2.29,OPS-128
2026-06-23,B000060,YYZ4,20,20,Cycle,,14.56,OPS-278
2026-06-23,B000084,YVR2,500,500,Cycle,,10.08,OPS-379
2026-06-23,B000109,YYZ4,17,17,Cycle,,27.2,OPS-150
2026-06-23,B000120,YVR2,38,37,Cycle,Mis-pick,22.08,OPS-114
2026-06-23,B000185,YHZ1,149,148,Cycle,Mis-pick,23.78,OPS-456
2026-06-23,B000209,YYZ4,106,106,Cycle,,40.77,OPS-249
2026-06-23,B000240,YVR2,110,110,Cycle,,9.44,OPS-276
2026-06-23,B000256,YYZ4,126,126,Cycle,,17.41,OPS-396
2026-06-23,B000361,YYC1,36,36,Cycle,,25.9,OPS-266
2026-06-23,B000364,YEG3,44,44,Cycle,,60.7,OPS-387
2026-06-23,B000419,YUL5,73,73,Cycle,,34.2,OPS-157
2026-06-24,B000000,YYZ4,24,24,Cycle,,5.35,OPS-193
2026-06-24,B000002,YYZ4,321,321,Exception,,20.25,OPS-198
2026-06-24,B000007,YEG3,641,641,Exception,,5.45,OPS-188
2026-06-24,B000012,YUL5,29,29,Exception,,9.46,OPS-164
2026-06-24,B000014,YYZ4,431,431,Cycle,,22.31,OPS-317
2026-06-24,B000048,YUL5,112,112,Exception,,31.84,OPS-414
2026-06-24,B000081,YYC1,13,13,Cycle,,17.12,OPS-455
2026-06-24,B000108,YVR2,749,749,Cycle,,27.52,OPS-398
2026-06-24,B000122,YUL5,593,593,Cycle,,13.42,OPS-393
2026-06-24,B000164,YYZ4,139,139,Cycle,,52.28,OPS-371
2026-06-24,B000193,YVR2,122,122,Cycle,,39.69,OPS-116
2026-06-24,B000224,YUL5,89,89,Cycle,,5.13,OPS-253
2026-06-24,B000228,YVR2,475,475,Cycle,,51.13,OPS-353
2026-06-24,B000241,YHZ1,50,50,Cycle,,43.91,OPS-327
2026-06-24,B000271,YWG2,257,257,Cycle,,23.34,OPS-286
2026-06-24,B000284,YWG2,48,48,Cycle,,19.61,OPS-339
2026-06-24,B000389,YYC1,22,22,Cycle,,28.39,OPS-394
2026-06-25,B000017,YYZ4,3226,3226,Cycle,,37.04,OPS-123
2026-06-25,B000021,YYZ4,208,208,Cycle,,16.28,OPS-428
2026-06-25,B000029,YYC1,31,31,Cycle,,12.43,OPS-412
2026-06-25,B000044,YWG2,40,40,Cycle,,49.42,OPS-397
2026-06-25,B000044,YYC1,250,250,Cycle,,49.42,OPS-307
2026-06-25,B000091,YUL5,58,58,Cycle,,40.85,OPS-240
2026-06-25,B000119,YYC1,9,9,Exception,,15.29,OPS-121
2026-06-25,B000146,YYZ4,148,148,Cycle,,22.0,OPS-272
2026-06-25,B000178,YUL5,80,80,Cycle,,27.42,OPS-397
2026-06-25,B000310,YYZ4,48,48,Cycle,,2.96,OPS-157
2026-06-25,B000328,YYZ4,88,88,Cycle,,28.33,OPS-434
2026-06-25,B000369,YVR2,36,36,Exception,,12.66,OPS-134
2026-06-25,B000383,YHZ1,16,16,Cycle,,12.08,OPS-225
2026-06-26,B000003,YYZ4,1235,1235,Cycle,,116.68,OPS-263
2026-06-26,B000019,YWG2,153,153,Cycle,,12.51,OPS-427
2026-06-26,B000024,YUL5,67,67,Cycle,,24.8,OPS-383
2026-06-26,B000057,YYZ4,268,268,Full,,20.35,OPS-294
2026-06-26,B000081,YYZ4,26,26,Cycle,,17.12,OPS-432
2026-06-26,B000106,YYC1,28,28,Cycle,,11.64,OPS-225
2026-06-26,B000132,YWG2,11,10,Cycle,Mis-pick,36.4,OPS-446
2026-06-26,B000175,YUL5,602,602,Cycle,,13.44,OPS-201
2026-06-26,B000231,YHZ1,356,356,Cycle,,17.01,OPS-165
2026-06-26,B000259,YYZ4,585,585,Cycle,,17.17,OPS-303
2026-06-26,B000260,YYZ4,64,64,Cycle,,27.53,OPS-143
2026-06-26,B000265,YYZ4,350,350,Cycle,,5.9,OPS-240
2026-06-26,B000267,YHZ1,602,602,Cycle,,35.69,OPS-402
2026-06-26,B000286,YYC1,174,174,Cycle,,43.29,OPS-411
2026-06-26,B000323,YEG3,145,165,Exception,Receiving error,11.42,OPS-219
2026-06-26,B000324,YYZ4,72,72,Cycle,,50.1,OPS-436
2026-06-26,B000335,YUL5,758,758,Cycle,,57.26,OPS-220
2026-06-26,B000343,YVR2,281,281,Cycle,,128.75,OPS-402
2026-06-26,B000348,YEG3,234,234,Exception,,9.96,OPS-364
2026-06-26,B000352,YYZ4,114,114,Cycle,,42.99,OPS-388
2026-06-26,B000364,YYZ4,185,185,Cycle,,60.7,OPS-321
2026-06-26,B000384,YUL5,33,33,Cycle,,152.21,OPS-147
2026-06-26,B000411,YYZ4,180,180,Cycle,,16.13,OPS-348
2026-06-26,B000418,YYZ4,59,59,Exception,,20.14,OPS-218
2026-06-27,B000012,YYZ4,195,195,Cycle,,9.46,OPS-239
2026-06-27,B000017,YEG3,1232,1232,Cycle,,37.04,OPS-330
2026-06-27,B000044,YYC1,159,159,Cycle,,49.42,OPS-422
2026-06-27,B000100,YUL5,38,38,Cycle,,2.0,OPS-141
2026-06-27,B000126,YHZ1,104,104,Full,,5.33,OPS-102
2026-06-27,B000198,YHZ1,37,37,Cycle,,27.58,OPS-170
2026-06-27,B000219,YYZ4,278,278,Exception,,32.21,OPS-374
2026-06-27,B000302,YYZ4,37,37,Cycle,,37.95,OPS-194
2026-06-27,B000305,YEG3,185,185,Cycle,,13.63,OPS-331
2026-06-27,B000325,YYZ4,455,455,Exception,,11.69,OPS-178
2026-06-27,B000348,YYZ4,407,407,Cycle,,9.96,OPS-179
2026-06-27,B000375,YUL5,377,353,Cycle,Receiving error,81.72,OPS-258
2026-06-28,B000089,YUL5,597,597,Cycle,,29.26,OPS-263
2026-06-28,B000092,YYZ4,72,72,Cycle,,37.96,OPS-302
2026-06-28,B000124,YYC1,7,7,Cycle,,19.28,OPS-455
2026-06-28,B000133,YYZ4,5,5,Cycle,,15.18,OPS-374
2026-06-28,B000140,YVR2,30,30,Exception,,5.15,OPS-187
2026-06-28,B000158,YUL5,9,9,Exception,,23.4,OPS-422
2026-06-28,B000283,YEG3,25,25,Cycle,,5.71,OPS-217
2026-06-28,B000302,YYZ4,33,33,Cycle,,37.95,OPS-184
2026-06-28,B000342,YUL5,6,6,Cycle,,3.2,OPS-230
2026-06-28,B000349,YYZ4,358,358,Cycle,,53.59,OPS-209
2026-06-28,B000405,YVR2,187,187,Cycle,,81.28,OPS-210
2026-06-28,B000407,YHZ1,69,69,Cycle,,13.84,OPS-153
2026-06-29,B000087,YHZ1,38,38,Cycle,,35.54,OPS-117
2026-06-29,B000119,YYC1,7,7,Cycle,,15.29,OPS-451
2026-06-29,B000163,YYZ4,1,1,Cycle,,17.6,OPS-273
2026-06-29,B000180,YUL5,155,155,Cycle,,87.04,OPS-439
2026-06-29,B000220,YYZ4,276,276,Cycle,,19.35,OPS-246
2026-06-29,B000236,YUL5,387,387,Cycle,,6.13,OPS-310
2026-06-29,B000275,YYC1,7,7,Cycle,,27.48,OPS-387
2026-06-29,B000284,YVR2,132,132,Cycle,,19.61,OPS-315
2026-06-29,B000340,YYZ4,103,103,Cycle,,41.74,OPS-394
2026-06-29,B000357,YHZ1,72,72,Cycle,,2.48,OPS-291
2026-06-29,B000382,YWG2,62,62,Cycle,,9.75,OPS-367
2026-06-29,B000418,YYZ4,29,29,Full,,20.14,OPS-458
2026-06-30,B000047,YYZ4,498,498,Cycle,,63.07,OPS-183
2026-06-30,B000059,YYZ4,169,169,Cycle,,55.06,OPS-154
2026-06-30,B000069,YVR2,99,99,Cycle,,11.1,OPS-118
2026-06-30,B000209,YYZ4,94,94,Cycle,,40.77,OPS-239
2026-06-30,B000251,YVR2,21,21,Exception,,12.22,OPS-322
2026-06-30,B000271,YUL5,49,49,Cycle,,23.34,OPS-433
2026-06-30,B000275,YYZ4,2,2,Cycle,,27.48,OPS-112
2026-06-30,B000281,YYZ4,324,324,Cycle,,27.43,OPS-374
2026-06-30,B000283,YYZ4,170,170,Cycle,,5.71,OPS-249
2026-06-30,B000287,YVR2,57,57,Cycle,,94.57,OPS-270
2026-06-30,B000290,YYZ4,35,35,Cycle,,2.29,OPS-296
2026-06-30,B000292,YUL5,35,35,Cycle,,32.23,OPS-102
2026-06-30,B000311,YYZ4,71,71,Cycle,,23.78,OPS-293
2026-06-30,B000364,YUL5,57,57,Cycle,,60.7,OPS-277
2026-06-30,B000393,YYZ4,53,53,Cycle,,36.15,OPS-373
2026-07-01,B000002,YYZ4,225,225,Cycle,,20.25,OPS-317
2026-07-01,B000014,YEG3,312,312,Cycle,,22.31,OPS-327
2026-07-01,B000060,YWG2,70,70,Cycle,,14.56,OPS-213
2026-07-01,B000115,YUL5,440,440,Cycle,,32.44,OPS-198
2026-07-01,B000144,YYZ4,400,400,Cycle,,16.5,OPS-215
2026-07-01,B000180,YEG3,63,63,Cycle,,87.04,OPS-172
2026-07-01,B000194,YEG3,4,4,Cycle,,12.16,OPS-429
2026-07-01,B000218,YYZ4,30,30,Cycle,,3.34,OPS-241
2026-07-01,B000229,YYC1,64,64,Cycle,,69.87,OPS-322
2026-07-01,B000230,YYZ4,527,527,Cycle,,10.67,OPS-349
2026-07-01,B000271,YEG3,36,36,Cycle,,23.34,OPS-174
2026-07-01,B000303,YEG3,94,94,Cycle,,9.43,OPS-154
2026-07-01,B000335,YYZ4,582,582,Exception,,57.26,OPS-236
2026-07-02,B000010,YHZ1,794,794,Exception,,22.5,OPS-443
2026-07-02,B000012,YYZ4,319,319,Cycle,,9.46,OPS-133
2026-07-02,B000041,YWG2,125,125,Cycle,,14.4,OPS-332
2026-07-02,B000043,YVR2,57,57,Cycle,,81.24,OPS-389
2026-07-02,B000072,YEG3,15,15,Cycle,,16.47,OPS-155
2026-07-02,B000128,YWG2,108,108,Cycle,,12.39,OPS-409
2026-07-02,B000129,YEG3,5751,5751,Exception,,47.77,OPS-250
2026-07-02,B000132,YEG3,69,69,Cycle,,36.4,OPS-298
2026-07-02,B000143,YUL5,95,95,Cycle,,6.49,OPS-198
2026-07-02,B000235,YVR2,19,19,Cycle,,59.11,OPS-370
2026-07-02,B000271,YUL5,50,50,Cycle,,23.34,OPS-294
2026-07-02,B000292,YYZ4,117,117,Cycle,,32.23,OPS-429
2026-07-02,B000338,YYZ4,232,211,Cycle,Mis-pick,3.88,OPS-302
2026-07-02,B000341,YEG3,6,5,Full,Receiving error,57.14,OPS-447
2026-07-02,B000349,YUL5,89,89,Cycle,,53.59,OPS-379
2026-07-02,B000391,YYC1,43,43,Cycle,,28.53,OPS-174
2026-07-02,B000393,YEG3,24,24,Full,,36.15,OPS-432
2026-07-03,B000044,YYZ4,1058,1058,Cycle,,49.42,OPS-312
2026-07-03,B000124,YHZ1,6,6,Cycle,,19.28,OPS-416
2026-07-03,B000125,YUL5,201,201,Cycle,,8.87,OPS-174
2026-07-03,B000133,YVR2,3,3,Cycle,,15.18,OPS-177
2026-07-03,B000148,YVR2,13,13,Cycle,,21.53,OPS-444
2026-07-03,B000149,YVR2,77,77,Cycle,,23.03,OPS-115
2026-07-03,B000153,YUL5,291,291,Cycle,,9.61,OPS-420
2026-07-03,B000153,YVR2,265,265,Cycle,,9.61,OPS-237
2026-07-03,B000175,YEG3,272,272,Cycle,,13.44,OPS-333
2026-07-03,B000241,YWG2,150,150,Cycle,,43.91,OPS-313
2026-07-03,B000309,YYZ4,403,403,Cycle,,6.6,OPS-336
2026-07-03,B000311,YYZ4,93,93,Cycle,,23.78,OPS-114
2026-07-03,B000328,YYZ4,112,112,Cycle,,28.33,OPS-262
2026-07-03,B000393,YEG3,11,11,Cycle,,36.15,OPS-204
2026-07-04,B000104,YYZ4,198,198,Cycle,,16.04,OPS-157
2026-07-04,B000150,YUL5,18,18,Cycle,,2.47,OPS-234
2026-07-04,B000176,YYZ4,20,20,Cycle,,23.18,OPS-370
2026-07-04,B000178,YWG2,416,416,Cycle,,27.42,OPS-112
2026-07-04,B000195,YVR2,2,2,Cycle,,6.65,OPS-302
2026-07-04,B000199,YWG2,37,37,Exception,,17.21,OPS-282
2026-07-04,B000216,YYC1,49,49,Cycle,,49.89,OPS-108
2026-07-04,B000244,YYZ4,46,46,Cycle,,31.25,OPS-296
2026-07-04,B000302,YYZ4,21,21,Cycle,,37.95,OPS-299
2026-07-04,B000307,YYZ4,43,43,Cycle,,10.55,OPS-427
2026-07-04,B000382,YWG2,97,97,Cycle,,9.75,OPS-110
2026-07-04,B000385,YHZ1,4,4,Cycle,,19.7,OPS-426
2026-07-05,B000017,YHZ1,416,416,Full,,37.04,OPS-425
2026-07-05,B000039,YYZ4,14,14,Cycle,,19.83,OPS-209
2026-07-05,B000043,YYZ4,93,93,Cycle,,81.24,OPS-336
2026-07-05,B000052,YWG2,8,8,Cycle,,3.12,OPS-399
2026-07-05,B000052,YYZ4,207,207,Cycle,,3.12,OPS-168
2026-07-05,B000106,YYZ4,48,48,Cycle,,11.64,OPS-305
2026-07-05,B000107,YYC1,515,515,Exception,,6.42,OPS-366
2026-07-05,B000125,YUL5,215,215,Cycle,,8.87,OPS-378
2026-07-05,B000127,YYZ4,100,100,Cycle,,15.81,OPS-217
2026-07-05,B000127,YYZ4,108,108,Cycle,,15.81,OPS-309
2026-07-05,B000136,YYZ4,12,12,Cycle,,38.25,OPS-418
2026-07-05,B000153,YEG3,124,124,Exception,,9.61,OPS-263
2026-07-05,B000159,YYZ4,557,557,Cycle,,5.08,OPS-123
2026-07-05,B000164,YWG2,257,257,Cycle,,52.28,OPS-163
2026-07-05,B000170,YYZ4,27,27,Cycle,,6.35,OPS-328
2026-07-05,B000171,YYC1,289,289,Cycle,,99.79,OPS-202
2026-07-05,B000282,YYZ4,203,203,Cycle,,55.18,OPS-437
2026-07-05,B000328,YYZ4,112,112,Cycle,,28.33,OPS-175
2026-07-05,B000345,YYC1,70,70,Cycle,,58.25,OPS-105
2026-07-05,B000382,YVR2,186,186,Cycle,,9.75,OPS-115
2026-07-05,B000392,YYC1,1570,1570,Cycle,,42.02,OPS-381
2026-07-05,B000394,YVR2,159,159,Cycle,,19.24,OPS-258
2026-07-05,B000406,YYC1,31,31,Cycle,,12.22,OPS-294
2026-07-06,B000059,YYZ4,114,114,Cycle,,55.06,OPS-216
2026-07-06,B000060,YWG2,81,81,Cycle,,14.56,OPS-132
2026-07-06,B000067,YYC1,46,46,Cycle,,26.62,OPS-235
2026-07-06,B000067,YYC1,83,83,Cycle,,26.62,OPS-114
2026-07-06,B000097,YYZ4,23,23,Exception,,48.69,OPS-154
2026-07-06,B000153,YHZ1,130,130,Cycle,,9.61,OPS-319
2026-07-06,B000174,YUL5,253,253,Cycle,,29.82,OPS-186
2026-07-06,B000176,YUL5,4,4,Cycle,,23.18,OPS-101
2026-07-06,B000203,YYZ4,38,38,Cycle,,5.75,OPS-324
2026-07-06,B000271,YHZ1,310,310,Cycle,,23.34,OPS-365
2026-07-06,B000327,YYZ4,11,11,Cycle,,45.86,OPS-215
2026-07-06,B000368,YUL5,53,53,Full,,45.85,OPS-211
2026-07-06,B000388,YUL5,28,28,Cycle,,19.55,OPS-125
2026-07-07,B000102,YVR2,59,59,Cycle,,4.23,OPS-314
2026-07-07,B000131,YVR2,85,85,Cycle,,72.17,OPS-127
2026-07-07,B000152,YVR2,88,88,Cycle,,28.18,OPS-237
2026-07-07,B000153,YWG2,130,130,Cycle,,9.61,OPS-430
2026-07-07,B000174,YUL5,161,161,Cycle,,29.82,OPS-423
2026-07-07,B000175,YHZ1,158,158,Cycle,,13.44,OPS-437
2026-07-07,B000232,YUL5,180,180,Cycle,,7.58,OPS-261
2026-07-07,B000261,YHZ1,435,435,Cycle,,61.04,OPS-193
2026-07-07,B000265,YWG2,28,28,Cycle,,5.9,OPS-229
2026-07-07,B000285,YEG3,35,35,Cycle,,99.56,OPS-251
2026-07-07,B000291,YVR2,19,19,Cycle,,17.87,OPS-202
2026-07-07,B000293,YYZ4,34,34,Cycle,,14.75,OPS-179
2026-07-07,B000298,YHZ1,104,104,Cycle,,39.04,OPS-130
2026-07-07,B000314,YYZ4,561,561,Cycle,,39.46,OPS-107
2026-07-07,B000322,YYZ4,86,76,Cycle,System timing,12.01,OPS-313
2026-07-07,B000338,YVR2,196,196,Cycle,,3.88,OPS-434
2026-07-07,B000341,YVR2,16,16,Cycle,,57.14,OPS-317
2026-07-07,B000345,YYC1,92,92,Exception,,58.25,OPS-221
2026-07-08,B000031,YYC1,311,311,Cycle,,50.63,OPS-236
2026-07-08,B000068,YHZ1,41,41,Cycle,,53.46,OPS-166
2026-07-08,B000127,YYZ4,140,140,Cycle,,15.81,OPS-259
2026-07-08,B000151,YYC1,74,74,Exception,,10.75,OPS-361
2026-07-08,B000153,YWG2,65,65,Full,,9.61,OPS-414
2026-07-08,B000171,YYZ4,475,475,Cycle,,99.79,OPS-166
2026-07-08,B000175,YYZ4,222,222,Cycle,,13.44,OPS-359
2026-07-08,B000188,YYZ4,26,26,Cycle,,8.95,OPS-366
2026-07-08,B000211,YHZ1,64,64,Cycle,,42.79,OPS-315
2026-07-08,B000242,YYZ4,341,341,Cycle,,7.44,OPS-141
2026-07-08,B000244,YYZ4,41,41,Exception,,31.25,OPS-254
2026-07-09,B000001,YYC1,23,23,Cycle,,32.03,OPS-439
2026-07-09,B000005,YVR2,13,13,Cycle,,11.5,OPS-352
2026-07-09,B000060,YYZ4,21,21,Full,,14.56,OPS-231
2026-07-09,B000060,YYZ4,19,19,Cycle,,14.56,OPS-188
2026-07-09,B000096,YYZ4,8,8,Cycle,,125.28,OPS-187
2026-07-09,B000116,YUL5,211,211,Cycle,,59.9,OPS-207
2026-07-09,B000131,YVR2,39,39,Cycle,,72.17,OPS-232
2026-07-09,B000166,YWG2,41,41,Cycle,,22.72,OPS-162
2026-07-09,B000178,YVR2,355,355,Cycle,,27.42,OPS-340
2026-07-09,B000205,YYC1,44,44,Cycle,,6.57,OPS-227
2026-07-09,B000248,YUL5,61,61,Cycle,,20.2,OPS-411
2026-07-09,B000275,YYC1,4,4,Cycle,,27.48,OPS-234
2026-07-09,B000297,YYZ4,35,35,Cycle,,20.76,OPS-168
2026-07-09,B000411,YYZ4,144,144,Cycle,,16.13,OPS-390
2026-07-10,B000067,YYC1,63,63,Cycle,,26.62,OPS-273
2026-07-10,B000070,YWG2,180,180,Cycle,,8.73,OPS-352
2026-07-10,B000074,YHZ1,22,22,Cycle,,11.14,OPS-315
2026-07-10,B000128,YHZ1,1066,1066,Cycle,,12.39,OPS-181
2026-07-10,B000129,YWG2,7244,7244,Cycle,,47.77,OPS-371
2026-07-10,B000148,YEG3,99,99,Cycle,,21.53,OPS-229
2026-07-10,B000151,YYC1,93,93,Cycle,,10.75,OPS-333
2026-07-10,B000152,YUL5,184,184,Cycle,,28.18,OPS-238
2026-07-10,B000182,YEG3,123,123,Cycle,,8.68,OPS-214
2026-07-10,B000241,YWG2,196,196,Cycle,,43.91,OPS-138
2026-07-10,B000244,YEG3,47,47,Cycle,,31.25,OPS-333
2026-07-10,B000281,YEG3,132,132,Cycle,,27.43,OPS-316
2026-07-10,B000292,YVR2,47,47,Cycle,,32.23,OPS-249
2026-07-10,B000296,YYC1,20,20,Cycle,,28.09,OPS-166
2026-07-10,B000341,YEG3,6,6,Cycle,,57.14,OPS-149
2026-07-10,B000382,YYZ4,327,327,Cycle,,9.75,OPS-249
2026-07-10,B000406,YYC1,40,40,Cycle,,12.22,OPS-242
2026-07-11,B000002,YHZ1,8,8,Cycle,,20.25,OPS-320
2026-07-11,B000016,YYC1,172,172,Cycle,,22.7,OPS-255
2026-07-11,B000025,YVR2,13,13,Cycle,,34.44,OPS-162
2026-07-11,B000108,YHZ1,131,131,Cycle,,27.52,OPS-442
2026-07-11,B000193,YVR2,197,197,Cycle,,39.69,OPS-424
2026-07-11,B000237,YYZ4,53,53,Cycle,,34.69,OPS-368
2026-07-11,B000258,YVR2,307,307,Cycle,,7.11,OPS-184
2026-07-11,B000288,YWG2,13,13,Cycle,,9.3,OPS-207
2026-07-11,B000328,YWG2,16,15,Full,Put-away to wrong bin,28.33,OPS-267
2026-07-11,B000390,YHZ1,18,18,Cycle,,10.78,OPS-393
2026-07-11,B000397,YYZ4,59,59,Cycle,,29.7,OPS-444
2026-07-12,B000033,YEG3,232,232,Cycle,,25.32,OPS-425
2026-07-12,B000102,YWG2,2,2,Cycle,,4.23,OPS-297
2026-07-12,B000260,YVR2,9,9,Cycle,,27.53,OPS-173
2026-07-12,B000299,YVR2,192,192,Cycle,,8.34,OPS-117
2026-07-12,B000332,YYC1,88,88,Cycle,,37.15,OPS-236
2026-07-12,B000378,YHZ1,218,218,Cycle,,9.25,OPS-372
2026-07-12,B000393,YUL5,38,38,Cycle,,36.15,OPS-287
2026-07-13,B000001,YYC1,38,38,Cycle,,32.03,OPS-272
2026-07-13,B000046,YYZ4,204,204,Exception,,14.59,OPS-228
2026-07-13,B000079,YYZ4,233,233,Cycle,,12.85,OPS-207
2026-07-13,B000185,YUL5,169,169,Cycle,,23.78,OPS-231
2026-07-13,B000198,YYC1,43,43,Cycle,,27.58,OPS-284
2026-07-13,B000273,YHZ1,11,11,Cycle,,23.72,OPS-222
2026-07-13,B000306,YHZ1,88,88,Cycle,,64.71,OPS-150
2026-07-13,B000337,YYZ4,22,22,Cycle,,10.03,OPS-338
2026-07-13,B000364,YUL5,100,100,Exception,,60.7,OPS-446
2026-07-13,B000374,YYC1,7,7,Full,,10.68,OPS-315
2026-07-13,B000390,YHZ1,21,21,Cycle,,10.78,OPS-150
2026-07-13,B000405,YYZ4,296,296,Full,,81.28,OPS-203
2026-07-14,B000056,YEG3,149,149,Exception,,224.05,OPS-194
2026-07-14,B000067,YHZ1,126,126,Cycle,,26.62,OPS-250
2026-07-14,B000111,YUL5,37,37,Cycle,,11.26,OPS-250
2026-07-14,B000130,YUL5,24,24,Cycle,,4.08,OPS-340
2026-07-14,B000139,YUL5,5,5,Cycle,,53.47,OPS-445
2026-07-14,B000159,YVR2,255,255,Cycle,,5.08,OPS-307
2026-07-14,B000179,YVR2,67,67,Cycle,,62.15,OPS-380
2026-07-14,B000181,YYZ4,698,698,Cycle,,54.45,OPS-246
2026-07-14,B000190,YUL5,1063,1063,Cycle,,24.81,OPS-333
2026-07-14,B000292,YYZ4,108,108,Cycle,,32.23,OPS-132
2026-07-14,B000306,YYC1,80,80,Cycle,,64.71,OPS-163
2026-07-14,B000335,YYZ4,750,750,Cycle,,57.26,OPS-357
2026-07-14,B000373,YYZ4,246,246,Cycle,,146.03,OPS-143
2026-07-14,B000382,YUL5,197,197,Exception,,9.75,OPS-149
2026-07-15,B000000,YHZ1,14,14,Cycle,,5.35,OPS-110
2026-07-15,B000013,YVR2,55,55,Cycle,,7.12,OPS-288
2026-07-15,B000013,YYZ4,1788,1788,Cycle,,7.12,OPS-396
2026-07-15,B000052,YEG3,31,31,Cycle,,3.12,OPS-302
2026-07-15,B000069,YVR2,142,142,Cycle,,11.1,OPS-164
2026-07-15,B000070,YYC1,80,80,Cycle,,8.73,OPS-110
2026-07-15,B000085,YVR2,15,15,Cycle,,85.16,OPS-405
2026-07-15,B000199,YYZ4,946,946,Cycle,,17.21,OPS-382
2026-07-15,B000241,YUL5,1019,1019,Cycle,,43.91,OPS-345
2026-07-15,B000258,YYC1,101,101,Cycle,,7.11,OPS-331
2026-07-15,B000298,YWG2,16,16,Cycle,,39.04,OPS-176
2026-07-15,B000379,YYZ4,893,893,Cycle,,6.69,OPS-187
2026-07-16,B000000,YHZ1,10,10,Cycle,,5.35,OPS-260
2026-07-16,B000012,YVR2,60,60,Exception,,9.46,OPS-291
2026-07-16,B000031,YYC1,283,282,Full,Put-away to wrong bin,50.63,OPS-238
2026-07-16,B000041,YWG2,209,209,Cycle,,14.4,OPS-442
2026-07-16,B000060,YYC1,37,37,Cycle,,14.56,OPS-321
2026-07-16,B000080,YUL5,42,42,Cycle,,21.75,OPS-336
2026-07-16,B000131,YVR2,78,78,Cycle,,72.17,OPS-111
2026-07-16,B000238,YUL5,133,133,Cycle,,33.37,OPS-379
2026-07-16,B000238,YVR2,40,40,Cycle,,33.37,OPS-192
2026-07-16,B000242,YVR2,196,196,Cycle,,7.44,OPS-240
2026-07-16,B000272,YYZ4,101,101,Cycle,,5.34,OPS-193
2026-07-16,B000346,YYC1,242,242,Full,,26.44,OPS-373
2026-07-16,B000351,YHZ1,180,180,Cycle,,7.71,OPS-193
2026-07-16,B000371,YUL5,2,2,Cycle,,9.71,OPS-417
2026-07-16,B000373,YYC1,212,212,Exception,,146.03,OPS-381
2026-07-16,B000416,YWG2,27,27,Exception,,26.43,OPS-297
2026-07-17,B000020,YVR2,109,109,Cycle,,26.71,OPS-218
2026-07-17,B000030,YUL5,75,75,Full,,26.33,OPS-430
2026-07-17,B000132,YHZ1,24,24,Cycle,,36.4,OPS-222
2026-07-17,B000150,YYZ4,156,156,Cycle,,2.47,OPS-309
2026-07-17,B000184,YEG3,299,299,Cycle,,18.21,OPS-121
2026-07-17,B000193,YHZ1,39,38,Cycle,System timing,39.69,OPS-139
2026-07-17,B000211,YUL5,214,214,Full,,42.79,OPS-379
2026-07-17,B000229,YEG3,160,160,Cycle,,69.87,OPS-317
2026-07-17,B000270,YVR2,374,374,Cycle,,42.84,OPS-410
2026-07-17,B000271,YWG2,264,264,Cycle,,23.34,OPS-451
2026-07-17,B000286,YYZ4,152,151,Cycle,Mis-pick,43.29,OPS-422
2026-07-17,B000290,YUL5,141,141,Cycle,,2.29,OPS-338
2026-07-17,B000399,YYC1,15,15,Cycle,,19.26,OPS-395
2026-07-18,B000068,YUL5,95,95,Cycle,,53.46,OPS-252
2026-07-18,B000152,YUL5,166,166,Cycle,,28.18,OPS-350
2026-07-18,B000183,YYC1,47,47,Cycle,,21.45,OPS-125
2026-07-18,B000200,YHZ1,26,26,Cycle,,42.44,OPS-138
2026-07-18,B000224,YUL5,110,110,Cycle,,5.13,OPS-113
2026-07-18,B000241,YVR2,2277,2277,Cycle,,43.91,OPS-280
2026-07-18,B000292,YVR2,92,92,Cycle,,32.23,OPS-248
2026-07-18,B000298,YUL5,180,180,Cycle,,39.04,OPS-291
2026-07-18,B000304,YEG3,73,73,Cycle,,13.26,OPS-332
2026-07-18,B000339,YYC1,101,101,Cycle,,17.86,OPS-455
2026-07-18,B000365,YUL5,55,55,Cycle,,4.97,OPS-135
2026-07-18,B000372,YHZ1,39,39,Exception,,17.44,OPS-333
2026-07-18,B000379,YYZ4,637,637,Cycle,,6.69,OPS-329
2026-07-19,B000003,YYC1,134,134,Cycle,,116.68,OPS-113
2026-07-19,B000017,YEG3,1733,1733,Full,,37.04,OPS-209
2026-07-19,B000041,YYC1,688,688,Full,,14.4,OPS-305
2026-07-19,B000164,YEG3,43,44,Cycle,Theft or loss,52.28,OPS-395
2026-07-19,B000178,YVR2,365,365,Cycle,,27.42,OPS-318
2026-07-19,B000272,YVR2,41,41,Cycle,,5.34,OPS-119
2026-07-19,B000340,YYC1,33,33,Cycle,,41.74,OPS-458
2026-07-19,B000362,YUL5,308,308,Cycle,,52.53,OPS-119
2026-07-19,B000388,YWG2,75,75,Cycle,,19.55,OPS-134
2026-07-19,B000389,YUL5,51,51,Cycle,,28.39,OPS-364
2026-07-20,B000020,YVR2,144,144,Cycle,,26.71,OPS-268
2026-07-20,B000092,YYC1,32,32,Exception,,37.96,OPS-224
2026-07-20,B000122,YUL5,578,578,Full,,13.42,OPS-326
2026-07-20,B000151,YYZ4,209,209,Cycle,,10.75,OPS-327
2026-07-20,B000185,YHZ1,175,175,Cycle,,23.78,OPS-230
2026-07-20,B000267,YUL5,516,516,Cycle,,35.69,OPS-400
2026-07-20,B000337,YYZ4,25,25,Cycle,,10.03,OPS-349
2026-07-20,B000339,YVR2,80,80,Full,,17.86,OPS-423
2026-07-20,B000350,YYZ4,175,175,Cycle,,48.35,OPS-299
2026-07-20,B000404,YVR2,167,167,Cycle,,6.26,OPS-183
2026-07-21,B000019,YVR2,227,227,Exception,,12.51,OPS-296
2026-07-21,B000169,YWG2,221,221,Exception,,31.28,OPS-242
2026-07-21,B000182,YVR2,275,275,Cycle,,8.68,OPS-265
2026-07-21,B000201,YYZ4,233,233,Cycle,,40.84,OPS-348
2026-07-21,B000232,YYZ4,88,88,Full,,7.58,OPS-322
2026-07-21,B000248,YEG3,117,117,Exception,,20.2,OPS-225
2026-07-21,B000357,YVR2,91,91,Cycle,,2.48,OPS-357
2026-07-21,B000393,YUL5,45,45,Cycle,,36.15,OPS-399
2026-07-21,B000418,YYZ4,32,32,Cycle,,20.14,OPS-343
2026-07-22,B000017,YWG2,545,545,Cycle,,37.04,OPS-234
2026-07-22,B000102,YUL5,85,85,Exception,,4.23,OPS-242
2026-07-22,B000108,YWG2,31,31,Cycle,,27.52,OPS-208
2026-07-22,B000152,YYC1,160,160,Cycle,,28.18,OPS-325
2026-07-22,B000186,YYZ4,22,22,Cycle,,7.27,OPS-285
2026-07-22,B000204,YYZ4,93,93,Cycle,,25.35,OPS-139
2026-07-22,B000242,YEG3,85,85,Cycle,,7.44,OPS-196
2026-07-22,B000248,YYZ4,112,112,Cycle,,20.2,OPS-108
2026-07-22,B000288,YVR2,45,45,Cycle,,9.3,OPS-332
2026-07-22,B000378,YUL5,3955,3955,Cycle,,9.25,OPS-176
2026-07-22,B000405,YVR2,143,143,Cycle,,81.28,OPS-352
2026-07-22,B000413,YWG2,1,1,Cycle,,27.73,OPS-270
2026-07-23,B000034,YEG3,48,48,Cycle,,72.97,OPS-332
2026-07-23,B000036,YUL5,165,165,Cycle,,29.55,OPS-244
2026-07-23,B000054,YVR2,4,4,Cycle,,12.38,OPS-139
2026-07-23,B000134,YYC1,347,347,Cycle,,17.14,OPS-166
2026-07-23,B000188,YHZ1,4,4,Cycle,,8.95,OPS-234
2026-07-23,B000237,YHZ1,18,18,Cycle,,34.69,OPS-119
2026-07-23,B000323,YYZ4,23,23,Cycle,,11.42,OPS-133
2026-07-23,B000326,YVR2,149,149,Cycle,,9.48,OPS-139
2026-07-23,B000351,YWG2,77,77,Cycle,,7.71,OPS-404
2026-07-23,B000395,YHZ1,11,11,Full,,9.53,OPS-315
2026-07-24,B000007,YYZ4,1292,1292,Cycle,,5.45,OPS-376
2026-07-24,B000019,YYC1,83,83,Exception,,12.51,OPS-281
2026-07-24,B000053,YUL5,85,85,Cycle,,15.69,OPS-119
2026-07-24,B000059,YUL5,58,58,Cycle,,55.06,OPS-132
2026-07-24,B000102,YVR2,51,51,Cycle,,4.23,OPS-166
2026-07-24,B000120,YYZ4,51,51,Cycle,,22.08,OPS-129
2026-07-24,B000165,YEG3,610,610,Cycle,,35.18,OPS-422
2026-07-24,B000167,YEG3,329,329,Cycle,,7.6,OPS-406
2026-07-24,B000180,YEG3,57,57,Full,,87.04,OPS-441
2026-07-24,B000202,YHZ1,209,209,Exception,,26.75,OPS-301
2026-07-24,B000215,YHZ1,81,81,Cycle,,17.08,OPS-181
2026-07-24,B000230,YYZ4,443,443,Cycle,,10.67,OPS-104
2026-07-24,B000239,YVR2,10,10,Cycle,,12.84,OPS-209
2026-07-24,B000240,YVR2,123,123,Exception,,9.44,OPS-129
2026-07-24,B000279,YHZ1,13,13,Cycle,,30.79,OPS-100
2026-07-24,B000297,YYZ4,41,41,Full,,20.76,OPS-444
2026-07-24,B000309,YUL5,176,176,Cycle,,6.6,OPS-355
2026-07-24,B000344,YEG3,40,37,Cycle,Receiving error,25.74,OPS-380
2026-07-24,B000347,YYC1,37,37,Cycle,,8.39,OPS-301
2026-07-24,B000354,YYZ4,287,287,Cycle,,3.98,OPS-368
2026-07-25,B000003,YUL5,283,283,Cycle,,116.68,OPS-253
2026-07-25,B000049,YVR2,11,11,Cycle,,9.82,OPS-211
2026-07-25,B000059,YWG2,17,17,Full,,55.06,OPS-453
2026-07-25,B000059,YWG2,18,18,Cycle,,55.06,OPS-405
2026-07-25,B000068,YUL5,84,84,Cycle,,53.46,OPS-114
2026-07-25,B000107,YYZ4,159,159,Cycle,,6.42,OPS-449
2026-07-25,B000116,YEG3,132,132,Cycle,,59.9,OPS-159
2026-07-25,B000140,YYC1,39,39,Cycle,,5.15,OPS-210
2026-07-25,B000151,YVR2,49,49,Cycle,,10.75,OPS-100
2026-07-25,B000172,YYZ4,17,17,Cycle,,5.51,OPS-139
2026-07-25,B000189,YYC1,32,32,Cycle,,11.62,OPS-405
2026-07-25,B000205,YYZ4,175,175,Cycle,,6.57,OPS-315
2026-07-25,B000229,YYZ4,101,101,Cycle,,69.87,OPS-446
2026-07-25,B000244,YWG2,129,129,Cycle,,31.25,OPS-136
2026-07-25,B000257,YWG2,184,184,Cycle,,12.7,OPS-356
2026-07-25,B000262,YYC1,204,204,Cycle,,79.31,OPS-448
2026-07-25,B000301,YYC1,286,286,Cycle,,37.32,OPS-287
2026-07-25,B000303,YVR2,30,30,Cycle,,9.43,OPS-350
2026-07-25,B000311,YYC1,230,230,Cycle,,23.78,OPS-258
2026-07-25,B000312,YYC1,91,91,Exception,,11.5,OPS-333
2026-07-25,B000315,YYC1,98,98,Cycle,,68.19,OPS-320
2026-07-25,B000315,YYZ4,506,506,Cycle,,68.19,OPS-423
2026-07-25,B000357,YYZ4,396,396,Exception,,2.48,OPS-308
2026-07-25,B000404,YUL5,47,47,Cycle,,6.26,OPS-336
2026-07-25,B000418,YUL5,47,47,Cycle,,20.14,OPS-103
2026-07-26,B000062,YYZ4,70,70,Exception,,13.09,OPS-298
2026-07-26,B000105,YUL5,64,64,Cycle,,32.78,OPS-332
2026-07-26,B000115,YUL5,194,194,Cycle,,32.44,OPS-435
2026-07-26,B000124,YHZ1,7,7,Cycle,,19.28,OPS-114
2026-07-26,B000140,YYZ4,46,46,Cycle,,5.15,OPS-351
2026-07-26,B000153,YHZ1,97,97,Cycle,,9.61,OPS-453
2026-07-26,B000212,YVR2,306,306,Cycle,,38.08,OPS-360
2026-07-26,B000245,YYZ4,1145,1145,Cycle,,2.38,OPS-374
2026-07-26,B000262,YHZ1,311,311,Cycle,,79.31,OPS-113
2026-07-26,B000283,YUL5,202,202,Exception,,5.71,OPS-374
2026-07-26,B000304,YYC1,152,152,Exception,,13.26,OPS-217
2026-07-26,B000340,YYZ4,89,89,Cycle,,41.74,OPS-177
2026-07-26,B000350,YYZ4,186,186,Cycle,,48.35,OPS-238
2026-07-26,B000352,YVR2,157,157,Cycle,,42.99,OPS-395
2026-07-26,B000387,YEG3,79,79,Cycle,,40.99,OPS-104
2026-07-26,B000388,YUL5,27,27,Cycle,,19.55,OPS-235
2026-07-26,B000418,YVR2,193,193,Cycle,,20.14,OPS-432
2026-07-27,B000003,YYZ4,865,865,Cycle,,116.68,OPS-429
2026-07-27,B000060,YYC1,37,37,Cycle,,14.56,OPS-342
2026-07-27,B000093,YYC1,35,35,Cycle,,3.57,OPS-215
2026-07-27,B000097,YVR2,109,109,Cycle,,48.69,OPS-184
2026-07-27,B000227,YYC1,71,71,Cycle,,55.69,OPS-290
2026-07-27,B000288,YWG2,14,14,Exception,,9.3,OPS-129
2026-07-27,B000293,YYZ4,28,28,Cycle,,14.75,OPS-298
2026-07-27,B000294,YHZ1,69,69,Cycle,,42.52,OPS-425
2026-07-27,B000299,YYZ4,374,374,Cycle,,8.34,OPS-102
2026-07-27,B000304,YYC1,148,148,Cycle,,13.26,OPS-344
2026-07-27,B000305,YUL5,482,481,Cycle,Damage not recorded,13.63,OPS-443
2026-07-27,B000319,YYZ4,58,58,Cycle,,45.53,OPS-289
2026-07-27,B000377,YYZ4,31,31,Exception,,61.98,OPS-130
2026-07-27,B000399,YYZ4,26,22,Cycle,Mis-pick,19.26,OPS-188
2026-07-27,B000413,YWG2,1,1,Cycle,,27.73,OPS-401
2026-07-27,B000414,YUL5,124,124,Cycle,,32.56,OPS-266
2026-07-28,B000034,YUL5,439,439,Cycle,,72.97,OPS-118
2026-07-28,B000037,YEG3,6,6,Cycle,,22.46,OPS-357
2026-07-28,B000095,YUL5,115,115,Exception,,4.5,OPS-369
2026-07-28,B000132,YUL5,93,93,Cycle,,36.4,OPS-342
2026-07-28,B000134,YYC1,339,339,Cycle,,17.14,OPS-392
2026-07-28,B000169,YUL5,154,154,Cycle,,31.28,OPS-227
2026-07-28,B000274,YEG3,75,75,Cycle,,20.72,OPS-197
2026-07-28,B000297,YYZ4,40,39,Cycle,Receiving error,20.76,OPS-329
2026-07-28,B000326,YVR2,296,296,Cycle,,9.48,OPS-129
2026-07-28,B000392,YHZ1,93,93,Full,,42.02,OPS-308
2026-07-29,B000022,YYZ4,456,456,Cycle,,23.15,OPS-186
2026-07-29,B000046,YYC1,176,176,Cycle,,14.59,OPS-103
2026-07-29,B000067,YUL5,316,316,Cycle,,26.62,OPS-404
2026-07-29,B000108,YEG3,384,384,Cycle,,27.52,OPS-132
2026-07-29,B000198,YYC1,36,36,Cycle,,27.58,OPS-332
2026-07-29,B000221,YUL5,148,148,Cycle,,45.14,OPS-422
2026-07-29,B000254,YVR2,128,128,Cycle,,7.63,OPS-369
2026-07-29,B000259,YWG2,218,218,Full,,17.17,OPS-140
2026-07-29,B000361,YYZ4,106,106,Cycle,,25.9,OPS-134
2026-07-30,B000016,YHZ1,97,97,Cycle,,22.7,OPS-375
2026-07-30,B000041,YUL5,1262,1262,Cycle,,14.4,OPS-237
2026-07-30,B000043,YHZ1,35,35,Cycle,,81.24,OPS-279
2026-07-30,B000044,YWG2,32,32,Exception,,49.42,OPS-119
2026-07-30,B000052,YWG2,9,9,Cycle,,3.12,OPS-379
2026-07-30,B000116,YWG2,60,60,Exception,,59.9,OPS-224
2026-07-30,B000116,YYZ4,669,669,Cycle,,59.9,OPS-422
2026-07-30,B000122,YVR2,226,226,Exception,,13.42,OPS-341
2026-07-30,B000141,YYZ4,1561,1561,Cycle,,44.89,OPS-152
2026-07-30,B000175,YUL5,613,613,Cycle,,13.44,OPS-297
2026-07-30,B000190,YYC1,408,408,Cycle,,24.81,OPS-253
2026-07-30,B000191,YYZ4,2,2,Cycle,,12.14,OPS-214
2026-07-30,B000289,YYZ4,2010,2010,Cycle,,33.98,OPS-256
2026-07-30,B000301,YYC1,358,358,Cycle,,37.32,OPS-218
2026-07-30,B000306,YHZ1,107,107,Cycle,,64.71,OPS-228
2026-07-30,B000412,YVR2,146,146,Cycle,,5.35,OPS-345
2026-07-30,B000415,YWG2,24,24,Cycle,,8.41,OPS-121
2026-07-31,B000017,YEG3,1018,1018,Cycle,,37.04,OPS-214
2026-07-31,B000059,YVR2,76,76,Cycle,,55.06,OPS-372
2026-07-31,B000066,YVR2,55,55,Cycle,,24.86,OPS-272
2026-07-31,B000108,YEG3,318,318,Exception,,27.52,OPS-256
2026-07-31,B000137,YVR2,58,58,Cycle,,104.11,OPS-326
2026-07-31,B000154,YWG2,169,168,Cycle,Receiving error,6.27,OPS-175
2026-07-31,B000159,YUL5,274,274,Cycle,,5.08,OPS-181
2026-07-31,B000242,YVR2,131,131,Cycle,,7.44,OPS-320
2026-07-31,B000254,YHZ1,57,57,Cycle,,7.63,OPS-409
2026-07-31,B000255,YHZ1,1,1,Cycle,,18.41,OPS-282
2026-07-31,B000258,YVR2,272,272,Cycle,,7.11,OPS-432
2026-07-31,B000282,YYZ4,133,133,Cycle,,55.18,OPS-166
2026-07-31,B000319,YHZ1,39,39,Cycle,,45.53,OPS-305
2026-07-31,B000330,YYZ4,568,568,Cycle,,34.27,OPS-291
2026-07-31,B000338,YUL5,10,10,Cycle,,3.88,OPS-333
2026-07-31,B000352,YYZ4,162,162,Cycle,,42.99,OPS-190
2026-07-31,B000388,YUL5,39,39,Cycle,,19.55,OPS-293
2026-07-31,B000394,YUL5,366,366,Cycle,,19.24,OPS-250
2026-07-31,B000414,YVR2,290,290,Cycle,,32.56,OPS-220
2026-08-01,B000000,YHZ1,14,14,Cycle,,5.35,OPS-281
2026-08-01,B000001,YYZ4,16,16,Cycle,,32.03,OPS-159
2026-08-01,B000043,YHZ1,21,21,Cycle,,81.24,OPS-240
2026-08-01,B000102,YHZ1,26,26,Cycle,,4.23,OPS-117
2026-08-01,B000126,YYC1,60,60,Cycle,,5.33,OPS-367
2026-08-01,B000352,YHZ1,22,19,Cycle,Put-away to wrong bin,42.99,OPS-279
2026-08-01,B000359,YUL5,49,49,Cycle,,69.57,OPS-450
2026-08-02,B000016,YEG3,54,54,Cycle,,22.7,OPS-253
2026-08-02,B000037,YYZ4,19,19,Cycle,,22.46,OPS-203
2026-08-02,B000074,YUL5,43,43,Full,,11.14,OPS-212
2026-08-02,B000105,YYZ4,72,72,Cycle,,32.78,OPS-310
2026-08-02,B000109,YWG2,16,16,Cycle,,27.2,OPS-238
2026-08-02,B000159,YVR2,342,342,Cycle,,5.08,OPS-175
2026-08-02,B000159,YVR2,398,398,Cycle,,5.08,OPS-214
2026-08-02,B000196,YYC1,1,1,Cycle,,7.3,OPS-209
2026-08-02,B000258,YEG3,213,213,Cycle,,7.11,OPS-409
2026-08-02,B000261,YYZ4,293,293,Cycle,,61.04,OPS-272
2026-08-02,B000273,YYZ4,47,47,Cycle,,23.72,OPS-399
2026-08-02,B000310,YHZ1,193,193,Exception,,2.96,OPS-403
2026-08-02,B000314,YUL5,362,362,Cycle,,39.46,OPS-439
2026-08-02,B000354,YYZ4,386,386,Cycle,,3.98,OPS-143
2026-08-02,B000404,YWG2,18,18,Cycle,,6.26,OPS-384
2026-08-03,B000116,YYC1,356,356,Cycle,,59.9,OPS-376
2026-08-03,B000137,YYZ4,21,21,Cycle,,104.11,OPS-152
2026-08-03,B000148,YYC1,82,82,Cycle,,21.53,OPS-152
2026-08-03,B000180,YUL5,185,185,Cycle,,87.04,OPS-380
2026-08-03,B000226,YUL5,48,48,Cycle,,18.36,OPS-194
2026-08-03,B000252,YYC1,24,24,Cycle,,52.05,OPS-399
2026-08-03,B000260,YVR2,15,15,Cycle,,27.53,OPS-199
2026-08-03,B000304,YYZ4,1613,1613,Cycle,,13.26,OPS-381
2026-08-03,B000340,YYC1,33,33,Cycle,,41.74,OPS-386
2026-08-03,B000340,YYZ4,56,56,Cycle,,41.74,OPS-386
2026-08-03,B000365,YUL5,58,58,Cycle,,4.97,OPS-429
2026-08-03,B000401,YYZ4,184,184,Cycle,,26.64,OPS-290
2026-08-03,B000408,YYZ4,192,192,Cycle,,43.76,OPS-433
2026-08-04,B000031,YYC1,213,213,Exception,,50.63,OPS-346
2026-08-04,B000040,YYZ4,367,367,Cycle,,78.85,OPS-139
2026-08-04,B000070,YHZ1,14,14,Cycle,,8.73,OPS-180
2026-08-04,B000074,YHZ1,22,22,Cycle,,11.14,OPS-100
2026-08-04,B000090,YEG3,291,291,Cycle,,30.31,OPS-350
2026-08-04,B000125,YYC1,45,45,Cycle,,8.87,OPS-362
2026-08-04,B000132,YWG2,9,9,Cycle,,36.4,OPS-314
2026-08-04,B000171,YYZ4,432,432,Cycle,,99.79,OPS-308
2026-08-04,B000242,YYZ4,223,223,Cycle,,7.44,OPS-454
2026-08-04,B000245,YVR2,258,257,Cycle,Mis-pick,2.38,OPS-191
2026-08-04,B000276,YUL5,108,108,Cycle,,23.17,OPS-382
2026-08-04,B000341,YYC1,88,88,Exception,,57.14,OPS-296
2026-08-04,B000372,YUL5,31,31,Cycle,,17.44,OPS-115
2026-08-05,B000005,YYC1,15,15,Cycle,,11.5,OPS-359
2026-08-05,B000023,YYZ4,21,21,Cycle,,55.53,OPS-106
2026-08-05,B000095,YEG3,78,78,Cycle,,4.5,OPS-368
2026-08-05,B000135,YVR2,310,310,Cycle,,13.09,OPS-290
2026-08-05,B000200,YHZ1,40,40,Cycle,,42.44,OPS-413
2026-08-05,B000238,YVR2,60,60,Cycle,,33.37,OPS-379
2026-08-05,B000241,YYC1,157,157,Cycle,,43.91,OPS-455
2026-08-05,B000266,YYZ4,27,27,Cycle,,77.37,OPS-225
2026-08-05,B000293,YHZ1,59,59,Cycle,,14.75,OPS-402
2026-08-05,B000306,YEG3,127,127,Cycle,,64.71,OPS-161
2026-08-05,B000353,YVR2,156,156,Cycle,,13.18,OPS-319
2026-08-05,B000412,YYZ4,371,371,Cycle,,5.35,OPS-250
2026-08-06,B000005,YYZ4,36,36,Cycle,,11.5,OPS-208
2026-08-06,B000009,YYZ4,607,607,Exception,,15.41,OPS-225
2026-08-06,B000059,YHZ1,39,39,Exception,,55.06,OPS-252
2026-08-06,B000061,YUL5,72,72,Cycle,,9.8,OPS-374
2026-08-06,B000063,YEG3,17,17,Cycle,,20.49,OPS-184
2026-08-06,B000082,YHZ1,202,202,Cycle,,43.59,OPS-435
2026-08-06,B000117,YEG3,37,37,Cycle,,10.32,OPS-190
2026-08-06,B000143,YUL5,91,91,Cycle,,6.49,OPS-418
2026-08-06,B000145,YHZ1,24,24,Cycle,,13.18,OPS-185
2026-08-06,B000167,YEG3,172,172,Cycle,,7.6,OPS-184
2026-08-06,B000184,YYZ4,1372,1372,Exception,,18.21,OPS-280
2026-08-06,B000261,YHZ1,386,386,Cycle,,61.04,OPS-456
2026-08-06,B000265,YUL5,26,26,Cycle,,5.9,OPS-271
2026-08-06,B000290,YWG2,15,15,Cycle,,2.29,OPS-381
2026-08-06,B000303,YVR2,20,20,Cycle,,9.43,OPS-398
2026-08-06,B000313,YWG2,127,127,Cycle,,19.4,OPS-388
2026-08-06,B000358,YUL5,69,69,Cycle,,85.05,OPS-201
2026-08-06,B000385,YYZ4,134,134,Cycle,,19.7,OPS-220
2026-08-06,B000409,YHZ1,41,35,Cycle,System timing,15.72,OPS-316
2026-08-07,B000006,YUL5,91,91,Cycle,,10.47,OPS-338
2026-08-07,B000059,YYZ4,113,113,Cycle,,55.06,OPS-274
2026-08-07,B000070,YHZ1,19,19,Cycle,,8.73,OPS-404
2026-08-07,B000102,YUL5,45,39,Cycle,Put-away to wrong bin,4.23,OPS-454
2026-08-07,B000131,YVR2,36,36,Cycle,,72.17,OPS-452
2026-08-07,B000153,YUL5,360,360,Cycle,,9.61,OPS-130
2026-08-07,B000173,YYC1,33,33,Cycle,,20.12,OPS-107
2026-08-07,B000176,YYZ4,31,31,Cycle,,23.18,OPS-303
2026-08-07,B000212,YYZ4,533,533,Cycle,,38.08,OPS-358
2026-08-07,B000241,YWG2,196,196,Cycle,,43.91,OPS-446
2026-08-07,B000256,YHZ1,11,11,Cycle,,17.41,OPS-142
2026-08-07,B000274,YUL5,181,181,Cycle,,20.72,OPS-216
2026-08-07,B000316,YYC1,49,49,Cycle,,11.05,OPS-354
2026-08-07,B000413,YWG2,1,1,Cycle,,27.73,OPS-338
2026-08-08,B000051,YUL5,34,33,Exception,Damage not recorded,17.69,OPS-187
2026-08-08,B000129,YYC1,1475,1475,Cycle,,47.77,OPS-421
2026-08-08,B000151,YYC1,55,55,Cycle,,10.75,OPS-395
2026-08-08,B000151,YYC1,128,128,Full,,10.75,OPS-392
2026-08-08,B000174,YVR2,32,32,Cycle,,29.82,OPS-164
2026-08-08,B000201,YVR2,125,125,Cycle,,40.84,OPS-205
2026-08-08,B000209,YYZ4,136,136,Exception,,40.77,OPS-102
2026-08-08,B000217,YHZ1,4,4,Cycle,,37.59,OPS-378
2026-08-08,B000273,YHZ1,11,11,Cycle,,23.72,OPS-331
2026-08-08,B000351,YEG3,40,40,Cycle,,7.71,OPS-251
2026-08-08,B000406,YHZ1,25,25,Cycle,,12.22,OPS-321
2026-08-09,B000020,YYZ4,205,205,Cycle,,26.71,OPS-393
2026-08-09,B000048,YYZ4,228,228,Full,,31.84,OPS-149
2026-08-09,B000101,YUL5,32,32,Cycle,,32.63,OPS-433
2026-08-09,B000122,YEG3,230,230,Cycle,,13.42,OPS-350
2026-08-09,B000133,YVR2,3,3,Cycle,,15.18,OPS-309
2026-08-09,B000185,YHZ1,94,94,Exception,,23.78,OPS-166
2026-08-09,B000186,YEG3,12,12,Cycle,,7.27,OPS-406
2026-08-09,B000189,YWG2,15,15,Cycle,,11.62,OPS-409
2026-08-09,B000235,YVR2,35,35,Cycle,,59.11,OPS-129
2026-08-09,B000258,YYZ4,1527,1527,Cycle,,7.11,OPS-240
2026-08-09,B000352,YHZ1,19,19,Exception,,42.99,OPS-341
2026-08-09,B000372,YYZ4,97,97,Cycle,,17.44,OPS-185
2026-08-09,B000419,YUL5,40,40,Cycle,,34.2,OPS-133
2026-08-10,B000016,YEG3,45,45,Cycle,,22.7,OPS-245
2026-08-10,B000103,YEG3,334,334,Exception,,12.96,OPS-218
2026-08-10,B000134,YUL5,896,896,Cycle,,17.14,OPS-161
2026-08-10,B000193,YVR2,189,189,Cycle,,39.69,OPS-455
2026-08-10,B000213,YUL5,3,3,Cycle,,46.02,OPS-360
2026-08-10,B000259,YVR2,61,61,Cycle,,17.17,OPS-276
2026-08-10,B000298,YVR2,343,343,Cycle,,39.04,OPS-239
2026-08-10,B000301,YYC1,194,198,Cycle,Put-away to wrong bin,37.32,OPS-332
2026-08-10,B000327,YVR2,9,9,Cycle,,45.86,OPS-370
2026-08-10,B000338,YHZ1,94,94,Cycle,,3.88,OPS-149
2026-08-10,B000378,YWG2,579,579,Cycle,,9.25,OPS-321
2026-08-10,B000407,YVR2,98,98,Cycle,,13.84,OPS-184
2026-08-10,B000419,YUL5,61,61,Exception,,34.2,OPS-343
2026-08-11,B000007,YWG2,246,246,Cycle,,5.45,OPS-233
2026-08-11,B000066,YUL5,655,655,Cycle,,24.86,OPS-347
2026-08-11,B000078,YYZ4,37,37,Cycle,,172.65,OPS-319
2026-08-11,B000092,YYC1,42,42,Cycle,,37.96,OPS-269
2026-08-11,B000097,YYC1,82,82,Cycle,,48.69,OPS-316
2026-08-11,B000105,YVR2,70,70,Cycle,,32.78,OPS-433
2026-08-11,B000120,YYZ4,37,37,Cycle,,22.08,OPS-207
2026-08-11,B000154,YUL5,23,23,Cycle,,6.27,OPS-390
2026-08-11,B000184,YUL5,379,364,Cycle,Mis-pick,18.21,OPS-338
2026-08-11,B000232,YYC1,20,20,Exception,,7.58,OPS-308
2026-08-11,B000233,YEG3,45,45,Cycle,,30.93,OPS-130
2026-08-11,B000244,YYC1,157,157,Exception,,31.25,OPS-319
2026-08-11,B000397,YEG3,126,124,Cycle,Put-away to wrong bin,29.7,OPS-125
2026-08-11,B000399,YVR2,5,5,Cycle,,19.26,OPS-410
2026-08-11,B000399,YVR2,5,5,Cycle,,19.26,OPS-278
2026-08-12,B000005,YVR2,10,10,Cycle,,11.5,OPS-457
2026-08-12,B000024,YHZ1,39,43,Full,Receiving error,24.8,OPS-220
2026-08-12,B000029,YYZ4,43,43,Cycle,,12.43,OPS-264
2026-08-12,B000047,YWG2,63,63,Exception,,63.07,OPS-149
2026-08-12,B000122,YVR2,345,345,Cycle,,13.42,OPS-299
2026-08-12,B000134,YYZ4,140,140,Cycle,,17.14,OPS-336
2026-08-12,B000155,YYZ4,59,59,Full,,16.62,OPS-246
2026-08-12,B000155,YYZ4,33,33,Cycle,,16.62,OPS-193
2026-08-12,B000178,YYZ4,900,900,Cycle,,27.42,OPS-385
2026-08-12,B000213,YYZ4,19,19,Cycle,,46.02,OPS-243
2026-08-12,B000303,YYZ4,258,258,Cycle,,9.43,OPS-110
2026-08-12,B000326,YVR2,184,184,Cycle,,9.48,OPS-106
2026-08-12,B000337,YUL5,16,16,Exception,,10.03,OPS-215
2026-08-12,B000357,YYC1,558,558,Cycle,,2.48,OPS-459
2026-08-12,B000373,YHZ1,76,76,Cycle,,146.03,OPS-454
2026-08-12,B000393,YWG2,9,9,Full,,36.15,OPS-265
2026-08-13,B000079,YWG2,11,11,Cycle,,12.85,OPS-247
2026-08-13,B000159,YYZ4,407,407,Cycle,,5.08,OPS-357
2026-08-13,B000169,YUL5,142,142,Cycle,,31.28,OPS-204
2026-08-13,B000217,YYZ4,12,12,Cycle,,37.59,OPS-283
2026-08-13,B000223,YUL5,380,380,Cycle,,48.99,OPS-427
2026-08-13,B000241,YEG3,86,86,Cycle,,43.91,OPS-229
2026-08-13,B000244,YEG3,40,40,Cycle,,31.25,OPS-392
2026-08-13,B000244,YYC1,97,97,Cycle,,31.25,OPS-449
2026-08-13,B000251,YVR2,15,15,Cycle,,12.22,OPS-426
2026-08-13,B000292,YYZ4,126,126,Cycle,,32.23,OPS-433
2026-08-13,B000304,YWG2,46,46,Cycle,,13.26,OPS-185
2026-08-13,B000306,YEG3,138,138,Cycle,,64.71,OPS-249
2026-08-13,B000306,YHZ1,121,121,Cycle,,64.71,OPS-414
2026-08-13,B000357,YYZ4,529,529,Cycle,,2.48,OPS-266
2026-08-13,B000365,YVR2,10,10,Cycle,,4.97,OPS-144
2026-08-13,B000414,YUL5,70,70,Cycle,,32.56,OPS-236
2026-08-14,B000017,YHZ1,363,363,Cycle,,37.04,OPS-243
2026-08-14,B000084,YEG3,196,196,Cycle,,10.08,OPS-207
2026-08-14,B000088,YUL5,58,58,Cycle,,22.27,OPS-378
2026-08-14,B000115,YUL5,373,373,Cycle,,32.44,OPS-459
2026-08-14,B000132,YYZ4,340,340,Cycle,,36.4,OPS-372
2026-08-14,B000154,YWG2,223,223,Exception,,6.27,OPS-141
2026-08-14,B000158,YUL5,10,10,Cycle,,23.4,OPS-188
2026-08-14,B000174,YWG2,150,150,Cycle,,29.82,OPS-429
2026-08-14,B000181,YYZ4,486,486,Cycle,,54.45,OPS-245
2026-08-14,B000193,YYC1,69,69,Cycle,,39.69,OPS-125
2026-08-14,B000199,YWG2,38,38,Cycle,,17.21,OPS-167
2026-08-14,B000215,YYC1,405,405,Cycle,,17.08,OPS-458
2026-08-14,B000253,YYZ4,340,340,Cycle,,5.33,OPS-267
2026-08-14,B000267,YYC1,253,253,Cycle,,35.69,OPS-351
2026-08-14,B000280,YHZ1,214,214,Cycle,,18.32,OPS-142
2026-08-14,B000393,YYC1,69,69,Exception,,36.15,OPS-138
2026-08-15,B000061,YUL5,68,68,Exception,,9.8,OPS-395
2026-08-15,B000072,YEG3,15,15,Cycle,,16.47,OPS-269
2026-08-15,B000095,YYZ4,248,248,Cycle,,4.5,OPS-176
2026-08-15,B000130,YVR2,67,67,Cycle,,4.08,OPS-390
2026-08-15,B000149,YYZ4,33,33,Cycle,,23.03,OPS-339
2026-08-15,B000170,YYZ4,22,22,Cycle,,6.35,OPS-139
2026-08-15,B000177,YUL5,174,174,Cycle,,2.41,OPS-287
2026-08-15,B000209,YYC1,48,48,Cycle,,40.77,OPS-221
2026-08-15,B000213,YYZ4,23,23,Cycle,,46.02,OPS-382
2026-08-15,B000218,YYC1,22,22,Cycle,,3.34,OPS-194
2026-08-15,B000238,YUL5,163,163,Cycle,,33.37,OPS-294
2026-08-15,B000241,YVR2,1813,1813,Full,,43.91,OPS-455
2026-08-15,B000263,YYZ4,441,441,Exception,,50.34,OPS-278
2026-08-15,B000266,YUL5,38,38,Exception,,77.37,OPS-310
2026-08-15,B000284,YYZ4,193,193,Cycle,,19.61,OPS-441
2026-08-15,B000322,YWG2,46,46,Cycle,,12.01,OPS-221
2026-08-15,B000332,YYC1,88,88,Cycle,,37.15,OPS-401
2026-08-15,B000339,YVR2,75,75,Cycle,,17.86,OPS-113
2026-08-15,B000403,YUL5,446,446,Cycle,,32.5,OPS-290
2026-08-16,B000028,YYZ4,26,26,Cycle,,33.32,OPS-168
2026-08-16,B000064,YYZ4,176,176,Cycle,,40.08,OPS-457
2026-08-16,B000101,YUL5,54,54,Cycle,,32.63,OPS-164
2026-08-16,B000101,YUL5,55,55,Cycle,,32.63,OPS-455
2026-08-16,B000106,YYC1,24,24,Full,,11.64,OPS-254
2026-08-16,B000122,YVR2,245,245,Cycle,,13.42,OPS-395
2026-08-16,B000180,YYC1,56,56,Cycle,,87.04,OPS-261
2026-08-16,B000181,YYZ4,490,490,Cycle,,54.45,OPS-159
2026-08-16,B000198,YYZ4,15,15,Cycle,,27.58,OPS-380
2026-08-16,B000202,YYC1,2363,2363,Cycle,,26.75,OPS-380
2026-08-16,B000248,YUL5,46,46,Cycle,,20.2,OPS-312
2026-08-16,B000263,YHZ1,22,22,Cycle,,50.34,OPS-152
2026-08-16,B000349,YVR2,230,230,Cycle,,53.59,OPS-401
2026-08-16,B000358,YYZ4,156,156,Cycle,,85.05,OPS-221
2026-08-16,B000388,YEG3,138,138,Cycle,,19.55,OPS-134
2026-08-16,B000394,YYC1,1386,1386,Cycle,,19.24,OPS-261
2026-08-17,B000086,YUL5,27,27,Cycle,,8.8,OPS-411
2026-08-17,B000104,YVR2,8,8,Cycle,,16.04,OPS-439
2026-08-17,B000106,YEG3,9,9,Cycle,,11.64,OPS-308
2026-08-17,B000169,YEG3,38,38,Cycle,,31.28,OPS-332
2026-08-17,B000184,YYZ4,1327,1327,Cycle,,18.21,OPS-371
2026-08-17,B000188,YYZ4,46,46,Cycle,,8.95,OPS-351
2026-08-17,B000211,YYZ4,383,383,Cycle,,42.79,OPS-339
2026-08-17,B000232,YYZ4,74,74,Exception,,7.58,OPS-209
2026-08-17,B000338,YHZ1,107,107,Cycle,,3.88,OPS-237
2026-08-17,B000339,YYC1,47,47,Cycle,,17.86,OPS-357
2026-08-17,B000342,YUL5,4,4,Cycle,,3.2,OPS-114
2026-08-17,B000389,YUL5,79,79,Exception,,28.39,OPS-441
2026-08-17,B000393,YHZ1,13,13,Cycle,,36.15,OPS-407
2026-08-17,B000403,YWG2,192,192,Cycle,,32.5,OPS-351
2026-08-18,B000030,YUL5,128,128,Cycle,,26.33,OPS-357
2026-08-18,B000031,YVR2,765,765,Cycle,,50.63,OPS-194
2026-08-18,B000070,YYZ4,368,368,Cycle,,8.73,OPS-226
2026-08-18,B000098,YYZ4,226,226,Cycle,,13.55,OPS-375
2026-08-18,B000108,YEG3,311,311,Cycle,,27.52,OPS-380
2026-08-18,B000114,YUL5,38,38,Cycle,,74.15,OPS-407
2026-08-18,B000153,YHZ1,140,140,Cycle,,9.61,OPS-359
2026-08-18,B000156,YYC1,237,237,Cycle,,14.32,OPS-238
2026-08-18,B000212,YVR2,261,261,Cycle,,38.08,OPS-308
2026-08-18,B000218,YUL5,31,31,Cycle,,3.34,OPS-223
2026-08-18,B000259,YWG2,260,260,Cycle,,17.17,OPS-310
2026-08-18,B000291,YUL5,17,17,Cycle,,17.87,OPS-206
2026-08-18,B000324,YYC1,12,12,Cycle,,50.1,OPS-430
2026-08-18,B000333,YUL5,273,273,Cycle,,53.66,OPS-107
2026-08-18,B000370,YHZ1,44,44,Cycle,,28.99,OPS-441
2026-08-18,B000376,YEG3,250,250,Cycle,,94.61,OPS-237
2026-08-18,B000394,YEG3,9,9,Exception,,19.24,OPS-126
2026-08-18,B000394,YWG2,87,87,Cycle,,19.24,OPS-210
2026-08-18,B000408,YYC1,19,19,Cycle,,43.76,OPS-458
2026-08-19,B000010,YEG3,1142,1142,Cycle,,22.5,OPS-115
2026-08-19,B000052,YYZ4,197,197,Cycle,,3.12,OPS-127
2026-08-19,B000106,YYC1,22,22,Cycle,,11.64,OPS-150
2026-08-19,B000117,YEG3,44,43,Cycle,Put-away to wrong bin,10.32,OPS-216
2026-08-19,B000122,YUL5,566,566,Cycle,,13.42,OPS-175
2026-08-19,B000124,YYC1,7,7,Cycle,,19.28,OPS-252
2026-08-19,B000125,YYZ4,124,124,Exception,,8.87,OPS-125
2026-08-19,B000165,YEG3,735,735,Cycle,,35.18,OPS-128
2026-08-19,B000177,YYC1,1,1,Cycle,,2.41,OPS-140
2026-08-19,B000178,YHZ1,173,173,Cycle,,27.42,OPS-214
2026-08-19,B000193,YHZ1,47,47,Cycle,,39.69,OPS-118
2026-08-19,B000213,YUL5,3,3,Cycle,,46.02,OPS-118
2026-08-19,B000365,YYZ4,31,31,Cycle,,4.97,OPS-388
2026-08-19,B000404,YYC1,93,93,Cycle,,6.26,OPS-161
2026-08-20,B000016,YYC1,267,267,Cycle,,22.7,OPS-271
2026-08-20,B000033,YYZ4,17,17,Cycle,,25.32,OPS-349
2026-08-20,B000062,YYC1,3,3,Exception,,13.09,OPS-190
2026-08-20,B000150,YYZ4,152,152,Cycle,,2.47,OPS-348
2026-08-20,B000153,YVR2,158,158,Cycle,,9.61,OPS-432
2026-08-20,B000167,YYZ4,41,41,Cycle,,7.6,OPS-435
2026-08-20,B000189,YWG2,10,10,Cycle,,11.62,OPS-232
2026-08-20,B000215,YVR2,81,81,Exception,,17.08,OPS-286
2026-08-20,B000220,YVR2,207,207,Cycle,,19.35,OPS-415
2026-08-20,B000238,YVR2,63,63,Cycle,,33.37,OPS-135
2026-08-20,B000283,YWG2,67,67,Cycle,,5.71,OPS-224
2026-08-20,B000309,YHZ1,87,87,Full,,6.6,OPS-387
2026-08-20,B000361,YYZ4,67,67,Cycle,,25.9,OPS-381
2026-08-20,B000374,YYC1,12,12,Cycle,,10.68,OPS-182
2026-08-20,B000383,YYC1,210,210,Cycle,,12.08,OPS-379
2026-08-21,B000006,YYZ4,99,99,Cycle,,10.47,OPS-451
2026-08-21,B000053,YYZ4,144,144,Cycle,,15.69,OPS-163
2026-08-21,B000104,YEG3,144,144,Cycle,,16.04,OPS-430
2026-08-21,B000162,YWG2,96,96,Cycle,,11.86,OPS-221
2026-08-21,B000186,YEG3,12,12,Cycle,,7.27,OPS-230
2026-08-21,B000204,YYZ4,136,136,Exception,,25.35,OPS-202
2026-08-21,B000258,YWG2,70,69,Full,Receiving error,7.11,OPS-297
2026-08-21,B000274,YEG3,44,44,Cycle,,20.72,OPS-379
2026-08-21,B000283,YYZ4,282,282,Cycle,,5.71,OPS-335
2026-08-21,B000404,YYC1,76,76,Exception,,6.26,OPS-359
2026-08-22,B000069,YYC1,264,264,Cycle,,11.1,OPS-332
2026-08-22,B000109,YYC1,24,24,Exception,,27.2,OPS-263
2026-08-22,B000110,YVR2,108,108,Cycle,,27.06,OPS-119
2026-08-22,B000138,YUL5,4,4,Cycle,,25.11,OPS-214
2026-08-22,B000153,YYZ4,141,141,Cycle,,9.61,OPS-459
2026-08-22,B000211,YYC1,56,56,Cycle,,42.79,OPS-290
2026-08-22,B000215,YWG2,50,50,Cycle,,17.08,OPS-438
2026-08-22,B000231,YYZ4,219,219,Exception,,17.01,OPS-403
2026-08-22,B000241,YUL5,1749,1749,Cycle,,43.91,OPS-336
2026-08-22,B000252,YYZ4,91,91,Cycle,,52.05,OPS-371
2026-08-22,B000257,YVR2,1134,1134,Exception,,12.7,OPS-127
2026-08-22,B000298,YHZ1,110,110,Full,,39.04,OPS-189
2026-08-22,B000300,YYZ4,66,66,Cycle,,30.93,OPS-165
2026-08-22,B000324,YYZ4,77,77,Cycle,,50.1,OPS-260
2026-08-22,B000375,YVR2,58,58,Cycle,,81.72,OPS-342
2026-08-22,B000383,YVR2,53,53,Cycle,,12.08,OPS-312
2026-08-22,B000394,YEG3,6,6,Exception,,19.24,OPS-115
2026-08-23,B000005,YYC1,14,14,Cycle,,11.5,OPS-422
2026-08-23,B000015,YWG2,19,19,Cycle,,3.74,OPS-453
2026-08-23,B000028,YYZ4,22,22,Exception,,33.32,OPS-375
2026-08-23,B000034,YUL5,449,449,Cycle,,72.97,OPS-187
2026-08-23,B000070,YVR2,924,924,Cycle,,8.73,OPS-190
2026-08-23,B000147,YEG3,6,6,Exception,,34.39,OPS-189
2026-08-23,B000149,YEG3,40,40,Cycle,,23.03,OPS-266
2026-08-23,B000205,YYC1,40,40,Cycle,,6.57,OPS-169
2026-08-23,B000233,YWG2,36,36,Cycle,,30.93,OPS-181
2026-08-23,B000257,YWG2,248,248,Exception,,12.7,OPS-338
2026-08-23,B000259,YYZ4,528,528,Cycle,,17.17,OPS-125
2026-08-23,B000284,YVR2,86,86,Cycle,,19.61,OPS-283
2026-08-23,B000284,YVR2,151,151,Cycle,,19.61,OPS-302
2026-08-23,B000301,YYZ4,201,201,Cycle,,37.32,OPS-125
2026-08-23,B000312,YYZ4,21,21,Cycle,,11.5,OPS-193
2026-08-23,B000352,YHZ1,23,23,Cycle,,42.99,OPS-443
2026-08-23,B000358,YYZ4,105,105,Cycle,,85.05,OPS-136
2026-08-23,B000363,YHZ1,7,7,Cycle,,18.43,OPS-244
2026-08-23,B000389,YYZ4,83,83,Cycle,,28.39,OPS-181
2026-08-23,B000400,YYC1,18,18,Cycle,,7.68,OPS-414
2026-08-24,B000020,YYZ4,171,171,Cycle,,26.71,OPS-137
2026-08-24,B000069,YYC1,171,171,Cycle,,11.1,OPS-285
2026-08-24,B000075,YWG2,88,88,Exception,,56.39,OPS-257
2026-08-24,B000084,YYZ4,752,752,Cycle,,10.08,OPS-365
2026-08-24,B000085,YYC1,154,154,Exception,,85.16,OPS-178
2026-08-24,B000107,YUL5,439,439,Cycle,,6.42,OPS-379
2026-08-24,B000148,YYZ4,937,937,Exception,,21.53,OPS-330
2026-08-24,B000206,YWG2,27,27,Cycle,,15.92,OPS-409
2026-08-24,B000215,YEG3,102,102,Cycle,,17.08,OPS-105
2026-08-24,B000243,YWG2,11,11,Cycle,,45.01,OPS-355
2026-08-24,B000252,YYC1,31,31,Cycle,,52.05,OPS-353
2026-08-24,B000258,YYC1,100,100,Cycle,,7.11,OPS-183
2026-08-24,B000380,YYZ4,92,92,Cycle,,31.53,OPS-359
2026-08-25,B000024,YYC1,60,60,Cycle,,24.8,OPS-161
2026-08-25,B000064,YVR2,66,66,Cycle,,40.08,OPS-305
2026-08-25,B000067,YEG3,218,218,Cycle,,26.62,OPS-217
2026-08-25,B000084,YVR2,646,588,Cycle,Put-away to wrong bin,10.08,OPS-198
2026-08-25,B000085,YYC1,108,108,Full,,85.16,OPS-360
2026-08-25,B000101,YUL5,45,45,Cycle,,32.63,OPS-275
2026-08-25,B000112,YVR2,28,28,Cycle,,43.81,OPS-439
2026-08-25,B000168,YVR2,69,69,Cycle,,8.87,OPS-255
2026-08-25,B000233,YWG2,16,16,Full,,30.93,OPS-325
2026-08-25,B000236,YWG2,110,110,Cycle,,6.13,OPS-374
2026-08-25,B000302,YWG2,2,2,Cycle,,37.95,OPS-122
2026-08-25,B000318,YYC1,58,58,Cycle,,27.75,OPS-391
2026-08-25,B000355,YYZ4,83,83,Cycle,,14.03,OPS-214
2026-08-25,B000361,YYZ4,92,92,Cycle,,25.9,OPS-193
2026-08-25,B000381,YVR2,223,223,Cycle,,8.46,OPS-283
2026-08-25,B000406,YYC1,52,52,Cycle,,12.22,OPS-175
2026-08-25,B000414,YUL5,116,116,Cycle,,32.56,OPS-218
2026-08-26,B000039,YYZ4,10,10,Cycle,,19.83,OPS-275
2026-08-26,B000044,YYZ4,568,568,Cycle,,49.42,OPS-448
2026-08-26,B000204,YYC1,54,54,Exception,,25.35,OPS-254
2026-08-26,B000213,YYC1,43,43,Cycle,,46.02,OPS-174
2026-08-26,B000234,YYC1,16,16,Cycle,,68.84,OPS-315
2026-08-26,B000259,YHZ1,89,89,Cycle,,17.17,OPS-444
2026-08-26,B000261,YYZ4,215,215,Cycle,,61.04,OPS-291
2026-08-26,B000280,YEG3,75,75,Cycle,,18.32,OPS-393
2026-08-26,B000284,YVR2,148,148,Exception,,19.61,OPS-183
2026-08-26,B000290,YVR2,51,51,Cycle,,2.29,OPS-100
2026-08-26,B000351,YVR2,147,147,Cycle,,7.71,OPS-319
2026-08-26,B000353,YYZ4,59,59,Cycle,,13.18,OPS-368
2026-08-26,B000378,YWG2,981,981,Cycle,,9.25,OPS-126
2026-08-26,B000390,YHZ1,12,12,Cycle,,10.78,OPS-175
2026-08-26,B000402,YYZ4,84,84,Cycle,,12.23,OPS-282
2026-08-27,B000009,YYC1,16,16,Exception,,15.41,OPS-140
2026-08-27,B000052,YYZ4,133,133,Cycle,,3.12,OPS-354
2026-08-27,B000107,YHZ1,665,665,Exception,,6.42,OPS-288
2026-08-27,B000151,YYC1,96,96,Cycle,,10.75,OPS-377
2026-08-27,B000153,YUL5,295,295,Cycle,,9.61,OPS-169
2026-08-27,B000163,YEG3,69,69,Cycle,,17.6,OPS-439
2026-08-27,B000172,YUL5,11,11,Cycle,,5.51,OPS-419
2026-08-27,B000190,YEG3,608,608,Cycle,,24.81,OPS-415
2026-08-27,B000209,YYC1,44,44,Exception,,40.77,OPS-238
2026-08-27,B000242,YHZ1,217,217,Exception,,7.44,OPS-343
2026-08-27,B000286,YYC1,86,86,Cycle,,43.29,OPS-354
2026-08-27,B000342,YUL5,4,4,Cycle,,3.2,OPS-376
2026-08-27,B000351,YUL5,101,101,Cycle,,7.71,OPS-109
2026-08-27,B000394,YYZ4,483,483,Exception,,19.24,OPS-170
2026-08-28,B000016,YEG3,26,26,Cycle,,22.7,OPS-439
2026-08-28,B000021,YYZ4,204,204,Cycle,,16.28,OPS-161
2026-08-28,B000032,YWG2,165,165,Cycle,,10.45,OPS-214
2026-08-28,B000084,YVR2,618,618,Cycle,,10.08,OPS-149
2026-08-28,B000090,YWG2,84,84,Cycle,,30.31,OPS-350
2026-08-28,B000225,YYZ4,404,404,Cycle,,72.79,OPS-398
2026-08-28,B000237,YYZ4,75,75,Cycle,,34.69,OPS-146
2026-08-28,B000259,YYZ4,350,350,Cycle,,17.17,OPS-320
2026-08-28,B000284,YYZ4,238,238,Cycle,,19.61,OPS-312
2026-08-28,B000313,YWG2,262,262,Full,,19.4,OPS-174
2026-08-28,B000365,YUL5,62,62,Cycle,,4.97,OPS-376
2026-08-28,B000382,YWG2,67,67,Cycle,,9.75,OPS-336
2026-08-28,B000393,YWG2,10,10,Cycle,,36.15,OPS-279
2026-08-28,B000400,YYZ4,14,14,Cycle,,7.68,OPS-215
2026-08-28,B000419,YYZ4,195,195,Cycle,,34.2,OPS-229
